[2026-08-17 05:35:11] local.ERROR: The C:\Users\Namara saleem\Documents\Codex\2026-08-16\jh\ztams\bootstrap\cache directory must be present and writable. {"exception":"[object] (Exception(code: 0): The C:\\Users\\Namara saleem\\Documents\\Codex\\2026-08-16\\jh\\ztams\\bootstrap\\cache directory must be present and writable. at C:/Users/Namara saleem/Documents/Codex/2026-08-16/jh/ztams/vendor/laravel/framework/src/Illuminate/Foundation/PackageManifest.php:179)
[stacktrace]
#0 C:/Users/Namara saleem/Documents/Codex/2026-08-16/jh/ztams/vendor/laravel/framework/src/Illuminate/Foundation/PackageManifest.php(132): Illuminate/Foundation/PackageManifest->write(Array)
#1 C:/Users/Namara saleem/Documents/Codex/2026-08-16/jh/ztams/vendor/laravel/framework/src/Illuminate/Foundation/PackageManifest.php(108): Illuminate/Foundation/PackageManifest->build()
#2 C:/Users/Namara saleem/Documents/Codex/2026-08-16/jh/ztams/vendor/laravel/framework/src/Illuminate/Foundation/PackageManifest.php(91): Illuminate/Foundation/PackageManifest->getManifest()
#3 C:/Users/Namara saleem/Documents/Codex/2026-08-16/jh/ztams/vendor/laravel/framework/src/Illuminate/Foundation/PackageManifest.php(80): Illuminate/Foundation/PackageManifest->config('aliases')
#4 C:/Users/Namara saleem/Documents/Codex/2026-08-16/jh/ztams/vendor/laravel/framework/src/Illuminate/Foundation/Bootstrap/RegisterFacades.php(26): Illuminate/Foundation/PackageManifest->aliases()
#5 C:/Users/Namara saleem/Documents/Codex/2026-08-16/jh/ztams/vendor/laravel/framework/src/Illuminate/Foundation/Application.php(342): Illuminate/Foundation/Bootstrap/RegisterFacades->bootstrap(Object(Illuminate/Foundation/Application))
#6 C:/Users/Namara saleem/Documents/Codex/2026-08-16/jh/ztams/vendor/laravel/framework/src/Illuminate/Foundation/Console/Kernel.php(474): Illuminate/Foundation/Application->bootstrapWith(Array)
#7 C:/Users/Namara saleem/Documents/Codex/2026-08-16/jh/ztams/vendor/laravel/framework/src/Illuminate/Foundation/Console/Kernel.php(196): Illuminate/Foundation/Console/Kernel->bootstrap()
#8 C:/Users/Namara saleem/Documents/Codex/2026-08-16/jh/ztams/vendor/laravel/framework/src/Illuminate/Foundation/Application.php(1235): Illuminate/Foundation/Console/Kernel->handle(Object(Symfony/Component/Console/Input/ArgvInput), Object(Symfony/Component/Console/Output/ConsoleOutput))
#9 C:/Users/Namara saleem/Documents/Codex/2026-08-16/jh/ztams/artisan(6): Illuminate/Foundation/Application->handleCommand(Object(Symfony/Component/Console/Input/ArgvInput))
#10 {main}
"} 
[2026-08-17 05:35:46] local.ERROR: The C:\Users\Namara saleem\Documents\Codex\2026-08-16\jh\ztams\bootstrap\cache directory must be present and writable. {"exception":"[object] (Exception(code: 0): The C:\\Users\\Namara saleem\\Documents\\Codex\\2026-08-16\\jh\\ztams\\bootstrap\\cache directory must be present and writable. at C:/Users/Namara saleem/Documents/Codex/2026-08-16/jh/ztams/vendor/laravel/framework/src/Illuminate/Foundation/PackageManifest.php:179)
[stacktrace]
#0 C:/Users/Namara saleem/Documents/Codex/2026-08-16/jh/ztams/vendor/laravel/framework/src/Illuminate/Foundation/PackageManifest.php(132): Illuminate/Foundation/PackageManifest->write(Array)
#1 C:/Users/Namara saleem/Documents/Codex/2026-08-16/jh/ztams/vendor/laravel/framework/src/Illuminate/Foundation/PackageManifest.php(108): Illuminate/Foundation/PackageManifest->build()
#2 C:/Users/Namara saleem/Documents/Codex/2026-08-16/jh/ztams/vendor/laravel/framework/src/Illuminate/Foundation/PackageManifest.php(91): Illuminate/Foundation/PackageManifest->getManifest()
#3 C:/Users/Namara saleem/Documents/Codex/2026-08-16/jh/ztams/vendor/laravel/framework/src/Illuminate/Foundation/PackageManifest.php(80): Illuminate/Foundation/PackageManifest->config('aliases')
#4 C:/Users/Namara saleem/Documents/Codex/2026-08-16/jh/ztams/vendor/laravel/framework/src/Illuminate/Foundation/Bootstrap/RegisterFacades.php(26): Illuminate/Foundation/PackageManifest->aliases()
#5 C:/Users/Namara saleem/Documents/Codex/2026-08-16/jh/ztams/vendor/laravel/framework/src/Illuminate/Foundation/Application.php(342): Illuminate/Foundation/Bootstrap/RegisterFacades->bootstrap(Object(Illuminate/Foundation/Application))
#6 C:/Users/Namara saleem/Documents/Codex/2026-08-16/jh/ztams/vendor/laravel/framework/src/Illuminate/Foundation/Console/Kernel.php(474): Illuminate/Foundation/Application->bootstrapWith(Array)
#7 C:/Users/Namara saleem/Documents/Codex/2026-08-16/jh/ztams/vendor/laravel/framework/src/Illuminate/Foundation/Console/Kernel.php(196): Illuminate/Foundation/Console/Kernel->bootstrap()
#8 C:/Users/Namara saleem/Documents/Codex/2026-08-16/jh/ztams/vendor/laravel/framework/src/Illuminate/Foundation/Application.php(1235): Illuminate/Foundation/Console/Kernel->handle(Object(Symfony/Component/Console/Input/ArgvInput), Object(Symfony/Component/Console/Output/ConsoleOutput))
#9 C:/Users/Namara saleem/Documents/Codex/2026-08-16/jh/ztams/artisan(6): Illuminate/Foundation/Application->handleCommand(Object(Symfony/Component/Console/Input/ArgvInput))
#10 {main}
"} 
[2026-08-17 05:35:56] local.ERROR: The C:\Users\Namara saleem\Documents\Codex\2026-08-16\jh\ztams\bootstrap\cache directory must be present and writable. {"exception":"[object] (Exception(code: 0): The C:\\Users\\Namara saleem\\Documents\\Codex\\2026-08-16\\jh\\ztams\\bootstrap\\cache directory must be present and writable. at C:/Users/Namara saleem/Documents/Codex/2026-08-16/jh/ztams/vendor/laravel/framework/src/Illuminate/Foundation/PackageManifest.php:179)
[stacktrace]
#0 C:/Users/Namara saleem/Documents/Codex/2026-08-16/jh/ztams/vendor/laravel/framework/src/Illuminate/Foundation/PackageManifest.php(132): Illuminate/Foundation/PackageManifest->write(Array)
#1 C:/Users/Namara saleem/Documents/Codex/2026-08-16/jh/ztams/vendor/laravel/framework/src/Illuminate/Foundation/PackageManifest.php(108): Illuminate/Foundation/PackageManifest->build()
#2 C:/Users/Namara saleem/Documents/Codex/2026-08-16/jh/ztams/vendor/laravel/framework/src/Illuminate/Foundation/PackageManifest.php(91): Illuminate/Foundation/PackageManifest->getManifest()
#3 C:/Users/Namara saleem/Documents/Codex/2026-08-16/jh/ztams/vendor/laravel/framework/src/Illuminate/Foundation/PackageManifest.php(80): Illuminate/Foundation/PackageManifest->config('aliases')
#4 C:/Users/Namara saleem/Documents/Codex/2026-08-16/jh/ztams/vendor/laravel/framework/src/Illuminate/Foundation/Bootstrap/RegisterFacades.php(26): Illuminate/Foundation/PackageManifest->aliases()
#5 C:/Users/Namara saleem/Documents/Codex/2026-08-16/jh/ztams/vendor/laravel/framework/src/Illuminate/Foundation/Application.php(342): Illuminate/Foundation/Bootstrap/RegisterFacades->bootstrap(Object(Illuminate/Foundation/Application))
#6 C:/Users/Namara saleem/Documents/Codex/2026-08-16/jh/ztams/vendor/laravel/framework/src/Illuminate/Foundation/Console/Kernel.php(474): Illuminate/Foundation/Application->bootstrapWith(Array)
#7 C:/Users/Namara saleem/Documents/Codex/2026-08-16/jh/ztams/vendor/laravel/framework/src/Illuminate/Foundation/Console/Kernel.php(196): Illuminate/Foundation/Console/Kernel->bootstrap()
#8 C:/Users/Namara saleem/Documents/Codex/2026-08-16/jh/ztams/vendor/laravel/framework/src/Illuminate/Foundation/Application.php(1235): Illuminate/Foundation/Console/Kernel->handle(Object(Symfony/Component/Console/Input/ArgvInput), Object(Symfony/Component/Console/Output/ConsoleOutput))
#9 C:/Users/Namara saleem/Documents/Codex/2026-08-16/jh/ztams/artisan(6): Illuminate/Foundation/Application->handleCommand(Object(Symfony/Component/Console/Input/ArgvInput))
#10 {main}
"} 
[2026-08-17 05:36:13] local.ERROR: The C:\Users\Namara saleem\Documents\Codex\2026-08-16\jh\ztams\bootstrap\cache directory must be present and writable. {"exception":"[object] (Exception(code: 0): The C:\\Users\\Namara saleem\\Documents\\Codex\\2026-08-16\\jh\\ztams\\bootstrap\\cache directory must be present and writable. at C:/Users/Namara saleem/Documents/Codex/2026-08-16/jh/ztams/vendor/laravel/framework/src/Illuminate/Foundation/PackageManifest.php:179)
[stacktrace]
#0 C:/Users/Namara saleem/Documents/Codex/2026-08-16/jh/ztams/vendor/laravel/framework/src/Illuminate/Foundation/PackageManifest.php(132): Illuminate/Foundation/PackageManifest->write(Array)
#1 C:/Users/Namara saleem/Documents/Codex/2026-08-16/jh/ztams/vendor/laravel/framework/src/Illuminate/Foundation/PackageManifest.php(108): Illuminate/Foundation/PackageManifest->build()
#2 C:/Users/Namara saleem/Documents/Codex/2026-08-16/jh/ztams/vendor/laravel/framework/src/Illuminate/Foundation/PackageManifest.php(91): Illuminate/Foundation/PackageManifest->getManifest()
#3 C:/Users/Namara saleem/Documents/Codex/2026-08-16/jh/ztams/vendor/laravel/framework/src/Illuminate/Foundation/PackageManifest.php(80): Illuminate/Foundation/PackageManifest->config('aliases')
#4 C:/Users/Namara saleem/Documents/Codex/2026-08-16/jh/ztams/vendor/laravel/framework/src/Illuminate/Foundation/Bootstrap/RegisterFacades.php(26): Illuminate/Foundation/PackageManifest->aliases()
#5 C:/Users/Namara saleem/Documents/Codex/2026-08-16/jh/ztams/vendor/laravel/framework/src/Illuminate/Foundation/Application.php(342): Illuminate/Foundation/Bootstrap/RegisterFacades->bootstrap(Object(Illuminate/Foundation/Application))
#6 C:/Users/Namara saleem/Documents/Codex/2026-08-16/jh/ztams/vendor/laravel/framework/src/Illuminate/Foundation/Console/Kernel.php(474): Illuminate/Foundation/Application->bootstrapWith(Array)
#7 C:/Users/Namara saleem/Documents/Codex/2026-08-16/jh/ztams/vendor/laravel/framework/src/Illuminate/Foundation/Console/Kernel.php(196): Illuminate/Foundation/Console/Kernel->bootstrap()
#8 C:/Users/Namara saleem/Documents/Codex/2026-08-16/jh/ztams/vendor/laravel/framework/src/Illuminate/Foundation/Application.php(1235): Illuminate/Foundation/Console/Kernel->handle(Object(Symfony/Component/Console/Input/ArgvInput), Object(Symfony/Component/Console/Output/ConsoleOutput))
#9 C:/Users/Namara saleem/Documents/Codex/2026-08-16/jh/ztams/artisan(6): Illuminate/Foundation/Application->handleCommand(Object(Symfony/Component/Console/Input/ArgvInput))
#10 {main}
"} 
[2026-08-17 05:36:13] local.ERROR: The C:\Users\Namara saleem\Documents\Codex\2026-08-16\jh\ztams\bootstrap\cache directory must be present and writable. {"exception":"[object] (Exception(code: 0): The C:\\Users\\Namara saleem\\Documents\\Codex\\2026-08-16\\jh\\ztams\\bootstrap\\cache directory must be present and writable. at C:/Users/Namara saleem/Documents/Codex/2026-08-16/jh/ztams/vendor/laravel/framework/src/Illuminate/Foundation/PackageManifest.php:179)
[stacktrace]
#0 C:/Users/Namara saleem/Documents/Codex/2026-08-16/jh/ztams/vendor/laravel/framework/src/Illuminate/Foundation/PackageManifest.php(132): Illuminate/Foundation/PackageManifest->write(Array)
#1 C:/Users/Namara saleem/Documents/Codex/2026-08-16/jh/ztams/vendor/laravel/framework/src/Illuminate/Foundation/PackageManifest.php(108): Illuminate/Foundation/PackageManifest->build()
#2 C:/Users/Namara saleem/Documents/Codex/2026-08-16/jh/ztams/vendor/laravel/framework/src/Illuminate/Foundation/PackageManifest.php(91): Illuminate/Foundation/PackageManifest->getManifest()
#3 C:/Users/Namara saleem/Documents/Codex/2026-08-16/jh/ztams/vendor/laravel/framework/src/Illuminate/Foundation/PackageManifest.php(80): Illuminate/Foundation/PackageManifest->config('aliases')
#4 C:/Users/Namara saleem/Documents/Codex/2026-08-16/jh/ztams/vendor/laravel/framework/src/Illuminate/Foundation/Bootstrap/RegisterFacades.php(26): Illuminate/Foundation/PackageManifest->aliases()
#5 C:/Users/Namara saleem/Documents/Codex/2026-08-16/jh/ztams/vendor/laravel/framework/src/Illuminate/Foundation/Application.php(342): Illuminate/Foundation/Bootstrap/RegisterFacades->bootstrap(Object(Illuminate/Foundation/Application))
#6 C:/Users/Namara saleem/Documents/Codex/2026-08-16/jh/ztams/vendor/laravel/framework/src/Illuminate/Foundation/Console/Kernel.php(474): Illuminate/Foundation/Application->bootstrapWith(Array)
#7 C:/Users/Namara saleem/Documents/Codex/2026-08-16/jh/ztams/vendor/laravel/framework/src/Illuminate/Foundation/Console/Kernel.php(196): Illuminate/Foundation/Console/Kernel->bootstrap()
#8 C:/Users/Namara saleem/Documents/Codex/2026-08-16/jh/ztams/vendor/laravel/framework/src/Illuminate/Foundation/Application.php(1235): Illuminate/Foundation/Console/Kernel->handle(Object(Symfony/Component/Console/Input/ArgvInput), Object(Symfony/Component/Console/Output/ConsoleOutput))
#9 C:/Users/Namara saleem/Documents/Codex/2026-08-16/jh/ztams/artisan(6): Illuminate/Foundation/Application->handleCommand(Object(Symfony/Component/Console/Input/ArgvInput))
#10 {main}
"} 
[2026-08-17 05:36:14] local.ERROR: The C:\Users\Namara saleem\Documents\Codex\2026-08-16\jh\ztams\bootstrap\cache directory must be present and writable. {"exception":"[object] (Exception(code: 0): The C:\\Users\\Namara saleem\\Documents\\Codex\\2026-08-16\\jh\\ztams\\bootstrap\\cache directory must be present and writable. at C:/Users/Namara saleem/Documents/Codex/2026-08-16/jh/ztams/vendor/laravel/framework/src/Illuminate/Foundation/PackageManifest.php:179)
[stacktrace]
#0 C:/Users/Namara saleem/Documents/Codex/2026-08-16/jh/ztams/vendor/laravel/framework/src/Illuminate/Foundation/PackageManifest.php(132): Illuminate/Foundation/PackageManifest->write(Array)
#1 C:/Users/Namara saleem/Documents/Codex/2026-08-16/jh/ztams/vendor/laravel/framework/src/Illuminate/Foundation/PackageManifest.php(108): Illuminate/Foundation/PackageManifest->build()
#2 C:/Users/Namara saleem/Documents/Codex/2026-08-16/jh/ztams/vendor/laravel/framework/src/Illuminate/Foundation/PackageManifest.php(91): Illuminate/Foundation/PackageManifest->getManifest()
#3 C:/Users/Namara saleem/Documents/Codex/2026-08-16/jh/ztams/vendor/laravel/framework/src/Illuminate/Foundation/PackageManifest.php(80): Illuminate/Foundation/PackageManifest->config('aliases')
#4 C:/Users/Namara saleem/Documents/Codex/2026-08-16/jh/ztams/vendor/laravel/framework/src/Illuminate/Foundation/Bootstrap/RegisterFacades.php(26): Illuminate/Foundation/PackageManifest->aliases()
#5 C:/Users/Namara saleem/Documents/Codex/2026-08-16/jh/ztams/vendor/laravel/framework/src/Illuminate/Foundation/Application.php(342): Illuminate/Foundation/Bootstrap/RegisterFacades->bootstrap(Object(Illuminate/Foundation/Application))
#6 C:/Users/Namara saleem/Documents/Codex/2026-08-16/jh/ztams/vendor/laravel/framework/src/Illuminate/Foundation/Console/Kernel.php(474): Illuminate/Foundation/Application->bootstrapWith(Array)
#7 C:/Users/Namara saleem/Documents/Codex/2026-08-16/jh/ztams/vendor/laravel/framework/src/Illuminate/Foundation/Console/Kernel.php(196): Illuminate/Foundation/Console/Kernel->bootstrap()
#8 C:/Users/Namara saleem/Documents/Codex/2026-08-16/jh/ztams/vendor/laravel/framework/src/Illuminate/Foundation/Application.php(1235): Illuminate/Foundation/Console/Kernel->handle(Object(Symfony/Component/Console/Input/ArgvInput), Object(Symfony/Component/Console/Output/ConsoleOutput))
#9 C:/Users/Namara saleem/Documents/Codex/2026-08-16/jh/ztams/artisan(6): Illuminate/Foundation/Application->handleCommand(Object(Symfony/Component/Console/Input/ArgvInput))
#10 {main}
"} 
[2026-08-17 05:36:54] local.ERROR: Target class [files] does not exist. {"exception":"[object] (Illuminate\\Contracts\\Container\\BindingResolutionException(code: 0): Target class [files] does not exist. at C:/Users/Namara saleem/Documents/Codex/2026-08-16/jh/ztams/vendor/laravel/framework/src/Illuminate/Container/Container.php:961)
[stacktrace]
#0 C:/Users/Namara saleem/Documents/Codex/2026-08-16/jh/ztams/vendor/laravel/framework/src/Illuminate/Container/Container.php(832): Illuminate/Container/Container->build('files')
#1 C:/Users/Namara saleem/Documents/Codex/2026-08-16/jh/ztams/vendor/laravel/framework/src/Illuminate/Foundation/Application.php(1078): Illuminate/Container/Container->resolve('files', Array, true)
#2 C:/Users/Namara saleem/Documents/Codex/2026-08-16/jh/ztams/vendor/laravel/framework/src/Illuminate/Container/Container.php(763): Illuminate/Foundation/Application->resolve('files', Array)
#3 C:/Users/Namara saleem/Documents/Codex/2026-08-16/jh/ztams/vendor/laravel/framework/src/Illuminate/Foundation/Application.php(1058): Illuminate/Container/Container->make('files', Array)
#4 C:/Users/Namara saleem/Documents/Codex/2026-08-16/jh/ztams/vendor/laravel/framework/src/Illuminate/Container/Container.php(1580): Illuminate/Foundation/Application->make('files')
#5 C:/Users/Namara saleem/Documents/Codex/2026-08-16/jh/ztams/vendor/laravel/framework/src/Illuminate/Foundation/Application.php(1345): Illuminate/Container/Container->offsetGet('files')
#6 C:/Users/Namara saleem/Documents/Codex/2026-08-16/jh/ztams/vendor/laravel/framework/src/Illuminate/Foundation/Support/Providers/EventServiceProvider.php(107): Illuminate/Foundation/Application->eventsAreCached()
#7 C:/Users/Namara saleem/Documents/Codex/2026-08-16/jh/ztams/vendor/laravel/framework/src/Illuminate/Foundation/Support/Providers/EventServiceProvider.php(58): Illuminate/Foundation/Support/Providers/EventServiceProvider->getEvents()
#8 C:/Users/Namara saleem/Documents/Codex/2026-08-16/jh/ztams/vendor/laravel/framework/src/Illuminate/Container/BoundMethod.php(36): Illuminate/Foundation/Support/Providers/EventServiceProvider->Illuminate/Foundation/Support/Providers/{closure}()
#9 C:/Users/Namara saleem/Documents/Codex/2026-08-16/jh/ztams/vendor/laravel/framework/src/Illuminate/Container/Util.php(43): Illuminate/Container/BoundMethod::Illuminate/Container/{closure}()
#10 C:/Users/Namara saleem/Documents/Codex/2026-08-16/jh/ztams/vendor/laravel/framework/src/Illuminate/Container/BoundMethod.php(83): Illuminate/Container/Util::unwrapIfClosure(Object(Closure))
#11 C:/Users/Namara saleem/Documents/Codex/2026-08-16/jh/ztams/vendor/laravel/framework/src/Illuminate/Container/BoundMethod.php(35): Illuminate/Container/BoundMethod::callBoundMethod(Object(Illuminate/Foundation/Application), Object(Closure), Object(Closure))
#12 C:/Users/Namara saleem/Documents/Codex/2026-08-16/jh/ztams/vendor/laravel/framework/src/Illuminate/Container/Container.php(696): Illuminate/Container/BoundMethod::call(Object(Illuminate/Foundation/Application), Object(Closure), Array, NULL)
#13 C:/Users/Namara saleem/Documents/Codex/2026-08-16/jh/ztams/vendor/laravel/framework/src/Illuminate/Support/ServiceProvider.php(128): Illuminate/Container/Container->call(Object(Closure))
#14 C:/Users/Namara saleem/Documents/Codex/2026-08-16/jh/ztams/vendor/laravel/framework/src/Illuminate/Foundation/Application.php(1148): Illuminate/Support/ServiceProvider->callBootingCallbacks()
#15 C:/Users/Namara saleem/Documents/Codex/2026-08-16/jh/ztams/vendor/laravel/framework/src/Illuminate/Foundation/Application.php(1132): Illuminate/Foundation/Application->bootProvider(Object(Illuminate/Foundation/Support/Providers/EventServiceProvider))
#16 [internal function]: Illuminate/Foundation/Application->Illuminate/Foundation/{closure}(Object(Illuminate/Foundation/Support/Providers/EventServiceProvider), 'Illuminate//Foun...')
#17 C:/Users/Namara saleem/Documents/Codex/2026-08-16/jh/ztams/vendor/laravel/framework/src/Illuminate/Foundation/Application.php(1131): array_walk(Array, Object(Closure))
#18 C:/Users/Namara saleem/Documents/Codex/2026-08-16/jh/ztams/vendor/laravel/framework/src/Illuminate/Foundation/Bootstrap/BootProviders.php(17): Illuminate/Foundation/Application->boot()
#19 C:/Users/Namara saleem/Documents/Codex/2026-08-16/jh/ztams/vendor/laravel/framework/src/Illuminate/Foundation/Application.php(342): Illuminate/Foundation/Bootstrap/BootProviders->bootstrap(Object(Illuminate/Foundation/Application))
#20 C:/Users/Namara saleem/Documents/Codex/2026-08-16/jh/ztams/vendor/laravel/framework/src/Illuminate/Foundation/Console/Kernel.php(474): Illuminate/Foundation/Application->bootstrapWith(Array)
#21 C:/Users/Namara saleem/Documents/Codex/2026-08-16/jh/ztams/vendor/laravel/framework/src/Illuminate/Foundation/Console/Kernel.php(196): Illuminate/Foundation/Console/Kernel->bootstrap()
#22 C:/Users/Namara saleem/Documents/Codex/2026-08-16/jh/ztams/vendor/laravel/framework/src/Illuminate/Foundation/Application.php(1235): Illuminate/Foundation/Console/Kernel->handle(Object(Symfony/Component/Console/Input/ArgvInput), Object(Symfony/Component/Console/Output/ConsoleOutput))
#23 C:/Users/Namara saleem/Documents/Codex/2026-08-16/jh/ztams/artisan(6): Illuminate/Foundation/Application->handleCommand(Object(Symfony/Component/Console/Input/ArgvInput))
#24 {main}

[previous exception] [object] (ReflectionException(code: -1): Class \"files\" does not exist at C:/Users/Namara saleem/Documents/Codex/2026-08-16/jh/ztams/vendor/laravel/framework/src/Illuminate/Container/Container.php:959)
[stacktrace]
#0 C:/Users/Namara saleem/Documents/Codex/2026-08-16/jh/ztams/vendor/laravel/framework/src/Illuminate/Container/Container.php(959): ReflectionClass->__construct('files')
#1 C:/Users/Namara saleem/Documents/Codex/2026-08-16/jh/ztams/vendor/laravel/framework/src/Illuminate/Container/Container.php(832): Illuminate/Container/Container->build('files')
#2 C:/Users/Namara saleem/Documents/Codex/2026-08-16/jh/ztams/vendor/laravel/framework/src/Illuminate/Foundation/Application.php(1078): Illuminate/Container/Container->resolve('files', Array, true)
#3 C:/Users/Namara saleem/Documents/Codex/2026-08-16/jh/ztams/vendor/laravel/framework/src/Illuminate/Container/Container.php(763): Illuminate/Foundation/Application->resolve('files', Array)
#4 C:/Users/Namara saleem/Documents/Codex/2026-08-16/jh/ztams/vendor/laravel/framework/src/Illuminate/Foundation/Application.php(1058): Illuminate/Container/Container->make('files', Array)
#5 C:/Users/Namara saleem/Documents/Codex/2026-08-16/jh/ztams/vendor/laravel/framework/src/Illuminate/Container/Container.php(1580): Illuminate/Foundation/Application->make('files')
#6 C:/Users/Namara saleem/Documents/Codex/2026-08-16/jh/ztams/vendor/laravel/framework/src/Illuminate/Foundation/Application.php(1345): Illuminate/Container/Container->offsetGet('files')
#7 C:/Users/Namara saleem/Documents/Codex/2026-08-16/jh/ztams/vendor/laravel/framework/src/Illuminate/Foundation/Support/Providers/EventServiceProvider.php(107): Illuminate/Foundation/Application->eventsAreCached()
#8 C:/Users/Namara saleem/Documents/Codex/2026-08-16/jh/ztams/vendor/laravel/framework/src/Illuminate/Foundation/Support/Providers/EventServiceProvider.php(58): Illuminate/Foundation/Support/Providers/EventServiceProvider->getEvents()
#9 C:/Users/Namara saleem/Documents/Codex/2026-08-16/jh/ztams/vendor/laravel/framework/src/Illuminate/Container/BoundMethod.php(36): Illuminate/Foundation/Support/Providers/EventServiceProvider->Illuminate/Foundation/Support/Providers/{closure}()
#10 C:/Users/Namara saleem/Documents/Codex/2026-08-16/jh/ztams/vendor/laravel/framework/src/Illuminate/Container/Util.php(43): Illuminate/Container/BoundMethod::Illuminate/Container/{closure}()
#11 C:/Users/Namara saleem/Documents/Codex/2026-08-16/jh/ztams/vendor/laravel/framework/src/Illuminate/Container/BoundMethod.php(83): Illuminate/Container/Util::unwrapIfClosure(Object(Closure))
#12 C:/Users/Namara saleem/Documents/Codex/2026-08-16/jh/ztams/vendor/laravel/framework/src/Illuminate/Container/BoundMethod.php(35): Illuminate/Container/BoundMethod::callBoundMethod(Object(Illuminate/Foundation/Application), Object(Closure), Object(Closure))
#13 C:/Users/Namara saleem/Documents/Codex/2026-08-16/jh/ztams/vendor/laravel/framework/src/Illuminate/Container/Container.php(696): Illuminate/Container/BoundMethod::call(Object(Illuminate/Foundation/Application), Object(Closure), Array, NULL)
#14 C:/Users/Namara saleem/Documents/Codex/2026-08-16/jh/ztams/vendor/laravel/framework/src/Illuminate/Support/ServiceProvider.php(128): Illuminate/Container/Container->call(Object(Closure))
#15 C:/Users/Namara saleem/Documents/Codex/2026-08-16/jh/ztams/vendor/laravel/framework/src/Illuminate/Foundation/Application.php(1148): Illuminate/Support/ServiceProvider->callBootingCallbacks()
#16 C:/Users/Namara saleem/Documents/Codex/2026-08-16/jh/ztams/vendor/laravel/framework/src/Illuminate/Foundation/Application.php(1132): Illuminate/Foundation/Application->bootProvider(Object(Illuminate/Foundation/Support/Providers/EventServiceProvider))
#17 [internal function]: Illuminate/Foundation/Application->Illuminate/Foundation/{closure}(Object(Illuminate/Foundation/Support/Providers/EventServiceProvider), 'Illuminate//Foun...')
#18 C:/Users/Namara saleem/Documents/Codex/2026-08-16/jh/ztams/vendor/laravel/framework/src/Illuminate/Foundation/Application.php(1131): array_walk(Array, Object(Closure))
#19 C:/Users/Namara saleem/Documents/Codex/2026-08-16/jh/ztams/vendor/laravel/framework/src/Illuminate/Foundation/Bootstrap/BootProviders.php(17): Illuminate/Foundation/Application->boot()
#20 C:/Users/Namara saleem/Documents/Codex/2026-08-16/jh/ztams/vendor/laravel/framework/src/Illuminate/Foundation/Application.php(342): Illuminate/Foundation/Bootstrap/BootProviders->bootstrap(Object(Illuminate/Foundation/Application))
#21 C:/Users/Namara saleem/Documents/Codex/2026-08-16/jh/ztams/vendor/laravel/framework/src/Illuminate/Foundation/Console/Kernel.php(474): Illuminate/Foundation/Application->bootstrapWith(Array)
#22 C:/Users/Namara saleem/Documents/Codex/2026-08-16/jh/ztams/vendor/laravel/framework/src/Illuminate/Foundation/Console/Kernel.php(196): Illuminate/Foundation/Console/Kernel->bootstrap()
#23 C:/Users/Namara saleem/Documents/Codex/2026-08-16/jh/ztams/vendor/laravel/framework/src/Illuminate/Foundation/Application.php(1235): Illuminate/Foundation/Console/Kernel->handle(Object(Symfony/Component/Console/Input/ArgvInput), Object(Symfony/Component/Console/Output/ConsoleOutput))
#24 C:/Users/Namara saleem/Documents/Codex/2026-08-16/jh/ztams/artisan(6): Illuminate/Foundation/Application->handleCommand(Object(Symfony/Component/Console/Input/ArgvInput))
#25 {main}
"} 
[2026-08-17 05:37:03] local.ERROR: Target class [files] does not exist. {"exception":"[object] (Illuminate\\Contracts\\Container\\BindingResolutionException(code: 0): Target class [files] does not exist. at C:/Users/Namara saleem/Documents/Codex/2026-08-16/jh/ztams/vendor/laravel/framework/src/Illuminate/Container/Container.php:961)
[stacktrace]
#0 C:/Users/Namara saleem/Documents/Codex/2026-08-16/jh/ztams/vendor/laravel/framework/src/Illuminate/Container/Container.php(832): Illuminate/Container/Container->build('files')
#1 C:/Users/Namara saleem/Documents/Codex/2026-08-16/jh/ztams/vendor/laravel/framework/src/Illuminate/Foundation/Application.php(1078): Illuminate/Container/Container->resolve('files', Array, true)
#2 C:/Users/Namara saleem/Documents/Codex/2026-08-16/jh/ztams/vendor/laravel/framework/src/Illuminate/Container/Container.php(763): Illuminate/Foundation/Application->resolve('files', Array)
#3 C:/Users/Namara saleem/Documents/Codex/2026-08-16/jh/ztams/vendor/laravel/framework/src/Illuminate/Foundation/Application.php(1058): Illuminate/Container/Container->make('files', Array)
#4 C:/Users/Namara saleem/Documents/Codex/2026-08-16/jh/ztams/vendor/laravel/framework/src/Illuminate/Container/Container.php(1580): Illuminate/Foundation/Application->make('files')
#5 C:/Users/Namara saleem/Documents/Codex/2026-08-16/jh/ztams/vendor/laravel/framework/src/Illuminate/Foundation/Application.php(1345): Illuminate/Container/Container->offsetGet('files')
#6 C:/Users/Namara saleem/Documents/Codex/2026-08-16/jh/ztams/vendor/laravel/framework/src/Illuminate/Foundation/Support/Providers/EventServiceProvider.php(107): Illuminate/Foundation/Application->eventsAreCached()
#7 C:/Users/Namara saleem/Documents/Codex/2026-08-16/jh/ztams/vendor/laravel/framework/src/Illuminate/Foundation/Support/Providers/EventServiceProvider.php(58): Illuminate/Foundation/Support/Providers/EventServiceProvider->getEvents()
#8 C:/Users/Namara saleem/Documents/Codex/2026-08-16/jh/ztams/vendor/laravel/framework/src/Illuminate/Container/BoundMethod.php(36): Illuminate/Foundation/Support/Providers/EventServiceProvider->Illuminate/Foundation/Support/Providers/{closure}()
#9 C:/Users/Namara saleem/Documents/Codex/2026-08-16/jh/ztams/vendor/laravel/framework/src/Illuminate/Container/Util.php(43): Illuminate/Container/BoundMethod::Illuminate/Container/{closure}()
#10 C:/Users/Namara saleem/Documents/Codex/2026-08-16/jh/ztams/vendor/laravel/framework/src/Illuminate/Container/BoundMethod.php(83): Illuminate/Container/Util::unwrapIfClosure(Object(Closure))
#11 C:/Users/Namara saleem/Documents/Codex/2026-08-16/jh/ztams/vendor/laravel/framework/src/Illuminate/Container/BoundMethod.php(35): Illuminate/Container/BoundMethod::callBoundMethod(Object(Illuminate/Foundation/Application), Object(Closure), Object(Closure))
#12 C:/Users/Namara saleem/Documents/Codex/2026-08-16/jh/ztams/vendor/laravel/framework/src/Illuminate/Container/Container.php(696): Illuminate/Container/BoundMethod::call(Object(Illuminate/Foundation/Application), Object(Closure), Array, NULL)
#13 C:/Users/Namara saleem/Documents/Codex/2026-08-16/jh/ztams/vendor/laravel/framework/src/Illuminate/Support/ServiceProvider.php(128): Illuminate/Container/Container->call(Object(Closure))
#14 C:/Users/Namara saleem/Documents/Codex/2026-08-16/jh/ztams/vendor/laravel/framework/src/Illuminate/Foundation/Application.php(1148): Illuminate/Support/ServiceProvider->callBootingCallbacks()
#15 C:/Users/Namara saleem/Documents/Codex/2026-08-16/jh/ztams/vendor/laravel/framework/src/Illuminate/Foundation/Application.php(1132): Illuminate/Foundation/Application->bootProvider(Object(Illuminate/Foundation/Support/Providers/EventServiceProvider))
#16 [internal function]: Illuminate/Foundation/Application->Illuminate/Foundation/{closure}(Object(Illuminate/Foundation/Support/Providers/EventServiceProvider), 'Illuminate//Foun...')
#17 C:/Users/Namara saleem/Documents/Codex/2026-08-16/jh/ztams/vendor/laravel/framework/src/Illuminate/Foundation/Application.php(1131): array_walk(Array, Object(Closure))
#18 C:/Users/Namara saleem/Documents/Codex/2026-08-16/jh/ztams/vendor/laravel/framework/src/Illuminate/Foundation/Bootstrap/BootProviders.php(17): Illuminate/Foundation/Application->boot()
#19 C:/Users/Namara saleem/Documents/Codex/2026-08-16/jh/ztams/vendor/laravel/framework/src/Illuminate/Foundation/Application.php(342): Illuminate/Foundation/Bootstrap/BootProviders->bootstrap(Object(Illuminate/Foundation/Application))
#20 C:/Users/Namara saleem/Documents/Codex/2026-08-16/jh/ztams/vendor/laravel/framework/src/Illuminate/Foundation/Console/Kernel.php(474): Illuminate/Foundation/Application->bootstrapWith(Array)
#21 C:/Users/Namara saleem/Documents/Codex/2026-08-16/jh/ztams/vendor/laravel/framework/src/Illuminate/Foundation/Console/Kernel.php(196): Illuminate/Foundation/Console/Kernel->bootstrap()
#22 C:/Users/Namara saleem/Documents/Codex/2026-08-16/jh/ztams/vendor/laravel/framework/src/Illuminate/Foundation/Application.php(1235): Illuminate/Foundation/Console/Kernel->handle(Object(Symfony/Component/Console/Input/ArgvInput), Object(Symfony/Component/Console/Output/ConsoleOutput))
#23 C:/Users/Namara saleem/Documents/Codex/2026-08-16/jh/ztams/artisan(6): Illuminate/Foundation/Application->handleCommand(Object(Symfony/Component/Console/Input/ArgvInput))
#24 {main}

[previous exception] [object] (ReflectionException(code: -1): Class \"files\" does not exist at C:/Users/Namara saleem/Documents/Codex/2026-08-16/jh/ztams/vendor/laravel/framework/src/Illuminate/Container/Container.php:959)
[stacktrace]
#0 C:/Users/Namara saleem/Documents/Codex/2026-08-16/jh/ztams/vendor/laravel/framework/src/Illuminate/Container/Container.php(959): ReflectionClass->__construct('files')
#1 C:/Users/Namara saleem/Documents/Codex/2026-08-16/jh/ztams/vendor/laravel/framework/src/Illuminate/Container/Container.php(832): Illuminate/Container/Container->build('files')
#2 C:/Users/Namara saleem/Documents/Codex/2026-08-16/jh/ztams/vendor/laravel/framework/src/Illuminate/Foundation/Application.php(1078): Illuminate/Container/Container->resolve('files', Array, true)
#3 C:/Users/Namara saleem/Documents/Codex/2026-08-16/jh/ztams/vendor/laravel/framework/src/Illuminate/Container/Container.php(763): Illuminate/Foundation/Application->resolve('files', Array)
#4 C:/Users/Namara saleem/Documents/Codex/2026-08-16/jh/ztams/vendor/laravel/framework/src/Illuminate/Foundation/Application.php(1058): Illuminate/Container/Container->make('files', Array)
#5 C:/Users/Namara saleem/Documents/Codex/2026-08-16/jh/ztams/vendor/laravel/framework/src/Illuminate/Container/Container.php(1580): Illuminate/Foundation/Application->make('files')
#6 C:/Users/Namara saleem/Documents/Codex/2026-08-16/jh/ztams/vendor/laravel/framework/src/Illuminate/Foundation/Application.php(1345): Illuminate/Container/Container->offsetGet('files')
#7 C:/Users/Namara saleem/Documents/Codex/2026-08-16/jh/ztams/vendor/laravel/framework/src/Illuminate/Foundation/Support/Providers/EventServiceProvider.php(107): Illuminate/Foundation/Application->eventsAreCached()
#8 C:/Users/Namara saleem/Documents/Codex/2026-08-16/jh/ztams/vendor/laravel/framework/src/Illuminate/Foundation/Support/Providers/EventServiceProvider.php(58): Illuminate/Foundation/Support/Providers/EventServiceProvider->getEvents()
#9 C:/Users/Namara saleem/Documents/Codex/2026-08-16/jh/ztams/vendor/laravel/framework/src/Illuminate/Container/BoundMethod.php(36): Illuminate/Foundation/Support/Providers/EventServiceProvider->Illuminate/Foundation/Support/Providers/{closure}()
#10 C:/Users/Namara saleem/Documents/Codex/2026-08-16/jh/ztams/vendor/laravel/framework/src/Illuminate/Container/Util.php(43): Illuminate/Container/BoundMethod::Illuminate/Container/{closure}()
#11 C:/Users/Namara saleem/Documents/Codex/2026-08-16/jh/ztams/vendor/laravel/framework/src/Illuminate/Container/BoundMethod.php(83): Illuminate/Container/Util::unwrapIfClosure(Object(Closure))
#12 C:/Users/Namara saleem/Documents/Codex/2026-08-16/jh/ztams/vendor/laravel/framework/src/Illuminate/Container/BoundMethod.php(35): Illuminate/Container/BoundMethod::callBoundMethod(Object(Illuminate/Foundation/Application), Object(Closure), Object(Closure))
#13 C:/Users/Namara saleem/Documents/Codex/2026-08-16/jh/ztams/vendor/laravel/framework/src/Illuminate/Container/Container.php(696): Illuminate/Container/BoundMethod::call(Object(Illuminate/Foundation/Application), Object(Closure), Array, NULL)
#14 C:/Users/Namara saleem/Documents/Codex/2026-08-16/jh/ztams/vendor/laravel/framework/src/Illuminate/Support/ServiceProvider.php(128): Illuminate/Container/Container->call(Object(Closure))
#15 C:/Users/Namara saleem/Documents/Codex/2026-08-16/jh/ztams/vendor/laravel/framework/src/Illuminate/Foundation/Application.php(1148): Illuminate/Support/ServiceProvider->callBootingCallbacks()
#16 C:/Users/Namara saleem/Documents/Codex/2026-08-16/jh/ztams/vendor/laravel/framework/src/Illuminate/Foundation/Application.php(1132): Illuminate/Foundation/Application->bootProvider(Object(Illuminate/Foundation/Support/Providers/EventServiceProvider))
#17 [internal function]: Illuminate/Foundation/Application->Illuminate/Foundation/{closure}(Object(Illuminate/Foundation/Support/Providers/EventServiceProvider), 'Illuminate//Foun...')
#18 C:/Users/Namara saleem/Documents/Codex/2026-08-16/jh/ztams/vendor/laravel/framework/src/Illuminate/Foundation/Application.php(1131): array_walk(Array, Object(Closure))
#19 C:/Users/Namara saleem/Documents/Codex/2026-08-16/jh/ztams/vendor/laravel/framework/src/Illuminate/Foundation/Bootstrap/BootProviders.php(17): Illuminate/Foundation/Application->boot()
#20 C:/Users/Namara saleem/Documents/Codex/2026-08-16/jh/ztams/vendor/laravel/framework/src/Illuminate/Foundation/Application.php(342): Illuminate/Foundation/Bootstrap/BootProviders->bootstrap(Object(Illuminate/Foundation/Application))
#21 C:/Users/Namara saleem/Documents/Codex/2026-08-16/jh/ztams/vendor/laravel/framework/src/Illuminate/Foundation/Console/Kernel.php(474): Illuminate/Foundation/Application->bootstrapWith(Array)
#22 C:/Users/Namara saleem/Documents/Codex/2026-08-16/jh/ztams/vendor/laravel/framework/src/Illuminate/Foundation/Console/Kernel.php(196): Illuminate/Foundation/Console/Kernel->bootstrap()
#23 C:/Users/Namara saleem/Documents/Codex/2026-08-16/jh/ztams/vendor/laravel/framework/src/Illuminate/Foundation/Application.php(1235): Illuminate/Foundation/Console/Kernel->handle(Object(Symfony/Component/Console/Input/ArgvInput), Object(Symfony/Component/Console/Output/ConsoleOutput))
#24 C:/Users/Namara saleem/Documents/Codex/2026-08-16/jh/ztams/artisan(6): Illuminate/Foundation/Application->handleCommand(Object(Symfony/Component/Console/Input/ArgvInput))
#25 {main}
"} 
[2026-08-17 05:39:26] local.ERROR: Target class [files] does not exist. {"exception":"[object] (Illuminate\\Contracts\\Container\\BindingResolutionException(code: 0): Target class [files] does not exist. at C:/Users/Namara saleem/Documents/Codex/2026-08-16/jh/ztams/vendor/laravel/framework/src/Illuminate/Container/Container.php:961)
[stacktrace]
#0 C:/Users/Namara saleem/Documents/Codex/2026-08-16/jh/ztams/vendor/laravel/framework/src/Illuminate/Container/Container.php(832): Illuminate/Container/Container->build('files')
#1 C:/Users/Namara saleem/Documents/Codex/2026-08-16/jh/ztams/vendor/laravel/framework/src/Illuminate/Foundation/Application.php(1078): Illuminate/Container/Container->resolve('files', Array, true)
#2 C:/Users/Namara saleem/Documents/Codex/2026-08-16/jh/ztams/vendor/laravel/framework/src/Illuminate/Container/Container.php(763): Illuminate/Foundation/Application->resolve('files', Array)
#3 C:/Users/Namara saleem/Documents/Codex/2026-08-16/jh/ztams/vendor/laravel/framework/src/Illuminate/Foundation/Application.php(1058): Illuminate/Container/Container->make('files', Array)
#4 C:/Users/Namara saleem/Documents/Codex/2026-08-16/jh/ztams/vendor/laravel/framework/src/Illuminate/Container/Container.php(1580): Illuminate/Foundation/Application->make('files')
#5 C:/Users/Namara saleem/Documents/Codex/2026-08-16/jh/ztams/vendor/laravel/framework/src/Illuminate/Foundation/Application.php(1345): Illuminate/Container/Container->offsetGet('files')
#6 C:/Users/Namara saleem/Documents/Codex/2026-08-16/jh/ztams/vendor/laravel/framework/src/Illuminate/Foundation/Support/Providers/EventServiceProvider.php(107): Illuminate/Foundation/Application->eventsAreCached()
#7 C:/Users/Namara saleem/Documents/Codex/2026-08-16/jh/ztams/vendor/laravel/framework/src/Illuminate/Foundation/Support/Providers/EventServiceProvider.php(58): Illuminate/Foundation/Support/Providers/EventServiceProvider->getEvents()
#8 C:/Users/Namara saleem/Documents/Codex/2026-08-16/jh/ztams/vendor/laravel/framework/src/Illuminate/Container/BoundMethod.php(36): Illuminate/Foundation/Support/Providers/EventServiceProvider->Illuminate/Foundation/Support/Providers/{closure}()
#9 C:/Users/Namara saleem/Documents/Codex/2026-08-16/jh/ztams/vendor/laravel/framework/src/Illuminate/Container/Util.php(43): Illuminate/Container/BoundMethod::Illuminate/Container/{closure}()
#10 C:/Users/Namara saleem/Documents/Codex/2026-08-16/jh/ztams/vendor/laravel/framework/src/Illuminate/Container/BoundMethod.php(83): Illuminate/Container/Util::unwrapIfClosure(Object(Closure))
#11 C:/Users/Namara saleem/Documents/Codex/2026-08-16/jh/ztams/vendor/laravel/framework/src/Illuminate/Container/BoundMethod.php(35): Illuminate/Container/BoundMethod::callBoundMethod(Object(Illuminate/Foundation/Application), Object(Closure), Object(Closure))
#12 C:/Users/Namara saleem/Documents/Codex/2026-08-16/jh/ztams/vendor/laravel/framework/src/Illuminate/Container/Container.php(696): Illuminate/Container/BoundMethod::call(Object(Illuminate/Foundation/Application), Object(Closure), Array, NULL)
#13 C:/Users/Namara saleem/Documents/Codex/2026-08-16/jh/ztams/vendor/laravel/framework/src/Illuminate/Support/ServiceProvider.php(128): Illuminate/Container/Container->call(Object(Closure))
#14 C:/Users/Namara saleem/Documents/Codex/2026-08-16/jh/ztams/vendor/laravel/framework/src/Illuminate/Foundation/Application.php(1148): Illuminate/Support/ServiceProvider->callBootingCallbacks()
#15 C:/Users/Namara saleem/Documents/Codex/2026-08-16/jh/ztams/vendor/laravel/framework/src/Illuminate/Foundation/Application.php(1132): Illuminate/Foundation/Application->bootProvider(Object(Illuminate/Foundation/Support/Providers/EventServiceProvider))
#16 [internal function]: Illuminate/Foundation/Application->Illuminate/Foundation/{closure}(Object(Illuminate/Foundation/Support/Providers/EventServiceProvider), 'Illuminate//Foun...')
#17 C:/Users/Namara saleem/Documents/Codex/2026-08-16/jh/ztams/vendor/laravel/framework/src/Illuminate/Foundation/Application.php(1131): array_walk(Array, Object(Closure))
#18 C:/Users/Namara saleem/Documents/Codex/2026-08-16/jh/ztams/vendor/laravel/framework/src/Illuminate/Foundation/Bootstrap/BootProviders.php(17): Illuminate/Foundation/Application->boot()
#19 C:/Users/Namara saleem/Documents/Codex/2026-08-16/jh/ztams/vendor/laravel/framework/src/Illuminate/Foundation/Application.php(342): Illuminate/Foundation/Bootstrap/BootProviders->bootstrap(Object(Illuminate/Foundation/Application))
#20 C:/Users/Namara saleem/Documents/Codex/2026-08-16/jh/ztams/vendor/laravel/framework/src/Illuminate/Foundation/Console/Kernel.php(474): Illuminate/Foundation/Application->bootstrapWith(Array)
#21 C:/Users/Namara saleem/Documents/Codex/2026-08-16/jh/ztams/vendor/laravel/framework/src/Illuminate/Foundation/Console/Kernel.php(196): Illuminate/Foundation/Console/Kernel->bootstrap()
#22 C:/Users/Namara saleem/Documents/Codex/2026-08-16/jh/ztams/vendor/laravel/framework/src/Illuminate/Foundation/Application.php(1235): Illuminate/Foundation/Console/Kernel->handle(Object(Symfony/Component/Console/Input/ArgvInput), Object(Symfony/Component/Console/Output/ConsoleOutput))
#23 C:/Users/Namara saleem/Documents/Codex/2026-08-16/jh/ztams/artisan(6): Illuminate/Foundation/Application->handleCommand(Object(Symfony/Component/Console/Input/ArgvInput))
#24 {main}

[previous exception] [object] (ReflectionException(code: -1): Class \"files\" does not exist at C:/Users/Namara saleem/Documents/Codex/2026-08-16/jh/ztams/vendor/laravel/framework/src/Illuminate/Container/Container.php:959)
[stacktrace]
#0 C:/Users/Namara saleem/Documents/Codex/2026-08-16/jh/ztams/vendor/laravel/framework/src/Illuminate/Container/Container.php(959): ReflectionClass->__construct('files')
#1 C:/Users/Namara saleem/Documents/Codex/2026-08-16/jh/ztams/vendor/laravel/framework/src/Illuminate/Container/Container.php(832): Illuminate/Container/Container->build('files')
#2 C:/Users/Namara saleem/Documents/Codex/2026-08-16/jh/ztams/vendor/laravel/framework/src/Illuminate/Foundation/Application.php(1078): Illuminate/Container/Container->resolve('files', Array, true)
#3 C:/Users/Namara saleem/Documents/Codex/2026-08-16/jh/ztams/vendor/laravel/framework/src/Illuminate/Container/Container.php(763): Illuminate/Foundation/Application->resolve('files', Array)
#4 C:/Users/Namara saleem/Documents/Codex/2026-08-16/jh/ztams/vendor/laravel/framework/src/Illuminate/Foundation/Application.php(1058): Illuminate/Container/Container->make('files', Array)
#5 C:/Users/Namara saleem/Documents/Codex/2026-08-16/jh/ztams/vendor/laravel/framework/src/Illuminate/Container/Container.php(1580): Illuminate/Foundation/Application->make('files')
#6 C:/Users/Namara saleem/Documents/Codex/2026-08-16/jh/ztams/vendor/laravel/framework/src/Illuminate/Foundation/Application.php(1345): Illuminate/Container/Container->offsetGet('files')
#7 C:/Users/Namara saleem/Documents/Codex/2026-08-16/jh/ztams/vendor/laravel/framework/src/Illuminate/Foundation/Support/Providers/EventServiceProvider.php(107): Illuminate/Foundation/Application->eventsAreCached()
#8 C:/Users/Namara saleem/Documents/Codex/2026-08-16/jh/ztams/vendor/laravel/framework/src/Illuminate/Foundation/Support/Providers/EventServiceProvider.php(58): Illuminate/Foundation/Support/Providers/EventServiceProvider->getEvents()
#9 C:/Users/Namara saleem/Documents/Codex/2026-08-16/jh/ztams/vendor/laravel/framework/src/Illuminate/Container/BoundMethod.php(36): Illuminate/Foundation/Support/Providers/EventServiceProvider->Illuminate/Foundation/Support/Providers/{closure}()
#10 C:/Users/Namara saleem/Documents/Codex/2026-08-16/jh/ztams/vendor/laravel/framework/src/Illuminate/Container/Util.php(43): Illuminate/Container/BoundMethod::Illuminate/Container/{closure}()
#11 C:/Users/Namara saleem/Documents/Codex/2026-08-16/jh/ztams/vendor/laravel/framework/src/Illuminate/Container/BoundMethod.php(83): Illuminate/Container/Util::unwrapIfClosure(Object(Closure))
#12 C:/Users/Namara saleem/Documents/Codex/2026-08-16/jh/ztams/vendor/laravel/framework/src/Illuminate/Container/BoundMethod.php(35): Illuminate/Container/BoundMethod::callBoundMethod(Object(Illuminate/Foundation/Application), Object(Closure), Object(Closure))
#13 C:/Users/Namara saleem/Documents/Codex/2026-08-16/jh/ztams/vendor/laravel/framework/src/Illuminate/Container/Container.php(696): Illuminate/Container/BoundMethod::call(Object(Illuminate/Foundation/Application), Object(Closure), Array, NULL)
#14 C:/Users/Namara saleem/Documents/Codex/2026-08-16/jh/ztams/vendor/laravel/framework/src/Illuminate/Support/ServiceProvider.php(128): Illuminate/Container/Container->call(Object(Closure))
#15 C:/Users/Namara saleem/Documents/Codex/2026-08-16/jh/ztams/vendor/laravel/framework/src/Illuminate/Foundation/Application.php(1148): Illuminate/Support/ServiceProvider->callBootingCallbacks()
#16 C:/Users/Namara saleem/Documents/Codex/2026-08-16/jh/ztams/vendor/laravel/framework/src/Illuminate/Foundation/Application.php(1132): Illuminate/Foundation/Application->bootProvider(Object(Illuminate/Foundation/Support/Providers/EventServiceProvider))
#17 [internal function]: Illuminate/Foundation/Application->Illuminate/Foundation/{closure}(Object(Illuminate/Foundation/Support/Providers/EventServiceProvider), 'Illuminate//Foun...')
#18 C:/Users/Namara saleem/Documents/Codex/2026-08-16/jh/ztams/vendor/laravel/framework/src/Illuminate/Foundation/Application.php(1131): array_walk(Array, Object(Closure))
#19 C:/Users/Namara saleem/Documents/Codex/2026-08-16/jh/ztams/vendor/laravel/framework/src/Illuminate/Foundation/Bootstrap/BootProviders.php(17): Illuminate/Foundation/Application->boot()
#20 C:/Users/Namara saleem/Documents/Codex/2026-08-16/jh/ztams/vendor/laravel/framework/src/Illuminate/Foundation/Application.php(342): Illuminate/Foundation/Bootstrap/BootProviders->bootstrap(Object(Illuminate/Foundation/Application))
#21 C:/Users/Namara saleem/Documents/Codex/2026-08-16/jh/ztams/vendor/laravel/framework/src/Illuminate/Foundation/Console/Kernel.php(474): Illuminate/Foundation/Application->bootstrapWith(Array)
#22 C:/Users/Namara saleem/Documents/Codex/2026-08-16/jh/ztams/vendor/laravel/framework/src/Illuminate/Foundation/Console/Kernel.php(196): Illuminate/Foundation/Console/Kernel->bootstrap()
#23 C:/Users/Namara saleem/Documents/Codex/2026-08-16/jh/ztams/vendor/laravel/framework/src/Illuminate/Foundation/Application.php(1235): Illuminate/Foundation/Console/Kernel->handle(Object(Symfony/Component/Console/Input/ArgvInput), Object(Symfony/Component/Console/Output/ConsoleOutput))
#24 C:/Users/Namara saleem/Documents/Codex/2026-08-16/jh/ztams/artisan(6): Illuminate/Foundation/Application->handleCommand(Object(Symfony/Component/Console/Input/ArgvInput))
#25 {main}
"} 
[2026-08-17 05:39:37] local.ERROR: Target class [files] does not exist. {"exception":"[object] (Illuminate\\Contracts\\Container\\BindingResolutionException(code: 0): Target class [files] does not exist. at C:/Users/Namara saleem/Documents/Codex/2026-08-16/jh/ztams/vendor/laravel/framework/src/Illuminate/Container/Container.php:961)
[stacktrace]
#0 C:/Users/Namara saleem/Documents/Codex/2026-08-16/jh/ztams/vendor/laravel/framework/src/Illuminate/Container/Container.php(832): Illuminate/Container/Container->build('files')
#1 C:/Users/Namara saleem/Documents/Codex/2026-08-16/jh/ztams/vendor/laravel/framework/src/Illuminate/Foundation/Application.php(1078): Illuminate/Container/Container->resolve('files', Array, true)
#2 C:/Users/Namara saleem/Documents/Codex/2026-08-16/jh/ztams/vendor/laravel/framework/src/Illuminate/Container/Container.php(763): Illuminate/Foundation/Application->resolve('files', Array)
#3 C:/Users/Namara saleem/Documents/Codex/2026-08-16/jh/ztams/vendor/laravel/framework/src/Illuminate/Foundation/Application.php(1058): Illuminate/Container/Container->make('files', Array)
#4 C:/Users/Namara saleem/Documents/Codex/2026-08-16/jh/ztams/vendor/laravel/framework/src/Illuminate/Container/Container.php(1580): Illuminate/Foundation/Application->make('files')
#5 C:/Users/Namara saleem/Documents/Codex/2026-08-16/jh/ztams/vendor/laravel/framework/src/Illuminate/Foundation/Application.php(1345): Illuminate/Container/Container->offsetGet('files')
#6 C:/Users/Namara saleem/Documents/Codex/2026-08-16/jh/ztams/vendor/laravel/framework/src/Illuminate/Foundation/Support/Providers/EventServiceProvider.php(107): Illuminate/Foundation/Application->eventsAreCached()
#7 C:/Users/Namara saleem/Documents/Codex/2026-08-16/jh/ztams/vendor/laravel/framework/src/Illuminate/Foundation/Support/Providers/EventServiceProvider.php(58): Illuminate/Foundation/Support/Providers/EventServiceProvider->getEvents()
#8 C:/Users/Namara saleem/Documents/Codex/2026-08-16/jh/ztams/vendor/laravel/framework/src/Illuminate/Container/BoundMethod.php(36): Illuminate/Foundation/Support/Providers/EventServiceProvider->Illuminate/Foundation/Support/Providers/{closure}()
#9 C:/Users/Namara saleem/Documents/Codex/2026-08-16/jh/ztams/vendor/laravel/framework/src/Illuminate/Container/Util.php(43): Illuminate/Container/BoundMethod::Illuminate/Container/{closure}()
#10 C:/Users/Namara saleem/Documents/Codex/2026-08-16/jh/ztams/vendor/laravel/framework/src/Illuminate/Container/BoundMethod.php(83): Illuminate/Container/Util::unwrapIfClosure(Object(Closure))
#11 C:/Users/Namara saleem/Documents/Codex/2026-08-16/jh/ztams/vendor/laravel/framework/src/Illuminate/Container/BoundMethod.php(35): Illuminate/Container/BoundMethod::callBoundMethod(Object(Illuminate/Foundation/Application), Object(Closure), Object(Closure))
#12 C:/Users/Namara saleem/Documents/Codex/2026-08-16/jh/ztams/vendor/laravel/framework/src/Illuminate/Container/Container.php(696): Illuminate/Container/BoundMethod::call(Object(Illuminate/Foundation/Application), Object(Closure), Array, NULL)
#13 C:/Users/Namara saleem/Documents/Codex/2026-08-16/jh/ztams/vendor/laravel/framework/src/Illuminate/Support/ServiceProvider.php(128): Illuminate/Container/Container->call(Object(Closure))
#14 C:/Users/Namara saleem/Documents/Codex/2026-08-16/jh/ztams/vendor/laravel/framework/src/Illuminate/Foundation/Application.php(1148): Illuminate/Support/ServiceProvider->callBootingCallbacks()
#15 C:/Users/Namara saleem/Documents/Codex/2026-08-16/jh/ztams/vendor/laravel/framework/src/Illuminate/Foundation/Application.php(1132): Illuminate/Foundation/Application->bootProvider(Object(Illuminate/Foundation/Support/Providers/EventServiceProvider))
#16 [internal function]: Illuminate/Foundation/Application->Illuminate/Foundation/{closure}(Object(Illuminate/Foundation/Support/Providers/EventServiceProvider), 'Illuminate//Foun...')
#17 C:/Users/Namara saleem/Documents/Codex/2026-08-16/jh/ztams/vendor/laravel/framework/src/Illuminate/Foundation/Application.php(1131): array_walk(Array, Object(Closure))
#18 C:/Users/Namara saleem/Documents/Codex/2026-08-16/jh/ztams/vendor/laravel/framework/src/Illuminate/Foundation/Bootstrap/BootProviders.php(17): Illuminate/Foundation/Application->boot()
#19 C:/Users/Namara saleem/Documents/Codex/2026-08-16/jh/ztams/vendor/laravel/framework/src/Illuminate/Foundation/Application.php(342): Illuminate/Foundation/Bootstrap/BootProviders->bootstrap(Object(Illuminate/Foundation/Application))
#20 C:/Users/Namara saleem/Documents/Codex/2026-08-16/jh/ztams/vendor/laravel/framework/src/Illuminate/Foundation/Console/Kernel.php(474): Illuminate/Foundation/Application->bootstrapWith(Array)
#21 C:/Users/Namara saleem/Documents/Codex/2026-08-16/jh/ztams/vendor/laravel/framework/src/Illuminate/Foundation/Console/Kernel.php(196): Illuminate/Foundation/Console/Kernel->bootstrap()
#22 C:/Users/Namara saleem/Documents/Codex/2026-08-16/jh/ztams/vendor/laravel/framework/src/Illuminate/Foundation/Application.php(1235): Illuminate/Foundation/Console/Kernel->handle(Object(Symfony/Component/Console/Input/ArgvInput), Object(Symfony/Component/Console/Output/ConsoleOutput))
#23 C:/Users/Namara saleem/Documents/Codex/2026-08-16/jh/ztams/artisan(6): Illuminate/Foundation/Application->handleCommand(Object(Symfony/Component/Console/Input/ArgvInput))
#24 {main}

[previous exception] [object] (ReflectionException(code: -1): Class \"files\" does not exist at C:/Users/Namara saleem/Documents/Codex/2026-08-16/jh/ztams/vendor/laravel/framework/src/Illuminate/Container/Container.php:959)
[stacktrace]
#0 C:/Users/Namara saleem/Documents/Codex/2026-08-16/jh/ztams/vendor/laravel/framework/src/Illuminate/Container/Container.php(959): ReflectionClass->__construct('files')
#1 C:/Users/Namara saleem/Documents/Codex/2026-08-16/jh/ztams/vendor/laravel/framework/src/Illuminate/Container/Container.php(832): Illuminate/Container/Container->build('files')
#2 C:/Users/Namara saleem/Documents/Codex/2026-08-16/jh/ztams/vendor/laravel/framework/src/Illuminate/Foundation/Application.php(1078): Illuminate/Container/Container->resolve('files', Array, true)
#3 C:/Users/Namara saleem/Documents/Codex/2026-08-16/jh/ztams/vendor/laravel/framework/src/Illuminate/Container/Container.php(763): Illuminate/Foundation/Application->resolve('files', Array)
#4 C:/Users/Namara saleem/Documents/Codex/2026-08-16/jh/ztams/vendor/laravel/framework/src/Illuminate/Foundation/Application.php(1058): Illuminate/Container/Container->make('files', Array)
#5 C:/Users/Namara saleem/Documents/Codex/2026-08-16/jh/ztams/vendor/laravel/framework/src/Illuminate/Container/Container.php(1580): Illuminate/Foundation/Application->make('files')
#6 C:/Users/Namara saleem/Documents/Codex/2026-08-16/jh/ztams/vendor/laravel/framework/src/Illuminate/Foundation/Application.php(1345): Illuminate/Container/Container->offsetGet('files')
#7 C:/Users/Namara saleem/Documents/Codex/2026-08-16/jh/ztams/vendor/laravel/framework/src/Illuminate/Foundation/Support/Providers/EventServiceProvider.php(107): Illuminate/Foundation/Application->eventsAreCached()
#8 C:/Users/Namara saleem/Documents/Codex/2026-08-16/jh/ztams/vendor/laravel/framework/src/Illuminate/Foundation/Support/Providers/EventServiceProvider.php(58): Illuminate/Foundation/Support/Providers/EventServiceProvider->getEvents()
#9 C:/Users/Namara saleem/Documents/Codex/2026-08-16/jh/ztams/vendor/laravel/framework/src/Illuminate/Container/BoundMethod.php(36): Illuminate/Foundation/Support/Providers/EventServiceProvider->Illuminate/Foundation/Support/Providers/{closure}()
#10 C:/Users/Namara saleem/Documents/Codex/2026-08-16/jh/ztams/vendor/laravel/framework/src/Illuminate/Container/Util.php(43): Illuminate/Container/BoundMethod::Illuminate/Container/{closure}()
#11 C:/Users/Namara saleem/Documents/Codex/2026-08-16/jh/ztams/vendor/laravel/framework/src/Illuminate/Container/BoundMethod.php(83): Illuminate/Container/Util::unwrapIfClosure(Object(Closure))
#12 C:/Users/Namara saleem/Documents/Codex/2026-08-16/jh/ztams/vendor/laravel/framework/src/Illuminate/Container/BoundMethod.php(35): Illuminate/Container/BoundMethod::callBoundMethod(Object(Illuminate/Foundation/Application), Object(Closure), Object(Closure))
#13 C:/Users/Namara saleem/Documents/Codex/2026-08-16/jh/ztams/vendor/laravel/framework/src/Illuminate/Container/Container.php(696): Illuminate/Container/BoundMethod::call(Object(Illuminate/Foundation/Application), Object(Closure), Array, NULL)
#14 C:/Users/Namara saleem/Documents/Codex/2026-08-16/jh/ztams/vendor/laravel/framework/src/Illuminate/Support/ServiceProvider.php(128): Illuminate/Container/Container->call(Object(Closure))
#15 C:/Users/Namara saleem/Documents/Codex/2026-08-16/jh/ztams/vendor/laravel/framework/src/Illuminate/Foundation/Application.php(1148): Illuminate/Support/ServiceProvider->callBootingCallbacks()
#16 C:/Users/Namara saleem/Documents/Codex/2026-08-16/jh/ztams/vendor/laravel/framework/src/Illuminate/Foundation/Application.php(1132): Illuminate/Foundation/Application->bootProvider(Object(Illuminate/Foundation/Support/Providers/EventServiceProvider))
#17 [internal function]: Illuminate/Foundation/Application->Illuminate/Foundation/{closure}(Object(Illuminate/Foundation/Support/Providers/EventServiceProvider), 'Illuminate//Foun...')
#18 C:/Users/Namara saleem/Documents/Codex/2026-08-16/jh/ztams/vendor/laravel/framework/src/Illuminate/Foundation/Application.php(1131): array_walk(Array, Object(Closure))
#19 C:/Users/Namara saleem/Documents/Codex/2026-08-16/jh/ztams/vendor/laravel/framework/src/Illuminate/Foundation/Bootstrap/BootProviders.php(17): Illuminate/Foundation/Application->boot()
#20 C:/Users/Namara saleem/Documents/Codex/2026-08-16/jh/ztams/vendor/laravel/framework/src/Illuminate/Foundation/Application.php(342): Illuminate/Foundation/Bootstrap/BootProviders->bootstrap(Object(Illuminate/Foundation/Application))
#21 C:/Users/Namara saleem/Documents/Codex/2026-08-16/jh/ztams/vendor/laravel/framework/src/Illuminate/Foundation/Console/Kernel.php(474): Illuminate/Foundation/Application->bootstrapWith(Array)
#22 C:/Users/Namara saleem/Documents/Codex/2026-08-16/jh/ztams/vendor/laravel/framework/src/Illuminate/Foundation/Console/Kernel.php(196): Illuminate/Foundation/Console/Kernel->bootstrap()
#23 C:/Users/Namara saleem/Documents/Codex/2026-08-16/jh/ztams/vendor/laravel/framework/src/Illuminate/Foundation/Application.php(1235): Illuminate/Foundation/Console/Kernel->handle(Object(Symfony/Component/Console/Input/ArgvInput), Object(Symfony/Component/Console/Output/ConsoleOutput))
#24 C:/Users/Namara saleem/Documents/Codex/2026-08-16/jh/ztams/artisan(6): Illuminate/Foundation/Application->handleCommand(Object(Symfony/Component/Console/Input/ArgvInput))
#25 {main}
"} 
[2026-08-17 05:39:53] local.ERROR: Target class [files] does not exist. {"exception":"[object] (Illuminate\\Contracts\\Container\\BindingResolutionException(code: 0): Target class [files] does not exist. at C:/Users/Namara saleem/Documents/Codex/2026-08-16/jh/ztams/vendor/laravel/framework/src/Illuminate/Container/Container.php:961)
[stacktrace]
#0 C:/Users/Namara saleem/Documents/Codex/2026-08-16/jh/ztams/vendor/laravel/framework/src/Illuminate/Container/Container.php(832): Illuminate/Container/Container->build('files')
#1 C:/Users/Namara saleem/Documents/Codex/2026-08-16/jh/ztams/vendor/laravel/framework/src/Illuminate/Foundation/Application.php(1078): Illuminate/Container/Container->resolve('files', Array, true)
#2 C:/Users/Namara saleem/Documents/Codex/2026-08-16/jh/ztams/vendor/laravel/framework/src/Illuminate/Container/Container.php(763): Illuminate/Foundation/Application->resolve('files', Array)
#3 C:/Users/Namara saleem/Documents/Codex/2026-08-16/jh/ztams/vendor/laravel/framework/src/Illuminate/Foundation/Application.php(1058): Illuminate/Container/Container->make('files', Array)
#4 C:/Users/Namara saleem/Documents/Codex/2026-08-16/jh/ztams/vendor/laravel/framework/src/Illuminate/Container/Container.php(1580): Illuminate/Foundation/Application->make('files')
#5 C:/Users/Namara saleem/Documents/Codex/2026-08-16/jh/ztams/vendor/laravel/framework/src/Illuminate/Foundation/Application.php(1345): Illuminate/Container/Container->offsetGet('files')
#6 C:/Users/Namara saleem/Documents/Codex/2026-08-16/jh/ztams/vendor/laravel/framework/src/Illuminate/Foundation/Support/Providers/EventServiceProvider.php(107): Illuminate/Foundation/Application->eventsAreCached()
#7 C:/Users/Namara saleem/Documents/Codex/2026-08-16/jh/ztams/vendor/laravel/framework/src/Illuminate/Foundation/Support/Providers/EventServiceProvider.php(58): Illuminate/Foundation/Support/Providers/EventServiceProvider->getEvents()
#8 C:/Users/Namara saleem/Documents/Codex/2026-08-16/jh/ztams/vendor/laravel/framework/src/Illuminate/Container/BoundMethod.php(36): Illuminate/Foundation/Support/Providers/EventServiceProvider->Illuminate/Foundation/Support/Providers/{closure}()
#9 C:/Users/Namara saleem/Documents/Codex/2026-08-16/jh/ztams/vendor/laravel/framework/src/Illuminate/Container/Util.php(43): Illuminate/Container/BoundMethod::Illuminate/Container/{closure}()
#10 C:/Users/Namara saleem/Documents/Codex/2026-08-16/jh/ztams/vendor/laravel/framework/src/Illuminate/Container/BoundMethod.php(83): Illuminate/Container/Util::unwrapIfClosure(Object(Closure))
#11 C:/Users/Namara saleem/Documents/Codex/2026-08-16/jh/ztams/vendor/laravel/framework/src/Illuminate/Container/BoundMethod.php(35): Illuminate/Container/BoundMethod::callBoundMethod(Object(Illuminate/Foundation/Application), Object(Closure), Object(Closure))
#12 C:/Users/Namara saleem/Documents/Codex/2026-08-16/jh/ztams/vendor/laravel/framework/src/Illuminate/Container/Container.php(696): Illuminate/Container/BoundMethod::call(Object(Illuminate/Foundation/Application), Object(Closure), Array, NULL)
#13 C:/Users/Namara saleem/Documents/Codex/2026-08-16/jh/ztams/vendor/laravel/framework/src/Illuminate/Support/ServiceProvider.php(128): Illuminate/Container/Container->call(Object(Closure))
#14 C:/Users/Namara saleem/Documents/Codex/2026-08-16/jh/ztams/vendor/laravel/framework/src/Illuminate/Foundation/Application.php(1148): Illuminate/Support/ServiceProvider->callBootingCallbacks()
#15 C:/Users/Namara saleem/Documents/Codex/2026-08-16/jh/ztams/vendor/laravel/framework/src/Illuminate/Foundation/Application.php(1132): Illuminate/Foundation/Application->bootProvider(Object(Illuminate/Foundation/Support/Providers/EventServiceProvider))
#16 [internal function]: Illuminate/Foundation/Application->Illuminate/Foundation/{closure}(Object(Illuminate/Foundation/Support/Providers/EventServiceProvider), 'Illuminate//Foun...')
#17 C:/Users/Namara saleem/Documents/Codex/2026-08-16/jh/ztams/vendor/laravel/framework/src/Illuminate/Foundation/Application.php(1131): array_walk(Array, Object(Closure))
#18 C:/Users/Namara saleem/Documents/Codex/2026-08-16/jh/ztams/vendor/laravel/framework/src/Illuminate/Foundation/Bootstrap/BootProviders.php(17): Illuminate/Foundation/Application->boot()
#19 C:/Users/Namara saleem/Documents/Codex/2026-08-16/jh/ztams/vendor/laravel/framework/src/Illuminate/Foundation/Application.php(342): Illuminate/Foundation/Bootstrap/BootProviders->bootstrap(Object(Illuminate/Foundation/Application))
#20 C:/Users/Namara saleem/Documents/Codex/2026-08-16/jh/ztams/vendor/laravel/framework/src/Illuminate/Foundation/Console/Kernel.php(474): Illuminate/Foundation/Application->bootstrapWith(Array)
#21 C:/Users/Namara saleem/Documents/Codex/2026-08-16/jh/ztams/vendor/laravel/framework/src/Illuminate/Foundation/Console/Kernel.php(196): Illuminate/Foundation/Console/Kernel->bootstrap()
#22 C:/Users/Namara saleem/Documents/Codex/2026-08-16/jh/ztams/vendor/laravel/framework/src/Illuminate/Foundation/Application.php(1235): Illuminate/Foundation/Console/Kernel->handle(Object(Symfony/Component/Console/Input/ArgvInput), Object(Symfony/Component/Console/Output/ConsoleOutput))
#23 C:/Users/Namara saleem/Documents/Codex/2026-08-16/jh/ztams/artisan(6): Illuminate/Foundation/Application->handleCommand(Object(Symfony/Component/Console/Input/ArgvInput))
#24 {main}

[previous exception] [object] (ReflectionException(code: -1): Class \"files\" does not exist at C:/Users/Namara saleem/Documents/Codex/2026-08-16/jh/ztams/vendor/laravel/framework/src/Illuminate/Container/Container.php:959)
[stacktrace]
#0 C:/Users/Namara saleem/Documents/Codex/2026-08-16/jh/ztams/vendor/laravel/framework/src/Illuminate/Container/Container.php(959): ReflectionClass->__construct('files')
#1 C:/Users/Namara saleem/Documents/Codex/2026-08-16/jh/ztams/vendor/laravel/framework/src/Illuminate/Container/Container.php(832): Illuminate/Container/Container->build('files')
#2 C:/Users/Namara saleem/Documents/Codex/2026-08-16/jh/ztams/vendor/laravel/framework/src/Illuminate/Foundation/Application.php(1078): Illuminate/Container/Container->resolve('files', Array, true)
#3 C:/Users/Namara saleem/Documents/Codex/2026-08-16/jh/ztams/vendor/laravel/framework/src/Illuminate/Container/Container.php(763): Illuminate/Foundation/Application->resolve('files', Array)
#4 C:/Users/Namara saleem/Documents/Codex/2026-08-16/jh/ztams/vendor/laravel/framework/src/Illuminate/Foundation/Application.php(1058): Illuminate/Container/Container->make('files', Array)
#5 C:/Users/Namara saleem/Documents/Codex/2026-08-16/jh/ztams/vendor/laravel/framework/src/Illuminate/Container/Container.php(1580): Illuminate/Foundation/Application->make('files')
#6 C:/Users/Namara saleem/Documents/Codex/2026-08-16/jh/ztams/vendor/laravel/framework/src/Illuminate/Foundation/Application.php(1345): Illuminate/Container/Container->offsetGet('files')
#7 C:/Users/Namara saleem/Documents/Codex/2026-08-16/jh/ztams/vendor/laravel/framework/src/Illuminate/Foundation/Support/Providers/EventServiceProvider.php(107): Illuminate/Foundation/Application->eventsAreCached()
#8 C:/Users/Namara saleem/Documents/Codex/2026-08-16/jh/ztams/vendor/laravel/framework/src/Illuminate/Foundation/Support/Providers/EventServiceProvider.php(58): Illuminate/Foundation/Support/Providers/EventServiceProvider->getEvents()
#9 C:/Users/Namara saleem/Documents/Codex/2026-08-16/jh/ztams/vendor/laravel/framework/src/Illuminate/Container/BoundMethod.php(36): Illuminate/Foundation/Support/Providers/EventServiceProvider->Illuminate/Foundation/Support/Providers/{closure}()
#10 C:/Users/Namara saleem/Documents/Codex/2026-08-16/jh/ztams/vendor/laravel/framework/src/Illuminate/Container/Util.php(43): Illuminate/Container/BoundMethod::Illuminate/Container/{closure}()
#11 C:/Users/Namara saleem/Documents/Codex/2026-08-16/jh/ztams/vendor/laravel/framework/src/Illuminate/Container/BoundMethod.php(83): Illuminate/Container/Util::unwrapIfClosure(Object(Closure))
#12 C:/Users/Namara saleem/Documents/Codex/2026-08-16/jh/ztams/vendor/laravel/framework/src/Illuminate/Container/BoundMethod.php(35): Illuminate/Container/BoundMethod::callBoundMethod(Object(Illuminate/Foundation/Application), Object(Closure), Object(Closure))
#13 C:/Users/Namara saleem/Documents/Codex/2026-08-16/jh/ztams/vendor/laravel/framework/src/Illuminate/Container/Container.php(696): Illuminate/Container/BoundMethod::call(Object(Illuminate/Foundation/Application), Object(Closure), Array, NULL)
#14 C:/Users/Namara saleem/Documents/Codex/2026-08-16/jh/ztams/vendor/laravel/framework/src/Illuminate/Support/ServiceProvider.php(128): Illuminate/Container/Container->call(Object(Closure))
#15 C:/Users/Namara saleem/Documents/Codex/2026-08-16/jh/ztams/vendor/laravel/framework/src/Illuminate/Foundation/Application.php(1148): Illuminate/Support/ServiceProvider->callBootingCallbacks()
#16 C:/Users/Namara saleem/Documents/Codex/2026-08-16/jh/ztams/vendor/laravel/framework/src/Illuminate/Foundation/Application.php(1132): Illuminate/Foundation/Application->bootProvider(Object(Illuminate/Foundation/Support/Providers/EventServiceProvider))
#17 [internal function]: Illuminate/Foundation/Application->Illuminate/Foundation/{closure}(Object(Illuminate/Foundation/Support/Providers/EventServiceProvider), 'Illuminate//Foun...')
#18 C:/Users/Namara saleem/Documents/Codex/2026-08-16/jh/ztams/vendor/laravel/framework/src/Illuminate/Foundation/Application.php(1131): array_walk(Array, Object(Closure))
#19 C:/Users/Namara saleem/Documents/Codex/2026-08-16/jh/ztams/vendor/laravel/framework/src/Illuminate/Foundation/Bootstrap/BootProviders.php(17): Illuminate/Foundation/Application->boot()
#20 C:/Users/Namara saleem/Documents/Codex/2026-08-16/jh/ztams/vendor/laravel/framework/src/Illuminate/Foundation/Application.php(342): Illuminate/Foundation/Bootstrap/BootProviders->bootstrap(Object(Illuminate/Foundation/Application))
#21 C:/Users/Namara saleem/Documents/Codex/2026-08-16/jh/ztams/vendor/laravel/framework/src/Illuminate/Foundation/Console/Kernel.php(474): Illuminate/Foundation/Application->bootstrapWith(Array)
#22 C:/Users/Namara saleem/Documents/Codex/2026-08-16/jh/ztams/vendor/laravel/framework/src/Illuminate/Foundation/Console/Kernel.php(196): Illuminate/Foundation/Console/Kernel->bootstrap()
#23 C:/Users/Namara saleem/Documents/Codex/2026-08-16/jh/ztams/vendor/laravel/framework/src/Illuminate/Foundation/Application.php(1235): Illuminate/Foundation/Console/Kernel->handle(Object(Symfony/Component/Console/Input/ArgvInput), Object(Symfony/Component/Console/Output/ConsoleOutput))
#24 C:/Users/Namara saleem/Documents/Codex/2026-08-16/jh/ztams/artisan(6): Illuminate/Foundation/Application->handleCommand(Object(Symfony/Component/Console/Input/ArgvInput))
#25 {main}
"} 
[2026-08-17 05:40:05] local.ERROR: Target class [files] does not exist. {"exception":"[object] (Illuminate\\Contracts\\Container\\BindingResolutionException(code: 0): Target class [files] does not exist. at C:/Users/Namara saleem/Documents/Codex/2026-08-16/jh/ztams/vendor/laravel/framework/src/Illuminate/Container/Container.php:961)
[stacktrace]
#0 C:/Users/Namara saleem/Documents/Codex/2026-08-16/jh/ztams/vendor/laravel/framework/src/Illuminate/Container/Container.php(832): Illuminate/Container/Container->build('files')
#1 C:/Users/Namara saleem/Documents/Codex/2026-08-16/jh/ztams/vendor/laravel/framework/src/Illuminate/Foundation/Application.php(1078): Illuminate/Container/Container->resolve('files', Array, true)
#2 C:/Users/Namara saleem/Documents/Codex/2026-08-16/jh/ztams/vendor/laravel/framework/src/Illuminate/Container/Container.php(763): Illuminate/Foundation/Application->resolve('files', Array)
#3 C:/Users/Namara saleem/Documents/Codex/2026-08-16/jh/ztams/vendor/laravel/framework/src/Illuminate/Foundation/Application.php(1058): Illuminate/Container/Container->make('files', Array)
#4 C:/Users/Namara saleem/Documents/Codex/2026-08-16/jh/ztams/vendor/laravel/framework/src/Illuminate/Container/Container.php(1580): Illuminate/Foundation/Application->make('files')
#5 C:/Users/Namara saleem/Documents/Codex/2026-08-16/jh/ztams/vendor/laravel/framework/src/Illuminate/Foundation/Application.php(1345): Illuminate/Container/Container->offsetGet('files')
#6 C:/Users/Namara saleem/Documents/Codex/2026-08-16/jh/ztams/vendor/laravel/framework/src/Illuminate/Foundation/Support/Providers/EventServiceProvider.php(107): Illuminate/Foundation/Application->eventsAreCached()
#7 C:/Users/Namara saleem/Documents/Codex/2026-08-16/jh/ztams/vendor/laravel/framework/src/Illuminate/Foundation/Support/Providers/EventServiceProvider.php(58): Illuminate/Foundation/Support/Providers/EventServiceProvider->getEvents()
#8 C:/Users/Namara saleem/Documents/Codex/2026-08-16/jh/ztams/vendor/laravel/framework/src/Illuminate/Container/BoundMethod.php(36): Illuminate/Foundation/Support/Providers/EventServiceProvider->Illuminate/Foundation/Support/Providers/{closure}()
#9 C:/Users/Namara saleem/Documents/Codex/2026-08-16/jh/ztams/vendor/laravel/framework/src/Illuminate/Container/Util.php(43): Illuminate/Container/BoundMethod::Illuminate/Container/{closure}()
#10 C:/Users/Namara saleem/Documents/Codex/2026-08-16/jh/ztams/vendor/laravel/framework/src/Illuminate/Container/BoundMethod.php(83): Illuminate/Container/Util::unwrapIfClosure(Object(Closure))
#11 C:/Users/Namara saleem/Documents/Codex/2026-08-16/jh/ztams/vendor/laravel/framework/src/Illuminate/Container/BoundMethod.php(35): Illuminate/Container/BoundMethod::callBoundMethod(Object(Illuminate/Foundation/Application), Object(Closure), Object(Closure))
#12 C:/Users/Namara saleem/Documents/Codex/2026-08-16/jh/ztams/vendor/laravel/framework/src/Illuminate/Container/Container.php(696): Illuminate/Container/BoundMethod::call(Object(Illuminate/Foundation/Application), Object(Closure), Array, NULL)
#13 C:/Users/Namara saleem/Documents/Codex/2026-08-16/jh/ztams/vendor/laravel/framework/src/Illuminate/Support/ServiceProvider.php(128): Illuminate/Container/Container->call(Object(Closure))
#14 C:/Users/Namara saleem/Documents/Codex/2026-08-16/jh/ztams/vendor/laravel/framework/src/Illuminate/Foundation/Application.php(1148): Illuminate/Support/ServiceProvider->callBootingCallbacks()
#15 C:/Users/Namara saleem/Documents/Codex/2026-08-16/jh/ztams/vendor/laravel/framework/src/Illuminate/Foundation/Application.php(1132): Illuminate/Foundation/Application->bootProvider(Object(Illuminate/Foundation/Support/Providers/EventServiceProvider))
#16 [internal function]: Illuminate/Foundation/Application->Illuminate/Foundation/{closure}(Object(Illuminate/Foundation/Support/Providers/EventServiceProvider), 'Illuminate//Foun...')
#17 C:/Users/Namara saleem/Documents/Codex/2026-08-16/jh/ztams/vendor/laravel/framework/src/Illuminate/Foundation/Application.php(1131): array_walk(Array, Object(Closure))
#18 C:/Users/Namara saleem/Documents/Codex/2026-08-16/jh/ztams/vendor/laravel/framework/src/Illuminate/Foundation/Bootstrap/BootProviders.php(17): Illuminate/Foundation/Application->boot()
#19 C:/Users/Namara saleem/Documents/Codex/2026-08-16/jh/ztams/vendor/laravel/framework/src/Illuminate/Foundation/Application.php(342): Illuminate/Foundation/Bootstrap/BootProviders->bootstrap(Object(Illuminate/Foundation/Application))
#20 C:/Users/Namara saleem/Documents/Codex/2026-08-16/jh/ztams/vendor/laravel/framework/src/Illuminate/Foundation/Console/Kernel.php(474): Illuminate/Foundation/Application->bootstrapWith(Array)
#21 C:/Users/Namara saleem/Documents/Codex/2026-08-16/jh/ztams/vendor/laravel/framework/src/Illuminate/Foundation/Console/Kernel.php(196): Illuminate/Foundation/Console/Kernel->bootstrap()
#22 C:/Users/Namara saleem/Documents/Codex/2026-08-16/jh/ztams/vendor/laravel/framework/src/Illuminate/Foundation/Application.php(1235): Illuminate/Foundation/Console/Kernel->handle(Object(Symfony/Component/Console/Input/ArgvInput), Object(Symfony/Component/Console/Output/ConsoleOutput))
#23 C:/Users/Namara saleem/Documents/Codex/2026-08-16/jh/ztams/artisan(6): Illuminate/Foundation/Application->handleCommand(Object(Symfony/Component/Console/Input/ArgvInput))
#24 {main}

[previous exception] [object] (ReflectionException(code: -1): Class \"files\" does not exist at C:/Users/Namara saleem/Documents/Codex/2026-08-16/jh/ztams/vendor/laravel/framework/src/Illuminate/Container/Container.php:959)
[stacktrace]
#0 C:/Users/Namara saleem/Documents/Codex/2026-08-16/jh/ztams/vendor/laravel/framework/src/Illuminate/Container/Container.php(959): ReflectionClass->__construct('files')
#1 C:/Users/Namara saleem/Documents/Codex/2026-08-16/jh/ztams/vendor/laravel/framework/src/Illuminate/Container/Container.php(832): Illuminate/Container/Container->build('files')
#2 C:/Users/Namara saleem/Documents/Codex/2026-08-16/jh/ztams/vendor/laravel/framework/src/Illuminate/Foundation/Application.php(1078): Illuminate/Container/Container->resolve('files', Array, true)
#3 C:/Users/Namara saleem/Documents/Codex/2026-08-16/jh/ztams/vendor/laravel/framework/src/Illuminate/Container/Container.php(763): Illuminate/Foundation/Application->resolve('files', Array)
#4 C:/Users/Namara saleem/Documents/Codex/2026-08-16/jh/ztams/vendor/laravel/framework/src/Illuminate/Foundation/Application.php(1058): Illuminate/Container/Container->make('files', Array)
#5 C:/Users/Namara saleem/Documents/Codex/2026-08-16/jh/ztams/vendor/laravel/framework/src/Illuminate/Container/Container.php(1580): Illuminate/Foundation/Application->make('files')
#6 C:/Users/Namara saleem/Documents/Codex/2026-08-16/jh/ztams/vendor/laravel/framework/src/Illuminate/Foundation/Application.php(1345): Illuminate/Container/Container->offsetGet('files')
#7 C:/Users/Namara saleem/Documents/Codex/2026-08-16/jh/ztams/vendor/laravel/framework/src/Illuminate/Foundation/Support/Providers/EventServiceProvider.php(107): Illuminate/Foundation/Application->eventsAreCached()
#8 C:/Users/Namara saleem/Documents/Codex/2026-08-16/jh/ztams/vendor/laravel/framework/src/Illuminate/Foundation/Support/Providers/EventServiceProvider.php(58): Illuminate/Foundation/Support/Providers/EventServiceProvider->getEvents()
#9 C:/Users/Namara saleem/Documents/Codex/2026-08-16/jh/ztams/vendor/laravel/framework/src/Illuminate/Container/BoundMethod.php(36): Illuminate/Foundation/Support/Providers/EventServiceProvider->Illuminate/Foundation/Support/Providers/{closure}()
#10 C:/Users/Namara saleem/Documents/Codex/2026-08-16/jh/ztams/vendor/laravel/framework/src/Illuminate/Container/Util.php(43): Illuminate/Container/BoundMethod::Illuminate/Container/{closure}()
#11 C:/Users/Namara saleem/Documents/Codex/2026-08-16/jh/ztams/vendor/laravel/framework/src/Illuminate/Container/BoundMethod.php(83): Illuminate/Container/Util::unwrapIfClosure(Object(Closure))
#12 C:/Users/Namara saleem/Documents/Codex/2026-08-16/jh/ztams/vendor/laravel/framework/src/Illuminate/Container/BoundMethod.php(35): Illuminate/Container/BoundMethod::callBoundMethod(Object(Illuminate/Foundation/Application), Object(Closure), Object(Closure))
#13 C:/Users/Namara saleem/Documents/Codex/2026-08-16/jh/ztams/vendor/laravel/framework/src/Illuminate/Container/Container.php(696): Illuminate/Container/BoundMethod::call(Object(Illuminate/Foundation/Application), Object(Closure), Array, NULL)
#14 C:/Users/Namara saleem/Documents/Codex/2026-08-16/jh/ztams/vendor/laravel/framework/src/Illuminate/Support/ServiceProvider.php(128): Illuminate/Container/Container->call(Object(Closure))
#15 C:/Users/Namara saleem/Documents/Codex/2026-08-16/jh/ztams/vendor/laravel/framework/src/Illuminate/Foundation/Application.php(1148): Illuminate/Support/ServiceProvider->callBootingCallbacks()
#16 C:/Users/Namara saleem/Documents/Codex/2026-08-16/jh/ztams/vendor/laravel/framework/src/Illuminate/Foundation/Application.php(1132): Illuminate/Foundation/Application->bootProvider(Object(Illuminate/Foundation/Support/Providers/EventServiceProvider))
#17 [internal function]: Illuminate/Foundation/Application->Illuminate/Foundation/{closure}(Object(Illuminate/Foundation/Support/Providers/EventServiceProvider), 'Illuminate//Foun...')
#18 C:/Users/Namara saleem/Documents/Codex/2026-08-16/jh/ztams/vendor/laravel/framework/src/Illuminate/Foundation/Application.php(1131): array_walk(Array, Object(Closure))
#19 C:/Users/Namara saleem/Documents/Codex/2026-08-16/jh/ztams/vendor/laravel/framework/src/Illuminate/Foundation/Bootstrap/BootProviders.php(17): Illuminate/Foundation/Application->boot()
#20 C:/Users/Namara saleem/Documents/Codex/2026-08-16/jh/ztams/vendor/laravel/framework/src/Illuminate/Foundation/Application.php(342): Illuminate/Foundation/Bootstrap/BootProviders->bootstrap(Object(Illuminate/Foundation/Application))
#21 C:/Users/Namara saleem/Documents/Codex/2026-08-16/jh/ztams/vendor/laravel/framework/src/Illuminate/Foundation/Console/Kernel.php(474): Illuminate/Foundation/Application->bootstrapWith(Array)
#22 C:/Users/Namara saleem/Documents/Codex/2026-08-16/jh/ztams/vendor/laravel/framework/src/Illuminate/Foundation/Console/Kernel.php(196): Illuminate/Foundation/Console/Kernel->bootstrap()
#23 C:/Users/Namara saleem/Documents/Codex/2026-08-16/jh/ztams/vendor/laravel/framework/src/Illuminate/Foundation/Application.php(1235): Illuminate/Foundation/Console/Kernel->handle(Object(Symfony/Component/Console/Input/ArgvInput), Object(Symfony/Component/Console/Output/ConsoleOutput))
#24 C:/Users/Namara saleem/Documents/Codex/2026-08-16/jh/ztams/artisan(6): Illuminate/Foundation/Application->handleCommand(Object(Symfony/Component/Console/Input/ArgvInput))
#25 {main}
"} 
[2026-08-17 05:52:43] local.ERROR: Target class [files] does not exist. {"exception":"[object] (Illuminate\\Contracts\\Container\\BindingResolutionException(code: 0): Target class [files] does not exist. at C:/Users/Namara saleem/Documents/Codex/2026-08-16/jh/ztams/vendor/laravel/framework/src/Illuminate/Container/Container.php:961)
[stacktrace]
#0 C:/Users/Namara saleem/Documents/Codex/2026-08-16/jh/ztams/vendor/laravel/framework/src/Illuminate/Container/Container.php(832): Illuminate/Container/Container->build('files')
#1 C:/Users/Namara saleem/Documents/Codex/2026-08-16/jh/ztams/vendor/laravel/framework/src/Illuminate/Foundation/Application.php(1078): Illuminate/Container/Container->resolve('files', Array, true)
#2 C:/Users/Namara saleem/Documents/Codex/2026-08-16/jh/ztams/vendor/laravel/framework/src/Illuminate/Container/Container.php(763): Illuminate/Foundation/Application->resolve('files', Array)
#3 C:/Users/Namara saleem/Documents/Codex/2026-08-16/jh/ztams/vendor/laravel/framework/src/Illuminate/Foundation/Application.php(1058): Illuminate/Container/Container->make('files', Array)
#4 C:/Users/Namara saleem/Documents/Codex/2026-08-16/jh/ztams/vendor/laravel/framework/src/Illuminate/Container/Container.php(1580): Illuminate/Foundation/Application->make('files')
#5 C:/Users/Namara saleem/Documents/Codex/2026-08-16/jh/ztams/vendor/laravel/framework/src/Illuminate/Foundation/Application.php(1345): Illuminate/Container/Container->offsetGet('files')
#6 C:/Users/Namara saleem/Documents/Codex/2026-08-16/jh/ztams/vendor/laravel/framework/src/Illuminate/Foundation/Support/Providers/EventServiceProvider.php(107): Illuminate/Foundation/Application->eventsAreCached()
#7 C:/Users/Namara saleem/Documents/Codex/2026-08-16/jh/ztams/vendor/laravel/framework/src/Illuminate/Foundation/Support/Providers/EventServiceProvider.php(58): Illuminate/Foundation/Support/Providers/EventServiceProvider->getEvents()
#8 C:/Users/Namara saleem/Documents/Codex/2026-08-16/jh/ztams/vendor/laravel/framework/src/Illuminate/Container/BoundMethod.php(36): Illuminate/Foundation/Support/Providers/EventServiceProvider->Illuminate/Foundation/Support/Providers/{closure}()
#9 C:/Users/Namara saleem/Documents/Codex/2026-08-16/jh/ztams/vendor/laravel/framework/src/Illuminate/Container/Util.php(43): Illuminate/Container/BoundMethod::Illuminate/Container/{closure}()
#10 C:/Users/Namara saleem/Documents/Codex/2026-08-16/jh/ztams/vendor/laravel/framework/src/Illuminate/Container/BoundMethod.php(83): Illuminate/Container/Util::unwrapIfClosure(Object(Closure))
#11 C:/Users/Namara saleem/Documents/Codex/2026-08-16/jh/ztams/vendor/laravel/framework/src/Illuminate/Container/BoundMethod.php(35): Illuminate/Container/BoundMethod::callBoundMethod(Object(Illuminate/Foundation/Application), Object(Closure), Object(Closure))
#12 C:/Users/Namara saleem/Documents/Codex/2026-08-16/jh/ztams/vendor/laravel/framework/src/Illuminate/Container/Container.php(696): Illuminate/Container/BoundMethod::call(Object(Illuminate/Foundation/Application), Object(Closure), Array, NULL)
#13 C:/Users/Namara saleem/Documents/Codex/2026-08-16/jh/ztams/vendor/laravel/framework/src/Illuminate/Support/ServiceProvider.php(128): Illuminate/Container/Container->call(Object(Closure))
#14 C:/Users/Namara saleem/Documents/Codex/2026-08-16/jh/ztams/vendor/laravel/framework/src/Illuminate/Foundation/Application.php(1148): Illuminate/Support/ServiceProvider->callBootingCallbacks()
#15 C:/Users/Namara saleem/Documents/Codex/2026-08-16/jh/ztams/vendor/laravel/framework/src/Illuminate/Foundation/Application.php(1132): Illuminate/Foundation/Application->bootProvider(Object(Illuminate/Foundation/Support/Providers/EventServiceProvider))
#16 [internal function]: Illuminate/Foundation/Application->Illuminate/Foundation/{closure}(Object(Illuminate/Foundation/Support/Providers/EventServiceProvider), 'Illuminate//Foun...')
#17 C:/Users/Namara saleem/Documents/Codex/2026-08-16/jh/ztams/vendor/laravel/framework/src/Illuminate/Foundation/Application.php(1131): array_walk(Array, Object(Closure))
#18 C:/Users/Namara saleem/Documents/Codex/2026-08-16/jh/ztams/vendor/laravel/framework/src/Illuminate/Foundation/Bootstrap/BootProviders.php(17): Illuminate/Foundation/Application->boot()
#19 C:/Users/Namara saleem/Documents/Codex/2026-08-16/jh/ztams/vendor/laravel/framework/src/Illuminate/Foundation/Application.php(342): Illuminate/Foundation/Bootstrap/BootProviders->bootstrap(Object(Illuminate/Foundation/Application))
#20 C:/Users/Namara saleem/Documents/Codex/2026-08-16/jh/ztams/vendor/laravel/framework/src/Illuminate/Foundation/Console/Kernel.php(474): Illuminate/Foundation/Application->bootstrapWith(Array)
#21 C:/Users/Namara saleem/Documents/Codex/2026-08-16/jh/ztams/vendor/laravel/framework/src/Illuminate/Foundation/Console/Kernel.php(196): Illuminate/Foundation/Console/Kernel->bootstrap()
#22 C:/Users/Namara saleem/Documents/Codex/2026-08-16/jh/ztams/vendor/laravel/framework/src/Illuminate/Foundation/Application.php(1235): Illuminate/Foundation/Console/Kernel->handle(Object(Symfony/Component/Console/Input/ArgvInput), Object(Symfony/Component/Console/Output/ConsoleOutput))
#23 C:/Users/Namara saleem/Documents/Codex/2026-08-16/jh/ztams/artisan(6): Illuminate/Foundation/Application->handleCommand(Object(Symfony/Component/Console/Input/ArgvInput))
#24 {main}

[previous exception] [object] (ReflectionException(code: -1): Class \"files\" does not exist at C:/Users/Namara saleem/Documents/Codex/2026-08-16/jh/ztams/vendor/laravel/framework/src/Illuminate/Container/Container.php:959)
[stacktrace]
#0 C:/Users/Namara saleem/Documents/Codex/2026-08-16/jh/ztams/vendor/laravel/framework/src/Illuminate/Container/Container.php(959): ReflectionClass->__construct('files')
#1 C:/Users/Namara saleem/Documents/Codex/2026-08-16/jh/ztams/vendor/laravel/framework/src/Illuminate/Container/Container.php(832): Illuminate/Container/Container->build('files')
#2 C:/Users/Namara saleem/Documents/Codex/2026-08-16/jh/ztams/vendor/laravel/framework/src/Illuminate/Foundation/Application.php(1078): Illuminate/Container/Container->resolve('files', Array, true)
#3 C:/Users/Namara saleem/Documents/Codex/2026-08-16/jh/ztams/vendor/laravel/framework/src/Illuminate/Container/Container.php(763): Illuminate/Foundation/Application->resolve('files', Array)
#4 C:/Users/Namara saleem/Documents/Codex/2026-08-16/jh/ztams/vendor/laravel/framework/src/Illuminate/Foundation/Application.php(1058): Illuminate/Container/Container->make('files', Array)
#5 C:/Users/Namara saleem/Documents/Codex/2026-08-16/jh/ztams/vendor/laravel/framework/src/Illuminate/Container/Container.php(1580): Illuminate/Foundation/Application->make('files')
#6 C:/Users/Namara saleem/Documents/Codex/2026-08-16/jh/ztams/vendor/laravel/framework/src/Illuminate/Foundation/Application.php(1345): Illuminate/Container/Container->offsetGet('files')
#7 C:/Users/Namara saleem/Documents/Codex/2026-08-16/jh/ztams/vendor/laravel/framework/src/Illuminate/Foundation/Support/Providers/EventServiceProvider.php(107): Illuminate/Foundation/Application->eventsAreCached()
#8 C:/Users/Namara saleem/Documents/Codex/2026-08-16/jh/ztams/vendor/laravel/framework/src/Illuminate/Foundation/Support/Providers/EventServiceProvider.php(58): Illuminate/Foundation/Support/Providers/EventServiceProvider->getEvents()
#9 C:/Users/Namara saleem/Documents/Codex/2026-08-16/jh/ztams/vendor/laravel/framework/src/Illuminate/Container/BoundMethod.php(36): Illuminate/Foundation/Support/Providers/EventServiceProvider->Illuminate/Foundation/Support/Providers/{closure}()
#10 C:/Users/Namara saleem/Documents/Codex/2026-08-16/jh/ztams/vendor/laravel/framework/src/Illuminate/Container/Util.php(43): Illuminate/Container/BoundMethod::Illuminate/Container/{closure}()
#11 C:/Users/Namara saleem/Documents/Codex/2026-08-16/jh/ztams/vendor/laravel/framework/src/Illuminate/Container/BoundMethod.php(83): Illuminate/Container/Util::unwrapIfClosure(Object(Closure))
#12 C:/Users/Namara saleem/Documents/Codex/2026-08-16/jh/ztams/vendor/laravel/framework/src/Illuminate/Container/BoundMethod.php(35): Illuminate/Container/BoundMethod::callBoundMethod(Object(Illuminate/Foundation/Application), Object(Closure), Object(Closure))
#13 C:/Users/Namara saleem/Documents/Codex/2026-08-16/jh/ztams/vendor/laravel/framework/src/Illuminate/Container/Container.php(696): Illuminate/Container/BoundMethod::call(Object(Illuminate/Foundation/Application), Object(Closure), Array, NULL)
#14 C:/Users/Namara saleem/Documents/Codex/2026-08-16/jh/ztams/vendor/laravel/framework/src/Illuminate/Support/ServiceProvider.php(128): Illuminate/Container/Container->call(Object(Closure))
#15 C:/Users/Namara saleem/Documents/Codex/2026-08-16/jh/ztams/vendor/laravel/framework/src/Illuminate/Foundation/Application.php(1148): Illuminate/Support/ServiceProvider->callBootingCallbacks()
#16 C:/Users/Namara saleem/Documents/Codex/2026-08-16/jh/ztams/vendor/laravel/framework/src/Illuminate/Foundation/Application.php(1132): Illuminate/Foundation/Application->bootProvider(Object(Illuminate/Foundation/Support/Providers/EventServiceProvider))
#17 [internal function]: Illuminate/Foundation/Application->Illuminate/Foundation/{closure}(Object(Illuminate/Foundation/Support/Providers/EventServiceProvider), 'Illuminate//Foun...')
#18 C:/Users/Namara saleem/Documents/Codex/2026-08-16/jh/ztams/vendor/laravel/framework/src/Illuminate/Foundation/Application.php(1131): array_walk(Array, Object(Closure))
#19 C:/Users/Namara saleem/Documents/Codex/2026-08-16/jh/ztams/vendor/laravel/framework/src/Illuminate/Foundation/Bootstrap/BootProviders.php(17): Illuminate/Foundation/Application->boot()
#20 C:/Users/Namara saleem/Documents/Codex/2026-08-16/jh/ztams/vendor/laravel/framework/src/Illuminate/Foundation/Application.php(342): Illuminate/Foundation/Bootstrap/BootProviders->bootstrap(Object(Illuminate/Foundation/Application))
#21 C:/Users/Namara saleem/Documents/Codex/2026-08-16/jh/ztams/vendor/laravel/framework/src/Illuminate/Foundation/Console/Kernel.php(474): Illuminate/Foundation/Application->bootstrapWith(Array)
#22 C:/Users/Namara saleem/Documents/Codex/2026-08-16/jh/ztams/vendor/laravel/framework/src/Illuminate/Foundation/Console/Kernel.php(196): Illuminate/Foundation/Console/Kernel->bootstrap()
#23 C:/Users/Namara saleem/Documents/Codex/2026-08-16/jh/ztams/vendor/laravel/framework/src/Illuminate/Foundation/Application.php(1235): Illuminate/Foundation/Console/Kernel->handle(Object(Symfony/Component/Console/Input/ArgvInput), Object(Symfony/Component/Console/Output/ConsoleOutput))
#24 C:/Users/Namara saleem/Documents/Codex/2026-08-16/jh/ztams/artisan(6): Illuminate/Foundation/Application->handleCommand(Object(Symfony/Component/Console/Input/ArgvInput))
#25 {main}
"} 
[2026-08-17 05:54:01] local.ERROR: Target class [files] does not exist. {"exception":"[object] (Illuminate\\Contracts\\Container\\BindingResolutionException(code: 0): Target class [files] does not exist. at C:/Users/Namara saleem/Documents/Codex/2026-08-16/jh/ztams/vendor/laravel/framework/src/Illuminate/Container/Container.php:961)
[stacktrace]
#0 C:/Users/Namara saleem/Documents/Codex/2026-08-16/jh/ztams/vendor/laravel/framework/src/Illuminate/Container/Container.php(832): Illuminate/Container/Container->build('files')
#1 C:/Users/Namara saleem/Documents/Codex/2026-08-16/jh/ztams/vendor/laravel/framework/src/Illuminate/Foundation/Application.php(1078): Illuminate/Container/Container->resolve('files', Array, true)
#2 C:/Users/Namara saleem/Documents/Codex/2026-08-16/jh/ztams/vendor/laravel/framework/src/Illuminate/Container/Container.php(763): Illuminate/Foundation/Application->resolve('files', Array)
#3 C:/Users/Namara saleem/Documents/Codex/2026-08-16/jh/ztams/vendor/laravel/framework/src/Illuminate/Foundation/Application.php(1058): Illuminate/Container/Container->make('files', Array)
#4 C:/Users/Namara saleem/Documents/Codex/2026-08-16/jh/ztams/vendor/laravel/framework/src/Illuminate/Container/Container.php(1580): Illuminate/Foundation/Application->make('files')
#5 C:/Users/Namara saleem/Documents/Codex/2026-08-16/jh/ztams/vendor/laravel/framework/src/Illuminate/Foundation/Application.php(1345): Illuminate/Container/Container->offsetGet('files')
#6 C:/Users/Namara saleem/Documents/Codex/2026-08-16/jh/ztams/vendor/laravel/framework/src/Illuminate/Foundation/Support/Providers/EventServiceProvider.php(107): Illuminate/Foundation/Application->eventsAreCached()
#7 C:/Users/Namara saleem/Documents/Codex/2026-08-16/jh/ztams/vendor/laravel/framework/src/Illuminate/Foundation/Support/Providers/EventServiceProvider.php(58): Illuminate/Foundation/Support/Providers/EventServiceProvider->getEvents()
#8 C:/Users/Namara saleem/Documents/Codex/2026-08-16/jh/ztams/vendor/laravel/framework/src/Illuminate/Container/BoundMethod.php(36): Illuminate/Foundation/Support/Providers/EventServiceProvider->Illuminate/Foundation/Support/Providers/{closure}()
#9 C:/Users/Namara saleem/Documents/Codex/2026-08-16/jh/ztams/vendor/laravel/framework/src/Illuminate/Container/Util.php(43): Illuminate/Container/BoundMethod::Illuminate/Container/{closure}()
#10 C:/Users/Namara saleem/Documents/Codex/2026-08-16/jh/ztams/vendor/laravel/framework/src/Illuminate/Container/BoundMethod.php(83): Illuminate/Container/Util::unwrapIfClosure(Object(Closure))
#11 C:/Users/Namara saleem/Documents/Codex/2026-08-16/jh/ztams/vendor/laravel/framework/src/Illuminate/Container/BoundMethod.php(35): Illuminate/Container/BoundMethod::callBoundMethod(Object(Illuminate/Foundation/Application), Object(Closure), Object(Closure))
#12 C:/Users/Namara saleem/Documents/Codex/2026-08-16/jh/ztams/vendor/laravel/framework/src/Illuminate/Container/Container.php(696): Illuminate/Container/BoundMethod::call(Object(Illuminate/Foundation/Application), Object(Closure), Array, NULL)
#13 C:/Users/Namara saleem/Documents/Codex/2026-08-16/jh/ztams/vendor/laravel/framework/src/Illuminate/Support/ServiceProvider.php(128): Illuminate/Container/Container->call(Object(Closure))
#14 C:/Users/Namara saleem/Documents/Codex/2026-08-16/jh/ztams/vendor/laravel/framework/src/Illuminate/Foundation/Application.php(1148): Illuminate/Support/ServiceProvider->callBootingCallbacks()
#15 C:/Users/Namara saleem/Documents/Codex/2026-08-16/jh/ztams/vendor/laravel/framework/src/Illuminate/Foundation/Application.php(1132): Illuminate/Foundation/Application->bootProvider(Object(Illuminate/Foundation/Support/Providers/EventServiceProvider))
#16 [internal function]: Illuminate/Foundation/Application->Illuminate/Foundation/{closure}(Object(Illuminate/Foundation/Support/Providers/EventServiceProvider), 'Illuminate//Foun...')
#17 C:/Users/Namara saleem/Documents/Codex/2026-08-16/jh/ztams/vendor/laravel/framework/src/Illuminate/Foundation/Application.php(1131): array_walk(Array, Object(Closure))
#18 C:/Users/Namara saleem/Documents/Codex/2026-08-16/jh/ztams/vendor/laravel/framework/src/Illuminate/Foundation/Bootstrap/BootProviders.php(17): Illuminate/Foundation/Application->boot()
#19 C:/Users/Namara saleem/Documents/Codex/2026-08-16/jh/ztams/vendor/laravel/framework/src/Illuminate/Foundation/Application.php(342): Illuminate/Foundation/Bootstrap/BootProviders->bootstrap(Object(Illuminate/Foundation/Application))
#20 C:/Users/Namara saleem/Documents/Codex/2026-08-16/jh/ztams/vendor/laravel/framework/src/Illuminate/Foundation/Console/Kernel.php(474): Illuminate/Foundation/Application->bootstrapWith(Array)
#21 C:/Users/Namara saleem/Documents/Codex/2026-08-16/jh/ztams/vendor/laravel/framework/src/Illuminate/Foundation/Console/Kernel.php(196): Illuminate/Foundation/Console/Kernel->bootstrap()
#22 C:/Users/Namara saleem/Documents/Codex/2026-08-16/jh/ztams/vendor/laravel/framework/src/Illuminate/Foundation/Application.php(1235): Illuminate/Foundation/Console/Kernel->handle(Object(Symfony/Component/Console/Input/ArgvInput), Object(Symfony/Component/Console/Output/ConsoleOutput))
#23 C:/Users/Namara saleem/Documents/Codex/2026-08-16/jh/ztams/artisan(6): Illuminate/Foundation/Application->handleCommand(Object(Symfony/Component/Console/Input/ArgvInput))
#24 {main}

[previous exception] [object] (ReflectionException(code: -1): Class \"files\" does not exist at C:/Users/Namara saleem/Documents/Codex/2026-08-16/jh/ztams/vendor/laravel/framework/src/Illuminate/Container/Container.php:959)
[stacktrace]
#0 C:/Users/Namara saleem/Documents/Codex/2026-08-16/jh/ztams/vendor/laravel/framework/src/Illuminate/Container/Container.php(959): ReflectionClass->__construct('files')
#1 C:/Users/Namara saleem/Documents/Codex/2026-08-16/jh/ztams/vendor/laravel/framework/src/Illuminate/Container/Container.php(832): Illuminate/Container/Container->build('files')
#2 C:/Users/Namara saleem/Documents/Codex/2026-08-16/jh/ztams/vendor/laravel/framework/src/Illuminate/Foundation/Application.php(1078): Illuminate/Container/Container->resolve('files', Array, true)
#3 C:/Users/Namara saleem/Documents/Codex/2026-08-16/jh/ztams/vendor/laravel/framework/src/Illuminate/Container/Container.php(763): Illuminate/Foundation/Application->resolve('files', Array)
#4 C:/Users/Namara saleem/Documents/Codex/2026-08-16/jh/ztams/vendor/laravel/framework/src/Illuminate/Foundation/Application.php(1058): Illuminate/Container/Container->make('files', Array)
#5 C:/Users/Namara saleem/Documents/Codex/2026-08-16/jh/ztams/vendor/laravel/framework/src/Illuminate/Container/Container.php(1580): Illuminate/Foundation/Application->make('files')
#6 C:/Users/Namara saleem/Documents/Codex/2026-08-16/jh/ztams/vendor/laravel/framework/src/Illuminate/Foundation/Application.php(1345): Illuminate/Container/Container->offsetGet('files')
#7 C:/Users/Namara saleem/Documents/Codex/2026-08-16/jh/ztams/vendor/laravel/framework/src/Illuminate/Foundation/Support/Providers/EventServiceProvider.php(107): Illuminate/Foundation/Application->eventsAreCached()
#8 C:/Users/Namara saleem/Documents/Codex/2026-08-16/jh/ztams/vendor/laravel/framework/src/Illuminate/Foundation/Support/Providers/EventServiceProvider.php(58): Illuminate/Foundation/Support/Providers/EventServiceProvider->getEvents()
#9 C:/Users/Namara saleem/Documents/Codex/2026-08-16/jh/ztams/vendor/laravel/framework/src/Illuminate/Container/BoundMethod.php(36): Illuminate/Foundation/Support/Providers/EventServiceProvider->Illuminate/Foundation/Support/Providers/{closure}()
#10 C:/Users/Namara saleem/Documents/Codex/2026-08-16/jh/ztams/vendor/laravel/framework/src/Illuminate/Container/Util.php(43): Illuminate/Container/BoundMethod::Illuminate/Container/{closure}()
#11 C:/Users/Namara saleem/Documents/Codex/2026-08-16/jh/ztams/vendor/laravel/framework/src/Illuminate/Container/BoundMethod.php(83): Illuminate/Container/Util::unwrapIfClosure(Object(Closure))
#12 C:/Users/Namara saleem/Documents/Codex/2026-08-16/jh/ztams/vendor/laravel/framework/src/Illuminate/Container/BoundMethod.php(35): Illuminate/Container/BoundMethod::callBoundMethod(Object(Illuminate/Foundation/Application), Object(Closure), Object(Closure))
#13 C:/Users/Namara saleem/Documents/Codex/2026-08-16/jh/ztams/vendor/laravel/framework/src/Illuminate/Container/Container.php(696): Illuminate/Container/BoundMethod::call(Object(Illuminate/Foundation/Application), Object(Closure), Array, NULL)
#14 C:/Users/Namara saleem/Documents/Codex/2026-08-16/jh/ztams/vendor/laravel/framework/src/Illuminate/Support/ServiceProvider.php(128): Illuminate/Container/Container->call(Object(Closure))
#15 C:/Users/Namara saleem/Documents/Codex/2026-08-16/jh/ztams/vendor/laravel/framework/src/Illuminate/Foundation/Application.php(1148): Illuminate/Support/ServiceProvider->callBootingCallbacks()
#16 C:/Users/Namara saleem/Documents/Codex/2026-08-16/jh/ztams/vendor/laravel/framework/src/Illuminate/Foundation/Application.php(1132): Illuminate/Foundation/Application->bootProvider(Object(Illuminate/Foundation/Support/Providers/EventServiceProvider))
#17 [internal function]: Illuminate/Foundation/Application->Illuminate/Foundation/{closure}(Object(Illuminate/Foundation/Support/Providers/EventServiceProvider), 'Illuminate//Foun...')
#18 C:/Users/Namara saleem/Documents/Codex/2026-08-16/jh/ztams/vendor/laravel/framework/src/Illuminate/Foundation/Application.php(1131): array_walk(Array, Object(Closure))
#19 C:/Users/Namara saleem/Documents/Codex/2026-08-16/jh/ztams/vendor/laravel/framework/src/Illuminate/Foundation/Bootstrap/BootProviders.php(17): Illuminate/Foundation/Application->boot()
#20 C:/Users/Namara saleem/Documents/Codex/2026-08-16/jh/ztams/vendor/laravel/framework/src/Illuminate/Foundation/Application.php(342): Illuminate/Foundation/Bootstrap/BootProviders->bootstrap(Object(Illuminate/Foundation/Application))
#21 C:/Users/Namara saleem/Documents/Codex/2026-08-16/jh/ztams/vendor/laravel/framework/src/Illuminate/Foundation/Console/Kernel.php(474): Illuminate/Foundation/Application->bootstrapWith(Array)
#22 C:/Users/Namara saleem/Documents/Codex/2026-08-16/jh/ztams/vendor/laravel/framework/src/Illuminate/Foundation/Console/Kernel.php(196): Illuminate/Foundation/Console/Kernel->bootstrap()
#23 C:/Users/Namara saleem/Documents/Codex/2026-08-16/jh/ztams/vendor/laravel/framework/src/Illuminate/Foundation/Application.php(1235): Illuminate/Foundation/Console/Kernel->handle(Object(Symfony/Component/Console/Input/ArgvInput), Object(Symfony/Component/Console/Output/ConsoleOutput))
#24 C:/Users/Namara saleem/Documents/Codex/2026-08-16/jh/ztams/artisan(6): Illuminate/Foundation/Application->handleCommand(Object(Symfony/Component/Console/Input/ArgvInput))
#25 {main}
"} 
[2026-08-17 05:54:28] local.ERROR: Target class [files] does not exist. {"exception":"[object] (Illuminate\\Contracts\\Container\\BindingResolutionException(code: 0): Target class [files] does not exist. at C:/Users/Namara saleem/Documents/Codex/2026-08-16/jh/ztams/vendor/laravel/framework/src/Illuminate/Container/Container.php:961)
[stacktrace]
#0 C:/Users/Namara saleem/Documents/Codex/2026-08-16/jh/ztams/vendor/laravel/framework/src/Illuminate/Container/Container.php(832): Illuminate/Container/Container->build('files')
#1 C:/Users/Namara saleem/Documents/Codex/2026-08-16/jh/ztams/vendor/laravel/framework/src/Illuminate/Foundation/Application.php(1078): Illuminate/Container/Container->resolve('files', Array, true)
#2 C:/Users/Namara saleem/Documents/Codex/2026-08-16/jh/ztams/vendor/laravel/framework/src/Illuminate/Container/Container.php(763): Illuminate/Foundation/Application->resolve('files', Array)
#3 C:/Users/Namara saleem/Documents/Codex/2026-08-16/jh/ztams/vendor/laravel/framework/src/Illuminate/Foundation/Application.php(1058): Illuminate/Container/Container->make('files', Array)
#4 C:/Users/Namara saleem/Documents/Codex/2026-08-16/jh/ztams/vendor/laravel/framework/src/Illuminate/Container/Container.php(1580): Illuminate/Foundation/Application->make('files')
#5 C:/Users/Namara saleem/Documents/Codex/2026-08-16/jh/ztams/vendor/laravel/framework/src/Illuminate/Foundation/Application.php(1345): Illuminate/Container/Container->offsetGet('files')
#6 C:/Users/Namara saleem/Documents/Codex/2026-08-16/jh/ztams/vendor/laravel/framework/src/Illuminate/Foundation/Support/Providers/EventServiceProvider.php(107): Illuminate/Foundation/Application->eventsAreCached()
#7 C:/Users/Namara saleem/Documents/Codex/2026-08-16/jh/ztams/vendor/laravel/framework/src/Illuminate/Foundation/Support/Providers/EventServiceProvider.php(58): Illuminate/Foundation/Support/Providers/EventServiceProvider->getEvents()
#8 C:/Users/Namara saleem/Documents/Codex/2026-08-16/jh/ztams/vendor/laravel/framework/src/Illuminate/Container/BoundMethod.php(36): Illuminate/Foundation/Support/Providers/EventServiceProvider->Illuminate/Foundation/Support/Providers/{closure}()
#9 C:/Users/Namara saleem/Documents/Codex/2026-08-16/jh/ztams/vendor/laravel/framework/src/Illuminate/Container/Util.php(43): Illuminate/Container/BoundMethod::Illuminate/Container/{closure}()
#10 C:/Users/Namara saleem/Documents/Codex/2026-08-16/jh/ztams/vendor/laravel/framework/src/Illuminate/Container/BoundMethod.php(83): Illuminate/Container/Util::unwrapIfClosure(Object(Closure))
#11 C:/Users/Namara saleem/Documents/Codex/2026-08-16/jh/ztams/vendor/laravel/framework/src/Illuminate/Container/BoundMethod.php(35): Illuminate/Container/BoundMethod::callBoundMethod(Object(Illuminate/Foundation/Application), Object(Closure), Object(Closure))
#12 C:/Users/Namara saleem/Documents/Codex/2026-08-16/jh/ztams/vendor/laravel/framework/src/Illuminate/Container/Container.php(696): Illuminate/Container/BoundMethod::call(Object(Illuminate/Foundation/Application), Object(Closure), Array, NULL)
#13 C:/Users/Namara saleem/Documents/Codex/2026-08-16/jh/ztams/vendor/laravel/framework/src/Illuminate/Support/ServiceProvider.php(128): Illuminate/Container/Container->call(Object(Closure))
#14 C:/Users/Namara saleem/Documents/Codex/2026-08-16/jh/ztams/vendor/laravel/framework/src/Illuminate/Foundation/Application.php(1148): Illuminate/Support/ServiceProvider->callBootingCallbacks()
#15 C:/Users/Namara saleem/Documents/Codex/2026-08-16/jh/ztams/vendor/laravel/framework/src/Illuminate/Foundation/Application.php(1132): Illuminate/Foundation/Application->bootProvider(Object(Illuminate/Foundation/Support/Providers/EventServiceProvider))
#16 [internal function]: Illuminate/Foundation/Application->Illuminate/Foundation/{closure}(Object(Illuminate/Foundation/Support/Providers/EventServiceProvider), 'Illuminate//Foun...')
#17 C:/Users/Namara saleem/Documents/Codex/2026-08-16/jh/ztams/vendor/laravel/framework/src/Illuminate/Foundation/Application.php(1131): array_walk(Array, Object(Closure))
#18 C:/Users/Namara saleem/Documents/Codex/2026-08-16/jh/ztams/vendor/laravel/framework/src/Illuminate/Foundation/Bootstrap/BootProviders.php(17): Illuminate/Foundation/Application->boot()
#19 C:/Users/Namara saleem/Documents/Codex/2026-08-16/jh/ztams/vendor/laravel/framework/src/Illuminate/Foundation/Application.php(342): Illuminate/Foundation/Bootstrap/BootProviders->bootstrap(Object(Illuminate/Foundation/Application))
#20 C:/Users/Namara saleem/Documents/Codex/2026-08-16/jh/ztams/vendor/laravel/framework/src/Illuminate/Foundation/Console/Kernel.php(474): Illuminate/Foundation/Application->bootstrapWith(Array)
#21 C:/Users/Namara saleem/Documents/Codex/2026-08-16/jh/ztams/vendor/laravel/framework/src/Illuminate/Foundation/Console/Kernel.php(196): Illuminate/Foundation/Console/Kernel->bootstrap()
#22 C:/Users/Namara saleem/Documents/Codex/2026-08-16/jh/ztams/vendor/laravel/framework/src/Illuminate/Foundation/Application.php(1235): Illuminate/Foundation/Console/Kernel->handle(Object(Symfony/Component/Console/Input/ArgvInput), Object(Symfony/Component/Console/Output/ConsoleOutput))
#23 C:/Users/Namara saleem/Documents/Codex/2026-08-16/jh/ztams/artisan(6): Illuminate/Foundation/Application->handleCommand(Object(Symfony/Component/Console/Input/ArgvInput))
#24 {main}

[previous exception] [object] (ReflectionException(code: -1): Class \"files\" does not exist at C:/Users/Namara saleem/Documents/Codex/2026-08-16/jh/ztams/vendor/laravel/framework/src/Illuminate/Container/Container.php:959)
[stacktrace]
#0 C:/Users/Namara saleem/Documents/Codex/2026-08-16/jh/ztams/vendor/laravel/framework/src/Illuminate/Container/Container.php(959): ReflectionClass->__construct('files')
#1 C:/Users/Namara saleem/Documents/Codex/2026-08-16/jh/ztams/vendor/laravel/framework/src/Illuminate/Container/Container.php(832): Illuminate/Container/Container->build('files')
#2 C:/Users/Namara saleem/Documents/Codex/2026-08-16/jh/ztams/vendor/laravel/framework/src/Illuminate/Foundation/Application.php(1078): Illuminate/Container/Container->resolve('files', Array, true)
#3 C:/Users/Namara saleem/Documents/Codex/2026-08-16/jh/ztams/vendor/laravel/framework/src/Illuminate/Container/Container.php(763): Illuminate/Foundation/Application->resolve('files', Array)
#4 C:/Users/Namara saleem/Documents/Codex/2026-08-16/jh/ztams/vendor/laravel/framework/src/Illuminate/Foundation/Application.php(1058): Illuminate/Container/Container->make('files', Array)
#5 C:/Users/Namara saleem/Documents/Codex/2026-08-16/jh/ztams/vendor/laravel/framework/src/Illuminate/Container/Container.php(1580): Illuminate/Foundation/Application->make('files')
#6 C:/Users/Namara saleem/Documents/Codex/2026-08-16/jh/ztams/vendor/laravel/framework/src/Illuminate/Foundation/Application.php(1345): Illuminate/Container/Container->offsetGet('files')
#7 C:/Users/Namara saleem/Documents/Codex/2026-08-16/jh/ztams/vendor/laravel/framework/src/Illuminate/Foundation/Support/Providers/EventServiceProvider.php(107): Illuminate/Foundation/Application->eventsAreCached()
#8 C:/Users/Namara saleem/Documents/Codex/2026-08-16/jh/ztams/vendor/laravel/framework/src/Illuminate/Foundation/Support/Providers/EventServiceProvider.php(58): Illuminate/Foundation/Support/Providers/EventServiceProvider->getEvents()
#9 C:/Users/Namara saleem/Documents/Codex/2026-08-16/jh/ztams/vendor/laravel/framework/src/Illuminate/Container/BoundMethod.php(36): Illuminate/Foundation/Support/Providers/EventServiceProvider->Illuminate/Foundation/Support/Providers/{closure}()
#10 C:/Users/Namara saleem/Documents/Codex/2026-08-16/jh/ztams/vendor/laravel/framework/src/Illuminate/Container/Util.php(43): Illuminate/Container/BoundMethod::Illuminate/Container/{closure}()
#11 C:/Users/Namara saleem/Documents/Codex/2026-08-16/jh/ztams/vendor/laravel/framework/src/Illuminate/Container/BoundMethod.php(83): Illuminate/Container/Util::unwrapIfClosure(Object(Closure))
#12 C:/Users/Namara saleem/Documents/Codex/2026-08-16/jh/ztams/vendor/laravel/framework/src/Illuminate/Container/BoundMethod.php(35): Illuminate/Container/BoundMethod::callBoundMethod(Object(Illuminate/Foundation/Application), Object(Closure), Object(Closure))
#13 C:/Users/Namara saleem/Documents/Codex/2026-08-16/jh/ztams/vendor/laravel/framework/src/Illuminate/Container/Container.php(696): Illuminate/Container/BoundMethod::call(Object(Illuminate/Foundation/Application), Object(Closure), Array, NULL)
#14 C:/Users/Namara saleem/Documents/Codex/2026-08-16/jh/ztams/vendor/laravel/framework/src/Illuminate/Support/ServiceProvider.php(128): Illuminate/Container/Container->call(Object(Closure))
#15 C:/Users/Namara saleem/Documents/Codex/2026-08-16/jh/ztams/vendor/laravel/framework/src/Illuminate/Foundation/Application.php(1148): Illuminate/Support/ServiceProvider->callBootingCallbacks()
#16 C:/Users/Namara saleem/Documents/Codex/2026-08-16/jh/ztams/vendor/laravel/framework/src/Illuminate/Foundation/Application.php(1132): Illuminate/Foundation/Application->bootProvider(Object(Illuminate/Foundation/Support/Providers/EventServiceProvider))
#17 [internal function]: Illuminate/Foundation/Application->Illuminate/Foundation/{closure}(Object(Illuminate/Foundation/Support/Providers/EventServiceProvider), 'Illuminate//Foun...')
#18 C:/Users/Namara saleem/Documents/Codex/2026-08-16/jh/ztams/vendor/laravel/framework/src/Illuminate/Foundation/Application.php(1131): array_walk(Array, Object(Closure))
#19 C:/Users/Namara saleem/Documents/Codex/2026-08-16/jh/ztams/vendor/laravel/framework/src/Illuminate/Foundation/Bootstrap/BootProviders.php(17): Illuminate/Foundation/Application->boot()
#20 C:/Users/Namara saleem/Documents/Codex/2026-08-16/jh/ztams/vendor/laravel/framework/src/Illuminate/Foundation/Application.php(342): Illuminate/Foundation/Bootstrap/BootProviders->bootstrap(Object(Illuminate/Foundation/Application))
#21 C:/Users/Namara saleem/Documents/Codex/2026-08-16/jh/ztams/vendor/laravel/framework/src/Illuminate/Foundation/Console/Kernel.php(474): Illuminate/Foundation/Application->bootstrapWith(Array)
#22 C:/Users/Namara saleem/Documents/Codex/2026-08-16/jh/ztams/vendor/laravel/framework/src/Illuminate/Foundation/Console/Kernel.php(196): Illuminate/Foundation/Console/Kernel->bootstrap()
#23 C:/Users/Namara saleem/Documents/Codex/2026-08-16/jh/ztams/vendor/laravel/framework/src/Illuminate/Foundation/Application.php(1235): Illuminate/Foundation/Console/Kernel->handle(Object(Symfony/Component/Console/Input/ArgvInput), Object(Symfony/Component/Console/Output/ConsoleOutput))
#24 C:/Users/Namara saleem/Documents/Codex/2026-08-16/jh/ztams/artisan(6): Illuminate/Foundation/Application->handleCommand(Object(Symfony/Component/Console/Input/ArgvInput))
#25 {main}
"} 
[2026-08-17 05:55:24] local.ERROR: SQLSTATE[HY000] [1049] Unknown database 'ztams' (Connection: mysql, SQL: delete from `cache`) {"exception":"[object] (Illuminate\\Database\\QueryException(code: 1049): SQLSTATE[HY000] [1049] Unknown database 'ztams' (Connection: mysql, SQL: delete from `cache`) at C:/Users/Namara saleem/Documents/Codex/2026-08-16/jh/ztams/vendor/laravel/framework/src/Illuminate/Database/Connection.php:825)
[stacktrace]
#0 C:/Users/Namara saleem/Documents/Codex/2026-08-16/jh/ztams/vendor/laravel/framework/src/Illuminate/Database/Connection.php(779): Illuminate/Database/Connection->runQueryCallback('delete from `ca...', Array, Object(Closure))
#1 C:/Users/Namara saleem/Documents/Codex/2026-08-16/jh/ztams/vendor/laravel/framework/src/Illuminate/Database/Connection.php(584): Illuminate/Database/Connection->run('delete from `ca...', Array, Object(Closure))
#2 C:/Users/Namara saleem/Documents/Codex/2026-08-16/jh/ztams/vendor/laravel/framework/src/Illuminate/Database/Connection.php(548): Illuminate/Database/Connection->affectingStatement('delete from `ca...', Array)
#3 C:/Users/Namara saleem/Documents/Codex/2026-08-16/jh/ztams/vendor/laravel/framework/src/Illuminate/Database/Query/Builder.php(4024): Illuminate/Database/Connection->delete('delete from `ca...', Array)
#4 C:/Users/Namara saleem/Documents/Codex/2026-08-16/jh/ztams/vendor/laravel/framework/src/Illuminate/Cache/DatabaseStore.php(422): Illuminate/Database/Query/Builder->delete()
#5 C:/Users/Namara saleem/Documents/Codex/2026-08-16/jh/ztams/vendor/laravel/framework/src/Illuminate/Cache/Repository.php(792): Illuminate/Cache/DatabaseStore->flush()
#6 C:/Users/Namara saleem/Documents/Codex/2026-08-16/jh/ztams/vendor/laravel/framework/src/Illuminate/Cache/Console/ClearCommand.php(69): Illuminate/Cache/Repository->__call('flush', Array)
#7 C:/Users/Namara saleem/Documents/Codex/2026-08-16/jh/ztams/vendor/laravel/framework/src/Illuminate/Container/BoundMethod.php(36): Illuminate/Cache/Console/ClearCommand->handle()
#8 C:/Users/Namara saleem/Documents/Codex/2026-08-16/jh/ztams/vendor/laravel/framework/src/Illuminate/Container/Util.php(43): Illuminate/Container/BoundMethod::Illuminate/Container/{closure}()
#9 C:/Users/Namara saleem/Documents/Codex/2026-08-16/jh/ztams/vendor/laravel/framework/src/Illuminate/Container/BoundMethod.php(95): Illuminate/Container/Util::unwrapIfClosure(Object(Closure))
#10 C:/Users/Namara saleem/Documents/Codex/2026-08-16/jh/ztams/vendor/laravel/framework/src/Illuminate/Container/BoundMethod.php(35): Illuminate/Container/BoundMethod::callBoundMethod(Object(Illuminate/Foundation/Application), Array, Object(Closure))
#11 C:/Users/Namara saleem/Documents/Codex/2026-08-16/jh/ztams/vendor/laravel/framework/src/Illuminate/Container/Container.php(696): Illuminate/Container/BoundMethod::call(Object(Illuminate/Foundation/Application), Array, Array, NULL)
#12 C:/Users/Namara saleem/Documents/Codex/2026-08-16/jh/ztams/vendor/laravel/framework/src/Illuminate/Console/Command.php(213): Illuminate/Container/Container->call(Array)
#13 C:/Users/Namara saleem/Documents/Codex/2026-08-16/jh/ztams/vendor/symfony/console/Command/Command.php(341): Illuminate/Console/Command->execute(Object(Symfony/Component/Console/Input/ArrayInput), Object(Illuminate/Console/OutputStyle))
#14 C:/Users/Namara saleem/Documents/Codex/2026-08-16/jh/ztams/vendor/laravel/framework/src/Illuminate/Console/Command.php(182): Symfony/Component/Console/Command/Command->run(Object(Symfony/Component/Console/Input/ArrayInput), Object(Illuminate/Console/OutputStyle))
#15 C:/Users/Namara saleem/Documents/Codex/2026-08-16/jh/ztams/vendor/laravel/framework/src/Illuminate/Console/Concerns/CallsCommands.php(68): Illuminate/Console/Command->run(Object(Symfony/Component/Console/Input/ArrayInput), Object(Symfony/Component/Console/Output/NullOutput))
#16 C:/Users/Namara saleem/Documents/Codex/2026-08-16/jh/ztams/vendor/laravel/framework/src/Illuminate/Console/Concerns/CallsCommands.php(41): Illuminate/Console/Command->runCommand('cache:clear', Array, Object(Symfony/Component/Console/Output/NullOutput))
#17 C:/Users/Namara saleem/Documents/Codex/2026-08-16/jh/ztams/vendor/laravel/framework/src/Illuminate/Console/Concerns/CallsCommands.php(53): Illuminate/Console/Command->callSilent('cache:clear', Array)
#18 C:/Users/Namara saleem/Documents/Codex/2026-08-16/jh/ztams/vendor/laravel/framework/src/Illuminate/Foundation/Console/OptimizeClearCommand.php(48): Illuminate/Console/Command->callSilently('cache:clear')
#19 C:/Users/Namara saleem/Documents/Codex/2026-08-16/jh/ztams/vendor/laravel/framework/src/Illuminate/Console/View/Components/Task.php(40): Illuminate/Foundation/Console/OptimizeClearCommand->Illuminate/Foundation/Console/{closure}()
#20 C:/Users/Namara saleem/Documents/Codex/2026-08-16/jh/ztams/vendor/laravel/framework/src/Illuminate/Console/View/Components/Factory.php(60): Illuminate/Console/View/Components/Task->render('cache', Object(Closure))
#21 C:/Users/Namara saleem/Documents/Codex/2026-08-16/jh/ztams/vendor/laravel/framework/src/Illuminate/Foundation/Console/OptimizeClearCommand.php(48): Illuminate/Console/View/Components/Factory->__call('task', Array)
#22 C:/Users/Namara saleem/Documents/Codex/2026-08-16/jh/ztams/vendor/laravel/framework/src/Illuminate/Container/BoundMethod.php(36): Illuminate/Foundation/Console/OptimizeClearCommand->handle()
#23 C:/Users/Namara saleem/Documents/Codex/2026-08-16/jh/ztams/vendor/laravel/framework/src/Illuminate/Container/Util.php(43): Illuminate/Container/BoundMethod::Illuminate/Container/{closure}()
#24 C:/Users/Namara saleem/Documents/Codex/2026-08-16/jh/ztams/vendor/laravel/framework/src/Illuminate/Container/BoundMethod.php(95): Illuminate/Container/Util::unwrapIfClosure(Object(Closure))
#25 C:/Users/Namara saleem/Documents/Codex/2026-08-16/jh/ztams/vendor/laravel/framework/src/Illuminate/Container/BoundMethod.php(35): Illuminate/Container/BoundMethod::callBoundMethod(Object(Illuminate/Foundation/Application), Array, Object(Closure))
#26 C:/Users/Namara saleem/Documents/Codex/2026-08-16/jh/ztams/vendor/laravel/framework/src/Illuminate/Container/Container.php(696): Illuminate/Container/BoundMethod::call(Object(Illuminate/Foundation/Application), Array, Array, NULL)
#27 C:/Users/Namara saleem/Documents/Codex/2026-08-16/jh/ztams/vendor/laravel/framework/src/Illuminate/Console/Command.php(213): Illuminate/Container/Container->call(Array)
#28 C:/Users/Namara saleem/Documents/Codex/2026-08-16/jh/ztams/vendor/symfony/console/Command/Command.php(341): Illuminate/Console/Command->execute(Object(Symfony/Component/Console/Input/ArgvInput), Object(Illuminate/Console/OutputStyle))
#29 C:/Users/Namara saleem/Documents/Codex/2026-08-16/jh/ztams/vendor/laravel/framework/src/Illuminate/Console/Command.php(182): Symfony/Component/Console/Command/Command->run(Object(Symfony/Component/Console/Input/ArgvInput), Object(Illuminate/Console/OutputStyle))
#30 C:/Users/Namara saleem/Documents/Codex/2026-08-16/jh/ztams/vendor/symfony/console/Application.php(1117): Illuminate/Console/Command->run(Object(Symfony/Component/Console/Input/ArgvInput), Object(Symfony/Component/Console/Output/ConsoleOutput))
#31 C:/Users/Namara saleem/Documents/Codex/2026-08-16/jh/ztams/vendor/symfony/console/Application.php(356): Symfony/Component/Console/Application->doRunCommand(Object(Illuminate/Foundation/Console/OptimizeClearCommand), Object(Symfony/Component/Console/Input/ArgvInput), Object(Symfony/Component/Console/Output/ConsoleOutput))
#32 C:/Users/Namara saleem/Documents/Codex/2026-08-16/jh/ztams/vendor/symfony/console/Application.php(195): Symfony/Component/Console/Application->doRun(Object(Symfony/Component/Console/Input/ArgvInput), Object(Symfony/Component/Console/Output/ConsoleOutput))
#33 C:/Users/Namara saleem/Documents/Codex/2026-08-16/jh/ztams/vendor/laravel/framework/src/Illuminate/Foundation/Console/Kernel.php(198): Symfony/Component/Console/Application->run(Object(Symfony/Component/Console/Input/ArgvInput), Object(Symfony/Component/Console/Output/ConsoleOutput))
#34 C:/Users/Namara saleem/Documents/Codex/2026-08-16/jh/ztams/vendor/laravel/framework/src/Illuminate/Foundation/Application.php(1235): Illuminate/Foundation/Console/Kernel->handle(Object(Symfony/Component/Console/Input/ArgvInput), Object(Symfony/Component/Console/Output/ConsoleOutput))
#35 C:/Users/Namara saleem/Documents/Codex/2026-08-16/jh/ztams/artisan(6): Illuminate/Foundation/Application->handleCommand(Object(Symfony/Component/Console/Input/ArgvInput))
#36 {main}

[previous exception] [object] (PDOException(code: 1049): SQLSTATE[HY000] [1049] Unknown database 'ztams' at C:/Users/Namara saleem/Documents/Codex/2026-08-16/jh/ztams/vendor/laravel/framework/src/Illuminate/Database/Connectors/Connector.php:66)
[stacktrace]
#0 C:/Users/Namara saleem/Documents/Codex/2026-08-16/jh/ztams/vendor/laravel/framework/src/Illuminate/Database/Connectors/Connector.php(66): PDO->__construct('mysql:host=127....', 'root', Object(SensitiveParameterValue), Array)
#1 C:/Users/Namara saleem/Documents/Codex/2026-08-16/jh/ztams/vendor/laravel/framework/src/Illuminate/Database/Connectors/Connector.php(44): Illuminate/Database/Connectors/Connector->createPdoConnection('mysql:host=127....', 'root', Object(SensitiveParameterValue), Array)
#2 C:/Users/Namara saleem/Documents/Codex/2026-08-16/jh/ztams/vendor/laravel/framework/src/Illuminate/Database/Connectors/MySqlConnector.php(24): Illuminate/Database/Connectors/Connector->createConnection('mysql:host=127....', Array, Array)
#3 C:/Users/Namara saleem/Documents/Codex/2026-08-16/jh/ztams/vendor/laravel/framework/src/Illuminate/Database/Connectors/ConnectionFactory.php(185): Illuminate/Database/Connectors/MySqlConnector->connect(Array)
#4 [internal function]: Illuminate/Database/Connectors/ConnectionFactory->Illuminate/Database/Connectors/{closure}()
#5 C:/Users/Namara saleem/Documents/Codex/2026-08-16/jh/ztams/vendor/laravel/framework/src/Illuminate/Database/Connection.php(1231): call_user_func(Object(Closure))
#6 C:/Users/Namara saleem/Documents/Codex/2026-08-16/jh/ztams/vendor/laravel/framework/src/Illuminate/Database/Connection.php(592): Illuminate/Database/Connection->getPdo()
#7 C:/Users/Namara saleem/Documents/Codex/2026-08-16/jh/ztams/vendor/laravel/framework/src/Illuminate/Database/Connection.php(812): Illuminate/Database/Connection->Illuminate/Database/{closure}('delete from `ca...', Array)
#8 C:/Users/Namara saleem/Documents/Codex/2026-08-16/jh/ztams/vendor/laravel/framework/src/Illuminate/Database/Connection.php(779): Illuminate/Database/Connection->runQueryCallback('delete from `ca...', Array, Object(Closure))
#9 C:/Users/Namara saleem/Documents/Codex/2026-08-16/jh/ztams/vendor/laravel/framework/src/Illuminate/Database/Connection.php(584): Illuminate/Database/Connection->run('delete from `ca...', Array, Object(Closure))
#10 C:/Users/Namara saleem/Documents/Codex/2026-08-16/jh/ztams/vendor/laravel/framework/src/Illuminate/Database/Connection.php(548): Illuminate/Database/Connection->affectingStatement('delete from `ca...', Array)
#11 C:/Users/Namara saleem/Documents/Codex/2026-08-16/jh/ztams/vendor/laravel/framework/src/Illuminate/Database/Query/Builder.php(4024): Illuminate/Database/Connection->delete('delete from `ca...', Array)
#12 C:/Users/Namara saleem/Documents/Codex/2026-08-16/jh/ztams/vendor/laravel/framework/src/Illuminate/Cache/DatabaseStore.php(422): Illuminate/Database/Query/Builder->delete()
#13 C:/Users/Namara saleem/Documents/Codex/2026-08-16/jh/ztams/vendor/laravel/framework/src/Illuminate/Cache/Repository.php(792): Illuminate/Cache/DatabaseStore->flush()
#14 C:/Users/Namara saleem/Documents/Codex/2026-08-16/jh/ztams/vendor/laravel/framework/src/Illuminate/Cache/Console/ClearCommand.php(69): Illuminate/Cache/Repository->__call('flush', Array)
#15 C:/Users/Namara saleem/Documents/Codex/2026-08-16/jh/ztams/vendor/laravel/framework/src/Illuminate/Container/BoundMethod.php(36): Illuminate/Cache/Console/ClearCommand->handle()
#16 C:/Users/Namara saleem/Documents/Codex/2026-08-16/jh/ztams/vendor/laravel/framework/src/Illuminate/Container/Util.php(43): Illuminate/Container/BoundMethod::Illuminate/Container/{closure}()
#17 C:/Users/Namara saleem/Documents/Codex/2026-08-16/jh/ztams/vendor/laravel/framework/src/Illuminate/Container/BoundMethod.php(95): Illuminate/Container/Util::unwrapIfClosure(Object(Closure))
#18 C:/Users/Namara saleem/Documents/Codex/2026-08-16/jh/ztams/vendor/laravel/framework/src/Illuminate/Container/BoundMethod.php(35): Illuminate/Container/BoundMethod::callBoundMethod(Object(Illuminate/Foundation/Application), Array, Object(Closure))
#19 C:/Users/Namara saleem/Documents/Codex/2026-08-16/jh/ztams/vendor/laravel/framework/src/Illuminate/Container/Container.php(696): Illuminate/Container/BoundMethod::call(Object(Illuminate/Foundation/Application), Array, Array, NULL)
#20 C:/Users/Namara saleem/Documents/Codex/2026-08-16/jh/ztams/vendor/laravel/framework/src/Illuminate/Console/Command.php(213): Illuminate/Container/Container->call(Array)
#21 C:/Users/Namara saleem/Documents/Codex/2026-08-16/jh/ztams/vendor/symfony/console/Command/Command.php(341): Illuminate/Console/Command->execute(Object(Symfony/Component/Console/Input/ArrayInput), Object(Illuminate/Console/OutputStyle))
#22 C:/Users/Namara saleem/Documents/Codex/2026-08-16/jh/ztams/vendor/laravel/framework/src/Illuminate/Console/Command.php(182): Symfony/Component/Console/Command/Command->run(Object(Symfony/Component/Console/Input/ArrayInput), Object(Illuminate/Console/OutputStyle))
#23 C:/Users/Namara saleem/Documents/Codex/2026-08-16/jh/ztams/vendor/laravel/framework/src/Illuminate/Console/Concerns/CallsCommands.php(68): Illuminate/Console/Command->run(Object(Symfony/Component/Console/Input/ArrayInput), Object(Symfony/Component/Console/Output/NullOutput))
#24 C:/Users/Namara saleem/Documents/Codex/2026-08-16/jh/ztams/vendor/laravel/framework/src/Illuminate/Console/Concerns/CallsCommands.php(41): Illuminate/Console/Command->runCommand('cache:clear', Array, Object(Symfony/Component/Console/Output/NullOutput))
#25 C:/Users/Namara saleem/Documents/Codex/2026-08-16/jh/ztams/vendor/laravel/framework/src/Illuminate/Console/Concerns/CallsCommands.php(53): Illuminate/Console/Command->callSilent('cache:clear', Array)
#26 C:/Users/Namara saleem/Documents/Codex/2026-08-16/jh/ztams/vendor/laravel/framework/src/Illuminate/Foundation/Console/OptimizeClearCommand.php(48): Illuminate/Console/Command->callSilently('cache:clear')
#27 C:/Users/Namara saleem/Documents/Codex/2026-08-16/jh/ztams/vendor/laravel/framework/src/Illuminate/Console/View/Components/Task.php(40): Illuminate/Foundation/Console/OptimizeClearCommand->Illuminate/Foundation/Console/{closure}()
#28 C:/Users/Namara saleem/Documents/Codex/2026-08-16/jh/ztams/vendor/laravel/framework/src/Illuminate/Console/View/Components/Factory.php(60): Illuminate/Console/View/Components/Task->render('cache', Object(Closure))
#29 C:/Users/Namara saleem/Documents/Codex/2026-08-16/jh/ztams/vendor/laravel/framework/src/Illuminate/Foundation/Console/OptimizeClearCommand.php(48): Illuminate/Console/View/Components/Factory->__call('task', Array)
#30 C:/Users/Namara saleem/Documents/Codex/2026-08-16/jh/ztams/vendor/laravel/framework/src/Illuminate/Container/BoundMethod.php(36): Illuminate/Foundation/Console/OptimizeClearCommand->handle()
#31 C:/Users/Namara saleem/Documents/Codex/2026-08-16/jh/ztams/vendor/laravel/framework/src/Illuminate/Container/Util.php(43): Illuminate/Container/BoundMethod::Illuminate/Container/{closure}()
#32 C:/Users/Namara saleem/Documents/Codex/2026-08-16/jh/ztams/vendor/laravel/framework/src/Illuminate/Container/BoundMethod.php(95): Illuminate/Container/Util::unwrapIfClosure(Object(Closure))
#33 C:/Users/Namara saleem/Documents/Codex/2026-08-16/jh/ztams/vendor/laravel/framework/src/Illuminate/Container/BoundMethod.php(35): Illuminate/Container/BoundMethod::callBoundMethod(Object(Illuminate/Foundation/Application), Array, Object(Closure))
#34 C:/Users/Namara saleem/Documents/Codex/2026-08-16/jh/ztams/vendor/laravel/framework/src/Illuminate/Container/Container.php(696): Illuminate/Container/BoundMethod::call(Object(Illuminate/Foundation/Application), Array, Array, NULL)
#35 C:/Users/Namara saleem/Documents/Codex/2026-08-16/jh/ztams/vendor/laravel/framework/src/Illuminate/Console/Command.php(213): Illuminate/Container/Container->call(Array)
#36 C:/Users/Namara saleem/Documents/Codex/2026-08-16/jh/ztams/vendor/symfony/console/Command/Command.php(341): Illuminate/Console/Command->execute(Object(Symfony/Component/Console/Input/ArgvInput), Object(Illuminate/Console/OutputStyle))
#37 C:/Users/Namara saleem/Documents/Codex/2026-08-16/jh/ztams/vendor/laravel/framework/src/Illuminate/Console/Command.php(182): Symfony/Component/Console/Command/Command->run(Object(Symfony/Component/Console/Input/ArgvInput), Object(Illuminate/Console/OutputStyle))
#38 C:/Users/Namara saleem/Documents/Codex/2026-08-16/jh/ztams/vendor/symfony/console/Application.php(1117): Illuminate/Console/Command->run(Object(Symfony/Component/Console/Input/ArgvInput), Object(Symfony/Component/Console/Output/ConsoleOutput))
#39 C:/Users/Namara saleem/Documents/Codex/2026-08-16/jh/ztams/vendor/symfony/console/Application.php(356): Symfony/Component/Console/Application->doRunCommand(Object(Illuminate/Foundation/Console/OptimizeClearCommand), Object(Symfony/Component/Console/Input/ArgvInput), Object(Symfony/Component/Console/Output/ConsoleOutput))
#40 C:/Users/Namara saleem/Documents/Codex/2026-08-16/jh/ztams/vendor/symfony/console/Application.php(195): Symfony/Component/Console/Application->doRun(Object(Symfony/Component/Console/Input/ArgvInput), Object(Symfony/Component/Console/Output/ConsoleOutput))
#41 C:/Users/Namara saleem/Documents/Codex/2026-08-16/jh/ztams/vendor/laravel/framework/src/Illuminate/Foundation/Console/Kernel.php(198): Symfony/Component/Console/Application->run(Object(Symfony/Component/Console/Input/ArgvInput), Object(Symfony/Component/Console/Output/ConsoleOutput))
#42 C:/Users/Namara saleem/Documents/Codex/2026-08-16/jh/ztams/vendor/laravel/framework/src/Illuminate/Foundation/Application.php(1235): Illuminate/Foundation/Console/Kernel->handle(Object(Symfony/Component/Console/Input/ArgvInput), Object(Symfony/Component/Console/Output/ConsoleOutput))
#43 C:/Users/Namara saleem/Documents/Codex/2026-08-16/jh/ztams/artisan(6): Illuminate/Foundation/Application->handleCommand(Object(Symfony/Component/Console/Input/ArgvInput))
#44 {main}
"} 
[2026-08-17 05:55:44] local.ERROR: SQLSTATE[42S02]: Base table or view not found: 1146 Table 'ztams.cache' doesn't exist (Connection: mysql, SQL: delete from `cache`) {"exception":"[object] (Illuminate\\Database\\QueryException(code: 42S02): SQLSTATE[42S02]: Base table or view not found: 1146 Table 'ztams.cache' doesn't exist (Connection: mysql, SQL: delete from `cache`) at C:/Users/Namara saleem/Documents/Codex/2026-08-16/jh/ztams/vendor/laravel/framework/src/Illuminate/Database/Connection.php:825)
[stacktrace]
#0 C:/Users/Namara saleem/Documents/Codex/2026-08-16/jh/ztams/vendor/laravel/framework/src/Illuminate/Database/Connection.php(779): Illuminate/Database/Connection->runQueryCallback('delete from `ca...', Array, Object(Closure))
#1 C:/Users/Namara saleem/Documents/Codex/2026-08-16/jh/ztams/vendor/laravel/framework/src/Illuminate/Database/Connection.php(584): Illuminate/Database/Connection->run('delete from `ca...', Array, Object(Closure))
#2 C:/Users/Namara saleem/Documents/Codex/2026-08-16/jh/ztams/vendor/laravel/framework/src/Illuminate/Database/Connection.php(548): Illuminate/Database/Connection->affectingStatement('delete from `ca...', Array)
#3 C:/Users/Namara saleem/Documents/Codex/2026-08-16/jh/ztams/vendor/laravel/framework/src/Illuminate/Database/Query/Builder.php(4024): Illuminate/Database/Connection->delete('delete from `ca...', Array)
#4 C:/Users/Namara saleem/Documents/Codex/2026-08-16/jh/ztams/vendor/laravel/framework/src/Illuminate/Cache/DatabaseStore.php(422): Illuminate/Database/Query/Builder->delete()
#5 C:/Users/Namara saleem/Documents/Codex/2026-08-16/jh/ztams/vendor/laravel/framework/src/Illuminate/Cache/Repository.php(792): Illuminate/Cache/DatabaseStore->flush()
#6 C:/Users/Namara saleem/Documents/Codex/2026-08-16/jh/ztams/vendor/laravel/framework/src/Illuminate/Cache/Console/ClearCommand.php(69): Illuminate/Cache/Repository->__call('flush', Array)
#7 C:/Users/Namara saleem/Documents/Codex/2026-08-16/jh/ztams/vendor/laravel/framework/src/Illuminate/Container/BoundMethod.php(36): Illuminate/Cache/Console/ClearCommand->handle()
#8 C:/Users/Namara saleem/Documents/Codex/2026-08-16/jh/ztams/vendor/laravel/framework/src/Illuminate/Container/Util.php(43): Illuminate/Container/BoundMethod::Illuminate/Container/{closure}()
#9 C:/Users/Namara saleem/Documents/Codex/2026-08-16/jh/ztams/vendor/laravel/framework/src/Illuminate/Container/BoundMethod.php(95): Illuminate/Container/Util::unwrapIfClosure(Object(Closure))
#10 C:/Users/Namara saleem/Documents/Codex/2026-08-16/jh/ztams/vendor/laravel/framework/src/Illuminate/Container/BoundMethod.php(35): Illuminate/Container/BoundMethod::callBoundMethod(Object(Illuminate/Foundation/Application), Array, Object(Closure))
#11 C:/Users/Namara saleem/Documents/Codex/2026-08-16/jh/ztams/vendor/laravel/framework/src/Illuminate/Container/Container.php(696): Illuminate/Container/BoundMethod::call(Object(Illuminate/Foundation/Application), Array, Array, NULL)
#12 C:/Users/Namara saleem/Documents/Codex/2026-08-16/jh/ztams/vendor/laravel/framework/src/Illuminate/Console/Command.php(213): Illuminate/Container/Container->call(Array)
#13 C:/Users/Namara saleem/Documents/Codex/2026-08-16/jh/ztams/vendor/symfony/console/Command/Command.php(341): Illuminate/Console/Command->execute(Object(Symfony/Component/Console/Input/ArrayInput), Object(Illuminate/Console/OutputStyle))
#14 C:/Users/Namara saleem/Documents/Codex/2026-08-16/jh/ztams/vendor/laravel/framework/src/Illuminate/Console/Command.php(182): Symfony/Component/Console/Command/Command->run(Object(Symfony/Component/Console/Input/ArrayInput), Object(Illuminate/Console/OutputStyle))
#15 C:/Users/Namara saleem/Documents/Codex/2026-08-16/jh/ztams/vendor/laravel/framework/src/Illuminate/Console/Concerns/CallsCommands.php(68): Illuminate/Console/Command->run(Object(Symfony/Component/Console/Input/ArrayInput), Object(Symfony/Component/Console/Output/NullOutput))
#16 C:/Users/Namara saleem/Documents/Codex/2026-08-16/jh/ztams/vendor/laravel/framework/src/Illuminate/Console/Concerns/CallsCommands.php(41): Illuminate/Console/Command->runCommand('cache:clear', Array, Object(Symfony/Component/Console/Output/NullOutput))
#17 C:/Users/Namara saleem/Documents/Codex/2026-08-16/jh/ztams/vendor/laravel/framework/src/Illuminate/Console/Concerns/CallsCommands.php(53): Illuminate/Console/Command->callSilent('cache:clear', Array)
#18 C:/Users/Namara saleem/Documents/Codex/2026-08-16/jh/ztams/vendor/laravel/framework/src/Illuminate/Foundation/Console/OptimizeClearCommand.php(48): Illuminate/Console/Command->callSilently('cache:clear')
#19 C:/Users/Namara saleem/Documents/Codex/2026-08-16/jh/ztams/vendor/laravel/framework/src/Illuminate/Console/View/Components/Task.php(40): Illuminate/Foundation/Console/OptimizeClearCommand->Illuminate/Foundation/Console/{closure}()
#20 C:/Users/Namara saleem/Documents/Codex/2026-08-16/jh/ztams/vendor/laravel/framework/src/Illuminate/Console/View/Components/Factory.php(60): Illuminate/Console/View/Components/Task->render('cache', Object(Closure))
#21 C:/Users/Namara saleem/Documents/Codex/2026-08-16/jh/ztams/vendor/laravel/framework/src/Illuminate/Foundation/Console/OptimizeClearCommand.php(48): Illuminate/Console/View/Components/Factory->__call('task', Array)
#22 C:/Users/Namara saleem/Documents/Codex/2026-08-16/jh/ztams/vendor/laravel/framework/src/Illuminate/Container/BoundMethod.php(36): Illuminate/Foundation/Console/OptimizeClearCommand->handle()
#23 C:/Users/Namara saleem/Documents/Codex/2026-08-16/jh/ztams/vendor/laravel/framework/src/Illuminate/Container/Util.php(43): Illuminate/Container/BoundMethod::Illuminate/Container/{closure}()
#24 C:/Users/Namara saleem/Documents/Codex/2026-08-16/jh/ztams/vendor/laravel/framework/src/Illuminate/Container/BoundMethod.php(95): Illuminate/Container/Util::unwrapIfClosure(Object(Closure))
#25 C:/Users/Namara saleem/Documents/Codex/2026-08-16/jh/ztams/vendor/laravel/framework/src/Illuminate/Container/BoundMethod.php(35): Illuminate/Container/BoundMethod::callBoundMethod(Object(Illuminate/Foundation/Application), Array, Object(Closure))
#26 C:/Users/Namara saleem/Documents/Codex/2026-08-16/jh/ztams/vendor/laravel/framework/src/Illuminate/Container/Container.php(696): Illuminate/Container/BoundMethod::call(Object(Illuminate/Foundation/Application), Array, Array, NULL)
#27 C:/Users/Namara saleem/Documents/Codex/2026-08-16/jh/ztams/vendor/laravel/framework/src/Illuminate/Console/Command.php(213): Illuminate/Container/Container->call(Array)
#28 C:/Users/Namara saleem/Documents/Codex/2026-08-16/jh/ztams/vendor/symfony/console/Command/Command.php(341): Illuminate/Console/Command->execute(Object(Symfony/Component/Console/Input/ArgvInput), Object(Illuminate/Console/OutputStyle))
#29 C:/Users/Namara saleem/Documents/Codex/2026-08-16/jh/ztams/vendor/laravel/framework/src/Illuminate/Console/Command.php(182): Symfony/Component/Console/Command/Command->run(Object(Symfony/Component/Console/Input/ArgvInput), Object(Illuminate/Console/OutputStyle))
#30 C:/Users/Namara saleem/Documents/Codex/2026-08-16/jh/ztams/vendor/symfony/console/Application.php(1117): Illuminate/Console/Command->run(Object(Symfony/Component/Console/Input/ArgvInput), Object(Symfony/Component/Console/Output/ConsoleOutput))
#31 C:/Users/Namara saleem/Documents/Codex/2026-08-16/jh/ztams/vendor/symfony/console/Application.php(356): Symfony/Component/Console/Application->doRunCommand(Object(Illuminate/Foundation/Console/OptimizeClearCommand), Object(Symfony/Component/Console/Input/ArgvInput), Object(Symfony/Component/Console/Output/ConsoleOutput))
#32 C:/Users/Namara saleem/Documents/Codex/2026-08-16/jh/ztams/vendor/symfony/console/Application.php(195): Symfony/Component/Console/Application->doRun(Object(Symfony/Component/Console/Input/ArgvInput), Object(Symfony/Component/Console/Output/ConsoleOutput))
#33 C:/Users/Namara saleem/Documents/Codex/2026-08-16/jh/ztams/vendor/laravel/framework/src/Illuminate/Foundation/Console/Kernel.php(198): Symfony/Component/Console/Application->run(Object(Symfony/Component/Console/Input/ArgvInput), Object(Symfony/Component/Console/Output/ConsoleOutput))
#34 C:/Users/Namara saleem/Documents/Codex/2026-08-16/jh/ztams/vendor/laravel/framework/src/Illuminate/Foundation/Application.php(1235): Illuminate/Foundation/Console/Kernel->handle(Object(Symfony/Component/Console/Input/ArgvInput), Object(Symfony/Component/Console/Output/ConsoleOutput))
#35 C:/Users/Namara saleem/Documents/Codex/2026-08-16/jh/ztams/artisan(6): Illuminate/Foundation/Application->handleCommand(Object(Symfony/Component/Console/Input/ArgvInput))
#36 {main}

[previous exception] [object] (PDOException(code: 42S02): SQLSTATE[42S02]: Base table or view not found: 1146 Table 'ztams.cache' doesn't exist at C:/Users/Namara saleem/Documents/Codex/2026-08-16/jh/ztams/vendor/laravel/framework/src/Illuminate/Database/Connection.php:592)
[stacktrace]
#0 C:/Users/Namara saleem/Documents/Codex/2026-08-16/jh/ztams/vendor/laravel/framework/src/Illuminate/Database/Connection.php(592): PDO->prepare('delete from `ca...')
#1 C:/Users/Namara saleem/Documents/Codex/2026-08-16/jh/ztams/vendor/laravel/framework/src/Illuminate/Database/Connection.php(812): Illuminate/Database/Connection->Illuminate/Database/{closure}('delete from `ca...', Array)
#2 C:/Users/Namara saleem/Documents/Codex/2026-08-16/jh/ztams/vendor/laravel/framework/src/Illuminate/Database/Connection.php(779): Illuminate/Database/Connection->runQueryCallback('delete from `ca...', Array, Object(Closure))
#3 C:/Users/Namara saleem/Documents/Codex/2026-08-16/jh/ztams/vendor/laravel/framework/src/Illuminate/Database/Connection.php(584): Illuminate/Database/Connection->run('delete from `ca...', Array, Object(Closure))
#4 C:/Users/Namara saleem/Documents/Codex/2026-08-16/jh/ztams/vendor/laravel/framework/src/Illuminate/Database/Connection.php(548): Illuminate/Database/Connection->affectingStatement('delete from `ca...', Array)
#5 C:/Users/Namara saleem/Documents/Codex/2026-08-16/jh/ztams/vendor/laravel/framework/src/Illuminate/Database/Query/Builder.php(4024): Illuminate/Database/Connection->delete('delete from `ca...', Array)
#6 C:/Users/Namara saleem/Documents/Codex/2026-08-16/jh/ztams/vendor/laravel/framework/src/Illuminate/Cache/DatabaseStore.php(422): Illuminate/Database/Query/Builder->delete()
#7 C:/Users/Namara saleem/Documents/Codex/2026-08-16/jh/ztams/vendor/laravel/framework/src/Illuminate/Cache/Repository.php(792): Illuminate/Cache/DatabaseStore->flush()
#8 C:/Users/Namara saleem/Documents/Codex/2026-08-16/jh/ztams/vendor/laravel/framework/src/Illuminate/Cache/Console/ClearCommand.php(69): Illuminate/Cache/Repository->__call('flush', Array)
#9 C:/Users/Namara saleem/Documents/Codex/2026-08-16/jh/ztams/vendor/laravel/framework/src/Illuminate/Container/BoundMethod.php(36): Illuminate/Cache/Console/ClearCommand->handle()
#10 C:/Users/Namara saleem/Documents/Codex/2026-08-16/jh/ztams/vendor/laravel/framework/src/Illuminate/Container/Util.php(43): Illuminate/Container/BoundMethod::Illuminate/Container/{closure}()
#11 C:/Users/Namara saleem/Documents/Codex/2026-08-16/jh/ztams/vendor/laravel/framework/src/Illuminate/Container/BoundMethod.php(95): Illuminate/Container/Util::unwrapIfClosure(Object(Closure))
#12 C:/Users/Namara saleem/Documents/Codex/2026-08-16/jh/ztams/vendor/laravel/framework/src/Illuminate/Container/BoundMethod.php(35): Illuminate/Container/BoundMethod::callBoundMethod(Object(Illuminate/Foundation/Application), Array, Object(Closure))
#13 C:/Users/Namara saleem/Documents/Codex/2026-08-16/jh/ztams/vendor/laravel/framework/src/Illuminate/Container/Container.php(696): Illuminate/Container/BoundMethod::call(Object(Illuminate/Foundation/Application), Array, Array, NULL)
#14 C:/Users/Namara saleem/Documents/Codex/2026-08-16/jh/ztams/vendor/laravel/framework/src/Illuminate/Console/Command.php(213): Illuminate/Container/Container->call(Array)
#15 C:/Users/Namara saleem/Documents/Codex/2026-08-16/jh/ztams/vendor/symfony/console/Command/Command.php(341): Illuminate/Console/Command->execute(Object(Symfony/Component/Console/Input/ArrayInput), Object(Illuminate/Console/OutputStyle))
#16 C:/Users/Namara saleem/Documents/Codex/2026-08-16/jh/ztams/vendor/laravel/framework/src/Illuminate/Console/Command.php(182): Symfony/Component/Console/Command/Command->run(Object(Symfony/Component/Console/Input/ArrayInput), Object(Illuminate/Console/OutputStyle))
#17 C:/Users/Namara saleem/Documents/Codex/2026-08-16/jh/ztams/vendor/laravel/framework/src/Illuminate/Console/Concerns/CallsCommands.php(68): Illuminate/Console/Command->run(Object(Symfony/Component/Console/Input/ArrayInput), Object(Symfony/Component/Console/Output/NullOutput))
#18 C:/Users/Namara saleem/Documents/Codex/2026-08-16/jh/ztams/vendor/laravel/framework/src/Illuminate/Console/Concerns/CallsCommands.php(41): Illuminate/Console/Command->runCommand('cache:clear', Array, Object(Symfony/Component/Console/Output/NullOutput))
#19 C:/Users/Namara saleem/Documents/Codex/2026-08-16/jh/ztams/vendor/laravel/framework/src/Illuminate/Console/Concerns/CallsCommands.php(53): Illuminate/Console/Command->callSilent('cache:clear', Array)
#20 C:/Users/Namara saleem/Documents/Codex/2026-08-16/jh/ztams/vendor/laravel/framework/src/Illuminate/Foundation/Console/OptimizeClearCommand.php(48): Illuminate/Console/Command->callSilently('cache:clear')
#21 C:/Users/Namara saleem/Documents/Codex/2026-08-16/jh/ztams/vendor/laravel/framework/src/Illuminate/Console/View/Components/Task.php(40): Illuminate/Foundation/Console/OptimizeClearCommand->Illuminate/Foundation/Console/{closure}()
#22 C:/Users/Namara saleem/Documents/Codex/2026-08-16/jh/ztams/vendor/laravel/framework/src/Illuminate/Console/View/Components/Factory.php(60): Illuminate/Console/View/Components/Task->render('cache', Object(Closure))
#23 C:/Users/Namara saleem/Documents/Codex/2026-08-16/jh/ztams/vendor/laravel/framework/src/Illuminate/Foundation/Console/OptimizeClearCommand.php(48): Illuminate/Console/View/Components/Factory->__call('task', Array)
#24 C:/Users/Namara saleem/Documents/Codex/2026-08-16/jh/ztams/vendor/laravel/framework/src/Illuminate/Container/BoundMethod.php(36): Illuminate/Foundation/Console/OptimizeClearCommand->handle()
#25 C:/Users/Namara saleem/Documents/Codex/2026-08-16/jh/ztams/vendor/laravel/framework/src/Illuminate/Container/Util.php(43): Illuminate/Container/BoundMethod::Illuminate/Container/{closure}()
#26 C:/Users/Namara saleem/Documents/Codex/2026-08-16/jh/ztams/vendor/laravel/framework/src/Illuminate/Container/BoundMethod.php(95): Illuminate/Container/Util::unwrapIfClosure(Object(Closure))
#27 C:/Users/Namara saleem/Documents/Codex/2026-08-16/jh/ztams/vendor/laravel/framework/src/Illuminate/Container/BoundMethod.php(35): Illuminate/Container/BoundMethod::callBoundMethod(Object(Illuminate/Foundation/Application), Array, Object(Closure))
#28 C:/Users/Namara saleem/Documents/Codex/2026-08-16/jh/ztams/vendor/laravel/framework/src/Illuminate/Container/Container.php(696): Illuminate/Container/BoundMethod::call(Object(Illuminate/Foundation/Application), Array, Array, NULL)
#29 C:/Users/Namara saleem/Documents/Codex/2026-08-16/jh/ztams/vendor/laravel/framework/src/Illuminate/Console/Command.php(213): Illuminate/Container/Container->call(Array)
#30 C:/Users/Namara saleem/Documents/Codex/2026-08-16/jh/ztams/vendor/symfony/console/Command/Command.php(341): Illuminate/Console/Command->execute(Object(Symfony/Component/Console/Input/ArgvInput), Object(Illuminate/Console/OutputStyle))
#31 C:/Users/Namara saleem/Documents/Codex/2026-08-16/jh/ztams/vendor/laravel/framework/src/Illuminate/Console/Command.php(182): Symfony/Component/Console/Command/Command->run(Object(Symfony/Component/Console/Input/ArgvInput), Object(Illuminate/Console/OutputStyle))
#32 C:/Users/Namara saleem/Documents/Codex/2026-08-16/jh/ztams/vendor/symfony/console/Application.php(1117): Illuminate/Console/Command->run(Object(Symfony/Component/Console/Input/ArgvInput), Object(Symfony/Component/Console/Output/ConsoleOutput))
#33 C:/Users/Namara saleem/Documents/Codex/2026-08-16/jh/ztams/vendor/symfony/console/Application.php(356): Symfony/Component/Console/Application->doRunCommand(Object(Illuminate/Foundation/Console/OptimizeClearCommand), Object(Symfony/Component/Console/Input/ArgvInput), Object(Symfony/Component/Console/Output/ConsoleOutput))
#34 C:/Users/Namara saleem/Documents/Codex/2026-08-16/jh/ztams/vendor/symfony/console/Application.php(195): Symfony/Component/Console/Application->doRun(Object(Symfony/Component/Console/Input/ArgvInput), Object(Symfony/Component/Console/Output/ConsoleOutput))
#35 C:/Users/Namara saleem/Documents/Codex/2026-08-16/jh/ztams/vendor/laravel/framework/src/Illuminate/Foundation/Console/Kernel.php(198): Symfony/Component/Console/Application->run(Object(Symfony/Component/Console/Input/ArgvInput), Object(Symfony/Component/Console/Output/ConsoleOutput))
#36 C:/Users/Namara saleem/Documents/Codex/2026-08-16/jh/ztams/vendor/laravel/framework/src/Illuminate/Foundation/Application.php(1235): Illuminate/Foundation/Console/Kernel->handle(Object(Symfony/Component/Console/Input/ArgvInput), Object(Symfony/Component/Console/Output/ConsoleOutput))
#37 C:/Users/Namara saleem/Documents/Codex/2026-08-16/jh/ztams/artisan(6): Illuminate/Foundation/Application->handleCommand(Object(Symfony/Component/Console/Input/ArgvInput))
#38 {main}
"} 
[2026-08-17 05:55:49] local.ERROR: Declaration of App\Models\User::is(string $role): bool must be compatible with Illuminate\Database\Eloquent\Model::is($model) {"exception":"[object] (Symfony\\Component\\ErrorHandler\\Error\\FatalError(code: 0): Declaration of App\\Models\\User::is(string $role): bool must be compatible with Illuminate\\Database\\Eloquent\\Model::is($model) at C:/Users/Namara saleem/Documents/Codex/2026-08-16/jh/ztams/app/Models/User.php:5)
[stacktrace]
#0 {main}
"} 
[2026-08-17 05:57:05] local.ERROR: Command "test" is not defined.

Did you mean one of these?
    make:test
    schedule:test {"exception":"[object] (Symfony\\Component\\Console\\Exception\\CommandNotFoundException(code: 0): Command \"test\" is not defined.

Did you mean one of these?
    make:test
    schedule:test at C:/Users/Namara saleem/Documents/Codex/2026-08-16/jh/ztams/vendor/symfony/console/Application.php:759)
[stacktrace]
#0 C:/Users/Namara saleem/Documents/Codex/2026-08-16/jh/ztams/vendor/symfony/console/Application.php(298): Symfony/Component/Console/Application->find('test')
#1 C:/Users/Namara saleem/Documents/Codex/2026-08-16/jh/ztams/vendor/symfony/console/Application.php(195): Symfony/Component/Console/Application->doRun(Object(Symfony/Component/Console/Input/ArgvInput), Object(Symfony/Component/Console/Output/ConsoleOutput))
#2 C:/Users/Namara saleem/Documents/Codex/2026-08-16/jh/ztams/vendor/laravel/framework/src/Illuminate/Foundation/Console/Kernel.php(198): Symfony/Component/Console/Application->run(Object(Symfony/Component/Console/Input/ArgvInput), Object(Symfony/Component/Console/Output/ConsoleOutput))
#3 C:/Users/Namara saleem/Documents/Codex/2026-08-16/jh/ztams/vendor/laravel/framework/src/Illuminate/Foundation/Application.php(1235): Illuminate/Foundation/Console/Kernel->handle(Object(Symfony/Component/Console/Input/ArgvInput), Object(Symfony/Component/Console/Output/ConsoleOutput))
#4 C:/Users/Namara saleem/Documents/Codex/2026-08-16/jh/ztams/artisan(6): Illuminate/Foundation/Application->handleCommand(Object(Symfony/Component/Console/Input/ArgvInput))
#5 {main}
"} 
[2026-08-17 05:57:40] local.ERROR: Command "test" is not defined.

Did you mean one of these?
    make:test
    schedule:test {"exception":"[object] (Symfony\\Component\\Console\\Exception\\CommandNotFoundException(code: 0): Command \"test\" is not defined.

Did you mean one of these?
    make:test
    schedule:test at C:/Users/Namara saleem/Documents/Codex/2026-08-16/jh/ztams/vendor/symfony/console/Application.php:759)
[stacktrace]
#0 C:/Users/Namara saleem/Documents/Codex/2026-08-16/jh/ztams/vendor/symfony/console/Application.php(298): Symfony/Component/Console/Application->find('test')
#1 C:/Users/Namara saleem/Documents/Codex/2026-08-16/jh/ztams/vendor/symfony/console/Application.php(195): Symfony/Component/Console/Application->doRun(Object(Symfony/Component/Console/Input/ArgvInput), Object(Symfony/Component/Console/Output/ConsoleOutput))
#2 C:/Users/Namara saleem/Documents/Codex/2026-08-16/jh/ztams/vendor/laravel/framework/src/Illuminate/Foundation/Console/Kernel.php(198): Symfony/Component/Console/Application->run(Object(Symfony/Component/Console/Input/ArgvInput), Object(Symfony/Component/Console/Output/ConsoleOutput))
#3 C:/Users/Namara saleem/Documents/Codex/2026-08-16/jh/ztams/vendor/laravel/framework/src/Illuminate/Foundation/Application.php(1235): Illuminate/Foundation/Console/Kernel->handle(Object(Symfony/Component/Console/Input/ArgvInput), Object(Symfony/Component/Console/Output/ConsoleOutput))
#4 C:/Users/Namara saleem/Documents/Codex/2026-08-16/jh/ztams/artisan(6): Illuminate/Foundation/Application->handleCommand(Object(Symfony/Component/Console/Input/ArgvInput))
#5 {main}
"} 
[2026-08-17 05:58:26] local.ERROR: View path not found. {"exception":"[object] (RuntimeException(code: 0): View path not found. at C:/Users/Namara saleem/Documents/Codex/2026-08-16/jh/ztams/vendor/laravel/framework/src/Illuminate/Foundation/Console/ViewClearCommand.php:59)
[stacktrace]
#0 C:/Users/Namara saleem/Documents/Codex/2026-08-16/jh/ztams/vendor/laravel/framework/src/Illuminate/Container/BoundMethod.php(36): Illuminate/Foundation/Console/ViewClearCommand->handle()
#1 C:/Users/Namara saleem/Documents/Codex/2026-08-16/jh/ztams/vendor/laravel/framework/src/Illuminate/Container/Util.php(43): Illuminate/Container/BoundMethod::Illuminate/Container/{closure}()
#2 C:/Users/Namara saleem/Documents/Codex/2026-08-16/jh/ztams/vendor/laravel/framework/src/Illuminate/Container/BoundMethod.php(95): Illuminate/Container/Util::unwrapIfClosure(Object(Closure))
#3 C:/Users/Namara saleem/Documents/Codex/2026-08-16/jh/ztams/vendor/laravel/framework/src/Illuminate/Container/BoundMethod.php(35): Illuminate/Container/BoundMethod::callBoundMethod(Object(Illuminate/Foundation/Application), Array, Object(Closure))
#4 C:/Users/Namara saleem/Documents/Codex/2026-08-16/jh/ztams/vendor/laravel/framework/src/Illuminate/Container/Container.php(696): Illuminate/Container/BoundMethod::call(Object(Illuminate/Foundation/Application), Array, Array, NULL)
#5 C:/Users/Namara saleem/Documents/Codex/2026-08-16/jh/ztams/vendor/laravel/framework/src/Illuminate/Console/Command.php(213): Illuminate/Container/Container->call(Array)
#6 C:/Users/Namara saleem/Documents/Codex/2026-08-16/jh/ztams/vendor/symfony/console/Command/Command.php(341): Illuminate/Console/Command->execute(Object(Symfony/Component/Console/Input/ArrayInput), Object(Illuminate/Console/OutputStyle))
#7 C:/Users/Namara saleem/Documents/Codex/2026-08-16/jh/ztams/vendor/laravel/framework/src/Illuminate/Console/Command.php(182): Symfony/Component/Console/Command/Command->run(Object(Symfony/Component/Console/Input/ArrayInput), Object(Illuminate/Console/OutputStyle))
#8 C:/Users/Namara saleem/Documents/Codex/2026-08-16/jh/ztams/vendor/laravel/framework/src/Illuminate/Console/Concerns/CallsCommands.php(68): Illuminate/Console/Command->run(Object(Symfony/Component/Console/Input/ArrayInput), Object(Symfony/Component/Console/Output/NullOutput))
#9 C:/Users/Namara saleem/Documents/Codex/2026-08-16/jh/ztams/vendor/laravel/framework/src/Illuminate/Console/Concerns/CallsCommands.php(41): Illuminate/Console/Command->runCommand('view:clear', Array, Object(Symfony/Component/Console/Output/NullOutput))
#10 C:/Users/Namara saleem/Documents/Codex/2026-08-16/jh/ztams/vendor/laravel/framework/src/Illuminate/Console/Concerns/CallsCommands.php(53): Illuminate/Console/Command->callSilent('view:clear', Array)
#11 C:/Users/Namara saleem/Documents/Codex/2026-08-16/jh/ztams/vendor/laravel/framework/src/Illuminate/Foundation/Console/OptimizeClearCommand.php(48): Illuminate/Console/Command->callSilently('view:clear')
#12 C:/Users/Namara saleem/Documents/Codex/2026-08-16/jh/ztams/vendor/laravel/framework/src/Illuminate/Console/View/Components/Task.php(40): Illuminate/Foundation/Console/OptimizeClearCommand->Illuminate/Foundation/Console/{closure}()
#13 C:/Users/Namara saleem/Documents/Codex/2026-08-16/jh/ztams/vendor/laravel/framework/src/Illuminate/Console/View/Components/Factory.php(60): Illuminate/Console/View/Components/Task->render('views', Object(Closure))
#14 C:/Users/Namara saleem/Documents/Codex/2026-08-16/jh/ztams/vendor/laravel/framework/src/Illuminate/Foundation/Console/OptimizeClearCommand.php(48): Illuminate/Console/View/Components/Factory->__call('task', Array)
#15 C:/Users/Namara saleem/Documents/Codex/2026-08-16/jh/ztams/vendor/laravel/framework/src/Illuminate/Container/BoundMethod.php(36): Illuminate/Foundation/Console/OptimizeClearCommand->handle()
#16 C:/Users/Namara saleem/Documents/Codex/2026-08-16/jh/ztams/vendor/laravel/framework/src/Illuminate/Container/Util.php(43): Illuminate/Container/BoundMethod::Illuminate/Container/{closure}()
#17 C:/Users/Namara saleem/Documents/Codex/2026-08-16/jh/ztams/vendor/laravel/framework/src/Illuminate/Container/BoundMethod.php(95): Illuminate/Container/Util::unwrapIfClosure(Object(Closure))
#18 C:/Users/Namara saleem/Documents/Codex/2026-08-16/jh/ztams/vendor/laravel/framework/src/Illuminate/Container/BoundMethod.php(35): Illuminate/Container/BoundMethod::callBoundMethod(Object(Illuminate/Foundation/Application), Array, Object(Closure))
#19 C:/Users/Namara saleem/Documents/Codex/2026-08-16/jh/ztams/vendor/laravel/framework/src/Illuminate/Container/Container.php(696): Illuminate/Container/BoundMethod::call(Object(Illuminate/Foundation/Application), Array, Array, NULL)
#20 C:/Users/Namara saleem/Documents/Codex/2026-08-16/jh/ztams/vendor/laravel/framework/src/Illuminate/Console/Command.php(213): Illuminate/Container/Container->call(Array)
#21 C:/Users/Namara saleem/Documents/Codex/2026-08-16/jh/ztams/vendor/symfony/console/Command/Command.php(341): Illuminate/Console/Command->execute(Object(Symfony/Component/Console/Input/ArgvInput), Object(Illuminate/Console/OutputStyle))
#22 C:/Users/Namara saleem/Documents/Codex/2026-08-16/jh/ztams/vendor/laravel/framework/src/Illuminate/Console/Command.php(182): Symfony/Component/Console/Command/Command->run(Object(Symfony/Component/Console/Input/ArgvInput), Object(Illuminate/Console/OutputStyle))
#23 C:/Users/Namara saleem/Documents/Codex/2026-08-16/jh/ztams/vendor/symfony/console/Application.php(1117): Illuminate/Console/Command->run(Object(Symfony/Component/Console/Input/ArgvInput), Object(Symfony/Component/Console/Output/ConsoleOutput))
#24 C:/Users/Namara saleem/Documents/Codex/2026-08-16/jh/ztams/vendor/symfony/console/Application.php(356): Symfony/Component/Console/Application->doRunCommand(Object(Illuminate/Foundation/Console/OptimizeClearCommand), Object(Symfony/Component/Console/Input/ArgvInput), Object(Symfony/Component/Console/Output/ConsoleOutput))
#25 C:/Users/Namara saleem/Documents/Codex/2026-08-16/jh/ztams/vendor/symfony/console/Application.php(195): Symfony/Component/Console/Application->doRun(Object(Symfony/Component/Console/Input/ArgvInput), Object(Symfony/Component/Console/Output/ConsoleOutput))
#26 C:/Users/Namara saleem/Documents/Codex/2026-08-16/jh/ztams/vendor/laravel/framework/src/Illuminate/Foundation/Console/Kernel.php(198): Symfony/Component/Console/Application->run(Object(Symfony/Component/Console/Input/ArgvInput), Object(Symfony/Component/Console/Output/ConsoleOutput))
#27 C:/Users/Namara saleem/Documents/Codex/2026-08-16/jh/ztams/vendor/laravel/framework/src/Illuminate/Foundation/Application.php(1235): Illuminate/Foundation/Console/Kernel->handle(Object(Symfony/Component/Console/Input/ArgvInput), Object(Symfony/Component/Console/Output/ConsoleOutput))
#28 C:/Users/Namara saleem/Documents/Codex/2026-08-16/jh/ztams/artisan(6): Illuminate/Foundation/Application->handleCommand(Object(Symfony/Component/Console/Input/ArgvInput))
#29 {main}
"} 
[2026-08-17 05:58:31] local.ERROR: Command "test" is not defined.

Did you mean one of these?
    make:test
    schedule:test {"exception":"[object] (Symfony\\Component\\Console\\Exception\\CommandNotFoundException(code: 0): Command \"test\" is not defined.

Did you mean one of these?
    make:test
    schedule:test at C:/Users/Namara saleem/Documents/Codex/2026-08-16/jh/ztams/vendor/symfony/console/Application.php:759)
[stacktrace]
#0 C:/Users/Namara saleem/Documents/Codex/2026-08-16/jh/ztams/vendor/symfony/console/Application.php(298): Symfony/Component/Console/Application->find('test')
#1 C:/Users/Namara saleem/Documents/Codex/2026-08-16/jh/ztams/vendor/symfony/console/Application.php(195): Symfony/Component/Console/Application->doRun(Object(Symfony/Component/Console/Input/ArgvInput), Object(Symfony/Component/Console/Output/ConsoleOutput))
#2 C:/Users/Namara saleem/Documents/Codex/2026-08-16/jh/ztams/vendor/laravel/framework/src/Illuminate/Foundation/Console/Kernel.php(198): Symfony/Component/Console/Application->run(Object(Symfony/Component/Console/Input/ArgvInput), Object(Symfony/Component/Console/Output/ConsoleOutput))
#3 C:/Users/Namara saleem/Documents/Codex/2026-08-16/jh/ztams/vendor/laravel/framework/src/Illuminate/Foundation/Application.php(1235): Illuminate/Foundation/Console/Kernel->handle(Object(Symfony/Component/Console/Input/ArgvInput), Object(Symfony/Component/Console/Output/ConsoleOutput))
#4 C:/Users/Namara saleem/Documents/Codex/2026-08-16/jh/ztams/artisan(6): Illuminate/Foundation/Application->handleCommand(Object(Symfony/Component/Console/Input/ArgvInput))
#5 {main}
"} 
[2026-08-17 05:58:32] local.ERROR: Command "tinker" is not defined. {"exception":"[object] (Symfony\\Component\\Console\\Exception\\CommandNotFoundException(code: 0): Command \"tinker\" is not defined. at C:/Users/Namara saleem/Documents/Codex/2026-08-16/jh/ztams/vendor/symfony/console/Application.php:759)
[stacktrace]
#0 C:/Users/Namara saleem/Documents/Codex/2026-08-16/jh/ztams/vendor/symfony/console/Application.php(298): Symfony/Component/Console/Application->find('tinker')
#1 C:/Users/Namara saleem/Documents/Codex/2026-08-16/jh/ztams/vendor/symfony/console/Application.php(195): Symfony/Component/Console/Application->doRun(Object(Symfony/Component/Console/Input/ArgvInput), Object(Symfony/Component/Console/Output/ConsoleOutput))
#2 C:/Users/Namara saleem/Documents/Codex/2026-08-16/jh/ztams/vendor/laravel/framework/src/Illuminate/Foundation/Console/Kernel.php(198): Symfony/Component/Console/Application->run(Object(Symfony/Component/Console/Input/ArgvInput), Object(Symfony/Component/Console/Output/ConsoleOutput))
#3 C:/Users/Namara saleem/Documents/Codex/2026-08-16/jh/ztams/vendor/laravel/framework/src/Illuminate/Foundation/Application.php(1235): Illuminate/Foundation/Console/Kernel->handle(Object(Symfony/Component/Console/Input/ArgvInput), Object(Symfony/Component/Console/Output/ConsoleOutput))
#4 C:/Users/Namara saleem/Documents/Codex/2026-08-16/jh/ztams/artisan(6): Illuminate/Foundation/Application->handleCommand(Object(Symfony/Component/Console/Input/ArgvInput))
#5 {main}
"} 
[2026-08-17 05:59:02] local.ERROR: Command "test" is not defined.

Did you mean one of these?
    make:test
    schedule:test {"exception":"[object] (Symfony\\Component\\Console\\Exception\\CommandNotFoundException(code: 0): Command \"test\" is not defined.

Did you mean one of these?
    make:test
    schedule:test at C:/Users/Namara saleem/Documents/Codex/2026-08-16/jh/ztams/vendor/symfony/console/Application.php:759)
[stacktrace]
#0 C:/Users/Namara saleem/Documents/Codex/2026-08-16/jh/ztams/vendor/symfony/console/Application.php(298): Symfony/Component/Console/Application->find('test')
#1 C:/Users/Namara saleem/Documents/Codex/2026-08-16/jh/ztams/vendor/symfony/console/Application.php(195): Symfony/Component/Console/Application->doRun(Object(Symfony/Component/Console/Input/ArgvInput), Object(Symfony/Component/Console/Output/ConsoleOutput))
#2 C:/Users/Namara saleem/Documents/Codex/2026-08-16/jh/ztams/vendor/laravel/framework/src/Illuminate/Foundation/Console/Kernel.php(198): Symfony/Component/Console/Application->run(Object(Symfony/Component/Console/Input/ArgvInput), Object(Symfony/Component/Console/Output/ConsoleOutput))
#3 C:/Users/Namara saleem/Documents/Codex/2026-08-16/jh/ztams/vendor/laravel/framework/src/Illuminate/Foundation/Application.php(1235): Illuminate/Foundation/Console/Kernel->handle(Object(Symfony/Component/Console/Input/ArgvInput), Object(Symfony/Component/Console/Output/ConsoleOutput))
#4 C:/Users/Namara saleem/Documents/Codex/2026-08-16/jh/ztams/artisan(6): Illuminate/Foundation/Application->handleCommand(Object(Symfony/Component/Console/Input/ArgvInput))
#5 {main}
"} 
[2026-08-17 06:05:21] local.ERROR: Class "App\Http\Controllers\Controller" not found {"exception":"[object] (Error(code: 0): Class \"App\\Http\\Controllers\\Controller\" not found at C:/Users/Namara saleem/Documents/Codex/2026-08-16/jh/ztams/app/Http/Controllers/AuthController.php:4)
[stacktrace]
#0 C:/Users/Namara saleem/Documents/Codex/2026-08-16/jh/ztams/vendor/composer/ClassLoader.php(576): include()
#1 C:/Users/Namara saleem/Documents/Codex/2026-08-16/jh/ztams/vendor/composer/ClassLoader.php(427): Composer/Autoload/{closure}('C://Users//Namara...')
#2 [internal function]: Composer/Autoload/ClassLoader->loadClass('App//Http//Contro...')
#3 C:/Users/Namara saleem/Documents/Codex/2026-08-16/jh/ztams/vendor/laravel/framework/src/Illuminate/Routing/Route.php(1117): is_a('App//Http//Contro...', 'Illuminate//Rout...', true)
#4 C:/Users/Namara saleem/Documents/Codex/2026-08-16/jh/ztams/vendor/laravel/framework/src/Illuminate/Routing/Route.php(1054): Illuminate/Routing/Route->controllerMiddleware()
#5 C:/Users/Namara saleem/Documents/Codex/2026-08-16/jh/ztams/vendor/laravel/framework/src/Illuminate/Routing/Router.php(820): Illuminate/Routing/Route->gatherMiddleware()
#6 C:/Users/Namara saleem/Documents/Codex/2026-08-16/jh/ztams/vendor/laravel/framework/src/Illuminate/Foundation/Console/RouteListCommand.php(211): Illuminate/Routing/Router->gatherRouteMiddleware(Object(Illuminate/Routing/Route))
#7 C:/Users/Namara saleem/Documents/Codex/2026-08-16/jh/ztams/vendor/laravel/framework/src/Illuminate/Foundation/Console/RouteListCommand.php(148): Illuminate/Foundation/Console/RouteListCommand->getMiddleware(Object(Illuminate/Routing/Route))
#8 C:/Users/Namara saleem/Documents/Codex/2026-08-16/jh/ztams/vendor/laravel/framework/src/Illuminate/Foundation/Console/RouteListCommand.php(118): Illuminate/Foundation/Console/RouteListCommand->getRouteInformation(Object(Illuminate/Routing/Route))
#9 [internal function]: Illuminate/Foundation/Console/RouteListCommand->Illuminate/Foundation/Console/{closure}(Object(Illuminate/Routing/Route), 1)
#10 C:/Users/Namara saleem/Documents/Codex/2026-08-16/jh/ztams/vendor/laravel/framework/src/Illuminate/Collections/Arr.php(609): array_map(Object(Closure), Array, Array)
#11 C:/Users/Namara saleem/Documents/Codex/2026-08-16/jh/ztams/vendor/laravel/framework/src/Illuminate/Collections/Collection.php(799): Illuminate/Support/Arr::map(Array, Object(Closure))
#12 C:/Users/Namara saleem/Documents/Codex/2026-08-16/jh/ztams/vendor/laravel/framework/src/Illuminate/Foundation/Console/RouteListCommand.php(117): Illuminate/Support/Collection->map(Object(Closure))
#13 C:/Users/Namara saleem/Documents/Codex/2026-08-16/jh/ztams/vendor/laravel/framework/src/Illuminate/Foundation/Console/RouteListCommand.php(103): Illuminate/Foundation/Console/RouteListCommand->getRoutes()
#14 C:/Users/Namara saleem/Documents/Codex/2026-08-16/jh/ztams/vendor/laravel/framework/src/Illuminate/Container/BoundMethod.php(36): Illuminate/Foundation/Console/RouteListCommand->handle()
#15 C:/Users/Namara saleem/Documents/Codex/2026-08-16/jh/ztams/vendor/laravel/framework/src/Illuminate/Container/Util.php(43): Illuminate/Container/BoundMethod::Illuminate/Container/{closure}()
#16 C:/Users/Namara saleem/Documents/Codex/2026-08-16/jh/ztams/vendor/laravel/framework/src/Illuminate/Container/BoundMethod.php(95): Illuminate/Container/Util::unwrapIfClosure(Object(Closure))
#17 C:/Users/Namara saleem/Documents/Codex/2026-08-16/jh/ztams/vendor/laravel/framework/src/Illuminate/Container/BoundMethod.php(35): Illuminate/Container/BoundMethod::callBoundMethod(Object(Illuminate/Foundation/Application), Array, Object(Closure))
#18 C:/Users/Namara saleem/Documents/Codex/2026-08-16/jh/ztams/vendor/laravel/framework/src/Illuminate/Container/Container.php(696): Illuminate/Container/BoundMethod::call(Object(Illuminate/Foundation/Application), Array, Array, NULL)
#19 C:/Users/Namara saleem/Documents/Codex/2026-08-16/jh/ztams/vendor/laravel/framework/src/Illuminate/Console/Command.php(213): Illuminate/Container/Container->call(Array)
#20 C:/Users/Namara saleem/Documents/Codex/2026-08-16/jh/ztams/vendor/symfony/console/Command/Command.php(341): Illuminate/Console/Command->execute(Object(Symfony/Component/Console/Input/ArgvInput), Object(Illuminate/Console/OutputStyle))
#21 C:/Users/Namara saleem/Documents/Codex/2026-08-16/jh/ztams/vendor/laravel/framework/src/Illuminate/Console/Command.php(182): Symfony/Component/Console/Command/Command->run(Object(Symfony/Component/Console/Input/ArgvInput), Object(Illuminate/Console/OutputStyle))
#22 C:/Users/Namara saleem/Documents/Codex/2026-08-16/jh/ztams/vendor/symfony/console/Application.php(1117): Illuminate/Console/Command->run(Object(Symfony/Component/Console/Input/ArgvInput), Object(Symfony/Component/Console/Output/ConsoleOutput))
#23 C:/Users/Namara saleem/Documents/Codex/2026-08-16/jh/ztams/vendor/symfony/console/Application.php(356): Symfony/Component/Console/Application->doRunCommand(Object(Illuminate/Foundation/Console/RouteListCommand), Object(Symfony/Component/Console/Input/ArgvInput), Object(Symfony/Component/Console/Output/ConsoleOutput))
#24 C:/Users/Namara saleem/Documents/Codex/2026-08-16/jh/ztams/vendor/symfony/console/Application.php(195): Symfony/Component/Console/Application->doRun(Object(Symfony/Component/Console/Input/ArgvInput), Object(Symfony/Component/Console/Output/ConsoleOutput))
#25 C:/Users/Namara saleem/Documents/Codex/2026-08-16/jh/ztams/vendor/laravel/framework/src/Illuminate/Foundation/Console/Kernel.php(198): Symfony/Component/Console/Application->run(Object(Symfony/Component/Console/Input/ArgvInput), Object(Symfony/Component/Console/Output/ConsoleOutput))
#26 C:/Users/Namara saleem/Documents/Codex/2026-08-16/jh/ztams/vendor/laravel/framework/src/Illuminate/Foundation/Application.php(1235): Illuminate/Foundation/Console/Kernel->handle(Object(Symfony/Component/Console/Input/ArgvInput), Object(Symfony/Component/Console/Output/ConsoleOutput))
#27 C:/Users/Namara saleem/Documents/Codex/2026-08-16/jh/ztams/artisan(6): Illuminate/Foundation/Application->handleCommand(Object(Symfony/Component/Console/Input/ArgvInput))
#28 {main}
"} 
[2026-08-17 06:06:29] local.ERROR: The provided cwd "C:\Users\Namara saleem\Documents\Codex\2026-08-16\jh\ztams\public" does not exist. {"exception":"[object] (Symfony\\Component\\Process\\Exception\\RuntimeException(code: 0): The provided cwd \"C:\\Users\\Namara saleem\\Documents\\Codex\\2026-08-16\\jh\\ztams\\public\" does not exist. at C:/Users/Namara saleem/Documents/Codex/2026-08-16/jh/ztams/vendor/symfony/process/Process.php:371)
[stacktrace]
#0 C:/Users/Namara saleem/Documents/Codex/2026-08-16/jh/ztams/vendor/laravel/framework/src/Illuminate/Foundation/Console/ServeCommand.php(190): Symfony/Component/Process/Process->start(Object(Closure))
#1 C:/Users/Namara saleem/Documents/Codex/2026-08-16/jh/ztams/vendor/laravel/framework/src/Illuminate/Foundation/Console/ServeCommand.php(129): Illuminate/Foundation/Console/ServeCommand->startProcess(true)
#2 C:/Users/Namara saleem/Documents/Codex/2026-08-16/jh/ztams/vendor/laravel/framework/src/Illuminate/Container/BoundMethod.php(36): Illuminate/Foundation/Console/ServeCommand->handle()
#3 C:/Users/Namara saleem/Documents/Codex/2026-08-16/jh/ztams/vendor/laravel/framework/src/Illuminate/Container/Util.php(43): Illuminate/Container/BoundMethod::Illuminate/Container/{closure}()
#4 C:/Users/Namara saleem/Documents/Codex/2026-08-16/jh/ztams/vendor/laravel/framework/src/Illuminate/Container/BoundMethod.php(95): Illuminate/Container/Util::unwrapIfClosure(Object(Closure))
#5 C:/Users/Namara saleem/Documents/Codex/2026-08-16/jh/ztams/vendor/laravel/framework/src/Illuminate/Container/BoundMethod.php(35): Illuminate/Container/BoundMethod::callBoundMethod(Object(Illuminate/Foundation/Application), Array, Object(Closure))
#6 C:/Users/Namara saleem/Documents/Codex/2026-08-16/jh/ztams/vendor/laravel/framework/src/Illuminate/Container/Container.php(696): Illuminate/Container/BoundMethod::call(Object(Illuminate/Foundation/Application), Array, Array, NULL)
#7 C:/Users/Namara saleem/Documents/Codex/2026-08-16/jh/ztams/vendor/laravel/framework/src/Illuminate/Console/Command.php(213): Illuminate/Container/Container->call(Array)
#8 C:/Users/Namara saleem/Documents/Codex/2026-08-16/jh/ztams/vendor/symfony/console/Command/Command.php(341): Illuminate/Console/Command->execute(Object(Symfony/Component/Console/Input/ArgvInput), Object(Illuminate/Console/OutputStyle))
#9 C:/Users/Namara saleem/Documents/Codex/2026-08-16/jh/ztams/vendor/laravel/framework/src/Illuminate/Console/Command.php(182): Symfony/Component/Console/Command/Command->run(Object(Symfony/Component/Console/Input/ArgvInput), Object(Illuminate/Console/OutputStyle))
#10 C:/Users/Namara saleem/Documents/Codex/2026-08-16/jh/ztams/vendor/symfony/console/Application.php(1117): Illuminate/Console/Command->run(Object(Symfony/Component/Console/Input/ArgvInput), Object(Symfony/Component/Console/Output/ConsoleOutput))
#11 C:/Users/Namara saleem/Documents/Codex/2026-08-16/jh/ztams/vendor/symfony/console/Application.php(356): Symfony/Component/Console/Application->doRunCommand(Object(Illuminate/Foundation/Console/ServeCommand), Object(Symfony/Component/Console/Input/ArgvInput), Object(Symfony/Component/Console/Output/ConsoleOutput))
#12 C:/Users/Namara saleem/Documents/Codex/2026-08-16/jh/ztams/vendor/symfony/console/Application.php(195): Symfony/Component/Console/Application->doRun(Object(Symfony/Component/Console/Input/ArgvInput), Object(Symfony/Component/Console/Output/ConsoleOutput))
#13 C:/Users/Namara saleem/Documents/Codex/2026-08-16/jh/ztams/vendor/laravel/framework/src/Illuminate/Foundation/Console/Kernel.php(198): Symfony/Component/Console/Application->run(Object(Symfony/Component/Console/Input/ArgvInput), Object(Symfony/Component/Console/Output/ConsoleOutput))
#14 C:/Users/Namara saleem/Documents/Codex/2026-08-16/jh/ztams/vendor/laravel/framework/src/Illuminate/Foundation/Application.php(1235): Illuminate/Foundation/Console/Kernel->handle(Object(Symfony/Component/Console/Input/ArgvInput), Object(Symfony/Component/Console/Output/ConsoleOutput))
#15 C:/Users/Namara saleem/Documents/Codex/2026-08-16/jh/ztams/artisan(6): Illuminate/Foundation/Application->handleCommand(Object(Symfony/Component/Console/Input/ArgvInput))
#16 {main}
"} 
[2026-08-17 06:07:38] local.ERROR: syntax error, unexpected token "endif", expecting end of file (View: C:\Users\Namara saleem\Documents\Codex\2026-08-16\jh\ztams\resources\views\components\layouts\app.blade.php) (View: C:\Users\Namara saleem\Documents\Codex\2026-08-16\jh\ztams\resources\views\components\layouts\app.blade.php) {"userId":7,"exception":"[object] (Illuminate\\View\\ViewException(code: 0): syntax error, unexpected token \"endif\", expecting end of file (View: C:\\Users\\Namara saleem\\Documents\\Codex\\2026-08-16\\jh\\ztams\\resources\\views\\components\\layouts\\app.blade.php) (View: C:\\Users\\Namara saleem\\Documents\\Codex\\2026-08-16\\jh\\ztams\\resources\\views\\components\\layouts\\app.blade.php) at C:/Users/Namara saleem/Documents/Codex/2026-08-16/jh/ztams/storage/framework/views/69075417c9a0d54b43e324644c3f6982.php:1)
[stacktrace]
#0 C:/Users/Namara saleem/Documents/Codex/2026-08-16/jh/ztams/vendor/laravel/framework/src/Illuminate/View/Engines/PhpEngine.php(60): Illuminate/View/Engines/CompilerEngine->handleViewException(Object(Illuminate/View/ViewException), 1)
#1 C:/Users/Namara saleem/Documents/Codex/2026-08-16/jh/ztams/vendor/laravel/framework/src/Illuminate/View/Engines/CompilerEngine.php(75): Illuminate/View/Engines/PhpEngine->evaluatePath('C://Users//Namara...', Array)
#2 C:/Users/Namara saleem/Documents/Codex/2026-08-16/jh/ztams/vendor/laravel/framework/src/Illuminate/View/View.php(209): Illuminate/View/Engines/CompilerEngine->get('C://Users//Namara...', Array)
#3 C:/Users/Namara saleem/Documents/Codex/2026-08-16/jh/ztams/vendor/laravel/framework/src/Illuminate/View/View.php(192): Illuminate/View/View->getContents()
#4 C:/Users/Namara saleem/Documents/Codex/2026-08-16/jh/ztams/vendor/laravel/framework/src/Illuminate/View/View.php(161): Illuminate/View/View->renderContents()
#5 C:/Users/Namara saleem/Documents/Codex/2026-08-16/jh/ztams/vendor/laravel/framework/src/Illuminate/Http/Response.php(79): Illuminate/View/View->render()
#6 C:/Users/Namara saleem/Documents/Codex/2026-08-16/jh/ztams/vendor/laravel/framework/src/Illuminate/Http/Response.php(35): Illuminate/Http/Response->setContent(Object(Illuminate/View/View))
#7 C:/Users/Namara saleem/Documents/Codex/2026-08-16/jh/ztams/vendor/laravel/framework/src/Illuminate/Routing/Router.php(920): Illuminate/Http/Response->__construct(Object(Illuminate/View/View), 200, Array)
#8 C:/Users/Namara saleem/Documents/Codex/2026-08-16/jh/ztams/vendor/laravel/framework/src/Illuminate/Routing/Router.php(887): Illuminate/Routing/Router::toResponse(Object(Illuminate/Http/Request), Object(Illuminate/View/View))
#9 C:/Users/Namara saleem/Documents/Codex/2026-08-16/jh/ztams/vendor/laravel/framework/src/Illuminate/Routing/Router.php(807): Illuminate/Routing/Router->prepareResponse(Object(Illuminate/Http/Request), Object(Illuminate/View/View))
#10 C:/Users/Namara saleem/Documents/Codex/2026-08-16/jh/ztams/vendor/laravel/framework/src/Illuminate/Pipeline/Pipeline.php(170): Illuminate/Routing/Router->Illuminate/Routing/{closure}(Object(Illuminate/Http/Request))
#11 C:/Users/Namara saleem/Documents/Codex/2026-08-16/jh/ztams/app/Http/Middleware/EnsureRole.php(4): Illuminate/Pipeline/Pipeline->Illuminate/Pipeline/{closure}(Object(Illuminate/Http/Request))
#12 C:/Users/Namara saleem/Documents/Codex/2026-08-16/jh/ztams/vendor/laravel/framework/src/Illuminate/Pipeline/Pipeline.php(209): App/Http/Middleware/EnsureRole->handle(Object(Illuminate/Http/Request), Object(Closure), 'teacher')
#13 C:/Users/Namara saleem/Documents/Codex/2026-08-16/jh/ztams/vendor/laravel/framework/src/Illuminate/Routing/Middleware/SubstituteBindings.php(51): Illuminate/Pipeline/Pipeline->Illuminate/Pipeline/{closure}(Object(Illuminate/Http/Request))
#14 C:/Users/Namara saleem/Documents/Codex/2026-08-16/jh/ztams/vendor/laravel/framework/src/Illuminate/Pipeline/Pipeline.php(209): Illuminate/Routing/Middleware/SubstituteBindings->handle(Object(Illuminate/Http/Request), Object(Closure))
#15 C:/Users/Namara saleem/Documents/Codex/2026-08-16/jh/ztams/vendor/laravel/framework/src/Illuminate/Auth/Middleware/Authenticate.php(64): Illuminate/Pipeline/Pipeline->Illuminate/Pipeline/{closure}(Object(Illuminate/Http/Request))
#16 C:/Users/Namara saleem/Documents/Codex/2026-08-16/jh/ztams/vendor/laravel/framework/src/Illuminate/Pipeline/Pipeline.php(209): Illuminate/Auth/Middleware/Authenticate->handle(Object(Illuminate/Http/Request), Object(Closure))
#17 C:/Users/Namara saleem/Documents/Codex/2026-08-16/jh/ztams/vendor/laravel/framework/src/Illuminate/Foundation/Http/Middleware/VerifyCsrfToken.php(88): Illuminate/Pipeline/Pipeline->Illuminate/Pipeline/{closure}(Object(Illuminate/Http/Request))
#18 C:/Users/Namara saleem/Documents/Codex/2026-08-16/jh/ztams/vendor/laravel/framework/src/Illuminate/Pipeline/Pipeline.php(209): Illuminate/Foundation/Http/Middleware/VerifyCsrfToken->handle(Object(Illuminate/Http/Request), Object(Closure))
#19 C:/Users/Namara saleem/Documents/Codex/2026-08-16/jh/ztams/vendor/laravel/framework/src/Illuminate/View/Middleware/ShareErrorsFromSession.php(49): Illuminate/Pipeline/Pipeline->Illuminate/Pipeline/{closure}(Object(Illuminate/Http/Request))
#20 C:/Users/Namara saleem/Documents/Codex/2026-08-16/jh/ztams/vendor/laravel/framework/src/Illuminate/Pipeline/Pipeline.php(209): Illuminate/View/Middleware/ShareErrorsFromSession->handle(Object(Illuminate/Http/Request), Object(Closure))
#21 C:/Users/Namara saleem/Documents/Codex/2026-08-16/jh/ztams/vendor/laravel/framework/src/Illuminate/Session/Middleware/StartSession.php(121): Illuminate/Pipeline/Pipeline->Illuminate/Pipeline/{closure}(Object(Illuminate/Http/Request))
#22 C:/Users/Namara saleem/Documents/Codex/2026-08-16/jh/ztams/vendor/laravel/framework/src/Illuminate/Session/Middleware/StartSession.php(64): Illuminate/Session/Middleware/StartSession->handleStatefulRequest(Object(Illuminate/Http/Request), Object(Illuminate/Session/Store), Object(Closure))
#23 C:/Users/Namara saleem/Documents/Codex/2026-08-16/jh/ztams/vendor/laravel/framework/src/Illuminate/Pipeline/Pipeline.php(209): Illuminate/Session/Middleware/StartSession->handle(Object(Illuminate/Http/Request), Object(Closure))
#24 C:/Users/Namara saleem/Documents/Codex/2026-08-16/jh/ztams/vendor/laravel/framework/src/Illuminate/Cookie/Middleware/AddQueuedCookiesToResponse.php(37): Illuminate/Pipeline/Pipeline->Illuminate/Pipeline/{closure}(Object(Illuminate/Http/Request))
#25 C:/Users/Namara saleem/Documents/Codex/2026-08-16/jh/ztams/vendor/laravel/framework/src/Illuminate/Pipeline/Pipeline.php(209): Illuminate/Cookie/Middleware/AddQueuedCookiesToResponse->handle(Object(Illuminate/Http/Request), Object(Closure))
#26 C:/Users/Namara saleem/Documents/Codex/2026-08-16/jh/ztams/vendor/laravel/framework/src/Illuminate/Cookie/Middleware/EncryptCookies.php(75): Illuminate/Pipeline/Pipeline->Illuminate/Pipeline/{closure}(Object(Illuminate/Http/Request))
#27 C:/Users/Namara saleem/Documents/Codex/2026-08-16/jh/ztams/vendor/laravel/framework/src/Illuminate/Pipeline/Pipeline.php(209): Illuminate/Cookie/Middleware/EncryptCookies->handle(Object(Illuminate/Http/Request), Object(Closure))
#28 C:/Users/Namara saleem/Documents/Codex/2026-08-16/jh/ztams/vendor/laravel/framework/src/Illuminate/Pipeline/Pipeline.php(127): Illuminate/Pipeline/Pipeline->Illuminate/Pipeline/{closure}(Object(Illuminate/Http/Request))
#29 C:/Users/Namara saleem/Documents/Codex/2026-08-16/jh/ztams/vendor/laravel/framework/src/Illuminate/Routing/Router.php(807): Illuminate/Pipeline/Pipeline->then(Object(Closure))
#30 C:/Users/Namara saleem/Documents/Codex/2026-08-16/jh/ztams/vendor/laravel/framework/src/Illuminate/Routing/Router.php(786): Illuminate/Routing/Router->runRouteWithinStack(Object(Illuminate/Routing/Route), Object(Illuminate/Http/Request))
#31 C:/Users/Namara saleem/Documents/Codex/2026-08-16/jh/ztams/vendor/laravel/framework/src/Illuminate/Routing/Router.php(750): Illuminate/Routing/Router->runRoute(Object(Illuminate/Http/Request), Object(Illuminate/Routing/Route))
#32 C:/Users/Namara saleem/Documents/Codex/2026-08-16/jh/ztams/vendor/laravel/framework/src/Illuminate/Routing/Router.php(739): Illuminate/Routing/Router->dispatchToRoute(Object(Illuminate/Http/Request))
#33 C:/Users/Namara saleem/Documents/Codex/2026-08-16/jh/ztams/vendor/laravel/framework/src/Illuminate/Foundation/Http/Kernel.php(201): Illuminate/Routing/Router->dispatch(Object(Illuminate/Http/Request))
#34 C:/Users/Namara saleem/Documents/Codex/2026-08-16/jh/ztams/vendor/laravel/framework/src/Illuminate/Pipeline/Pipeline.php(170): Illuminate/Foundation/Http/Kernel->Illuminate/Foundation/Http/{closure}(Object(Illuminate/Http/Request))
#35 C:/Users/Namara saleem/Documents/Codex/2026-08-16/jh/ztams/vendor/laravel/framework/src/Illuminate/Foundation/Http/Middleware/TransformsRequest.php(21): Illuminate/Pipeline/Pipeline->Illuminate/Pipeline/{closure}(Object(Illuminate/Http/Request))
#36 C:/Users/Namara saleem/Documents/Codex/2026-08-16/jh/ztams/vendor/laravel/framework/src/Illuminate/Foundation/Http/Middleware/ConvertEmptyStringsToNull.php(31): Illuminate/Foundation/Http/Middleware/TransformsRequest->handle(Object(Illuminate/Http/Request), Object(Closure))
#37 C:/Users/Namara saleem/Documents/Codex/2026-08-16/jh/ztams/vendor/laravel/framework/src/Illuminate/Pipeline/Pipeline.php(209): Illuminate/Foundation/Http/Middleware/ConvertEmptyStringsToNull->handle(Object(Illuminate/Http/Request), Object(Closure))
#38 C:/Users/Namara saleem/Documents/Codex/2026-08-16/jh/ztams/vendor/laravel/framework/src/Illuminate/Foundation/Http/Middleware/TransformsRequest.php(21): Illuminate/Pipeline/Pipeline->Illuminate/Pipeline/{closure}(Object(Illuminate/Http/Request))
#39 C:/Users/Namara saleem/Documents/Codex/2026-08-16/jh/ztams/vendor/laravel/framework/src/Illuminate/Foundation/Http/Middleware/TrimStrings.php(51): Illuminate/Foundation/Http/Middleware/TransformsRequest->handle(Object(Illuminate/Http/Request), Object(Closure))
#40 C:/Users/Namara saleem/Documents/Codex/2026-08-16/jh/ztams/vendor/laravel/framework/src/Illuminate/Pipeline/Pipeline.php(209): Illuminate/Foundation/Http/Middleware/TrimStrings->handle(Object(Illuminate/Http/Request), Object(Closure))
#41 C:/Users/Namara saleem/Documents/Codex/2026-08-16/jh/ztams/vendor/laravel/framework/src/Illuminate/Http/Middleware/ValidatePostSize.php(27): Illuminate/Pipeline/Pipeline->Illuminate/Pipeline/{closure}(Object(Illuminate/Http/Request))
#42 C:/Users/Namara saleem/Documents/Codex/2026-08-16/jh/ztams/vendor/laravel/framework/src/Illuminate/Pipeline/Pipeline.php(209): Illuminate/Http/Middleware/ValidatePostSize->handle(Object(Illuminate/Http/Request), Object(Closure))
#43 C:/Users/Namara saleem/Documents/Codex/2026-08-16/jh/ztams/vendor/laravel/framework/src/Illuminate/Foundation/Http/Middleware/PreventRequestsDuringMaintenance.php(110): Illuminate/Pipeline/Pipeline->Illuminate/Pipeline/{closure}(Object(Illuminate/Http/Request))
#44 C:/Users/Namara saleem/Documents/Codex/2026-08-16/jh/ztams/vendor/laravel/framework/src/Illuminate/Pipeline/Pipeline.php(209): Illuminate/Foundation/Http/Middleware/PreventRequestsDuringMaintenance->handle(Object(Illuminate/Http/Request), Object(Closure))
#45 C:/Users/Namara saleem/Documents/Codex/2026-08-16/jh/ztams/vendor/laravel/framework/src/Illuminate/Http/Middleware/HandleCors.php(49): Illuminate/Pipeline/Pipeline->Illuminate/Pipeline/{closure}(Object(Illuminate/Http/Request))
#46 C:/Users/Namara saleem/Documents/Codex/2026-08-16/jh/ztams/vendor/laravel/framework/src/Illuminate/Pipeline/Pipeline.php(209): Illuminate/Http/Middleware/HandleCors->handle(Object(Illuminate/Http/Request), Object(Closure))
#47 C:/Users/Namara saleem/Documents/Codex/2026-08-16/jh/ztams/vendor/laravel/framework/src/Illuminate/Http/Middleware/TrustProxies.php(58): Illuminate/Pipeline/Pipeline->Illuminate/Pipeline/{closure}(Object(Illuminate/Http/Request))
#48 C:/Users/Namara saleem/Documents/Codex/2026-08-16/jh/ztams/vendor/laravel/framework/src/Illuminate/Pipeline/Pipeline.php(209): Illuminate/Http/Middleware/TrustProxies->handle(Object(Illuminate/Http/Request), Object(Closure))
#49 C:/Users/Namara saleem/Documents/Codex/2026-08-16/jh/ztams/vendor/laravel/framework/src/Illuminate/Foundation/Http/Middleware/InvokeDeferredCallbacks.php(22): Illuminate/Pipeline/Pipeline->Illuminate/Pipeline/{closure}(Object(Illuminate/Http/Request))
#50 C:/Users/Namara saleem/Documents/Codex/2026-08-16/jh/ztams/vendor/laravel/framework/src/Illuminate/Pipeline/Pipeline.php(209): Illuminate/Foundation/Http/Middleware/InvokeDeferredCallbacks->handle(Object(Illuminate/Http/Request), Object(Closure))
#51 C:/Users/Namara saleem/Documents/Codex/2026-08-16/jh/ztams/vendor/laravel/framework/src/Illuminate/Pipeline/Pipeline.php(127): Illuminate/Pipeline/Pipeline->Illuminate/Pipeline/{closure}(Object(Illuminate/Http/Request))
#52 C:/Users/Namara saleem/Documents/Codex/2026-08-16/jh/ztams/vendor/laravel/framework/src/Illuminate/Foundation/Http/Kernel.php(176): Illuminate/Pipeline/Pipeline->then(Object(Closure))
#53 C:/Users/Namara saleem/Documents/Codex/2026-08-16/jh/ztams/vendor/laravel/framework/src/Illuminate/Foundation/Http/Kernel.php(145): Illuminate/Foundation/Http/Kernel->sendRequestThroughRouter(Object(Illuminate/Http/Request))
#54 C:/Users/Namara saleem/Documents/Codex/2026-08-16/jh/ztams/vendor/laravel/framework/src/Illuminate/Foundation/Application.php(1220): Illuminate/Foundation/Http/Kernel->handle(Object(Illuminate/Http/Request))
#55 C:/Users/Namara saleem/Documents/Codex/2026-08-16/jh/ztams/public/index.php(17): Illuminate/Foundation/Application->handleRequest(Object(Illuminate/Http/Request))
#56 C:/Users/Namara saleem/Documents/Codex/2026-08-16/jh/ztams/vendor/laravel/framework/src/Illuminate/Foundation/resources/server.php(23): require_once('C://Users//Namara...')
#57 {main}

[previous exception] [object] (Illuminate\\View\\ViewException(code: 0): syntax error, unexpected token \"endif\", expecting end of file (View: C:\\Users\\Namara saleem\\Documents\\Codex\\2026-08-16\\jh\\ztams\\resources\\views\\components\\layouts\\app.blade.php) at C:/Users/Namara saleem/Documents/Codex/2026-08-16/jh/ztams/storage/framework/views/69075417c9a0d54b43e324644c3f6982.php:1)
[stacktrace]
#0 C:/Users/Namara saleem/Documents/Codex/2026-08-16/jh/ztams/vendor/laravel/framework/src/Illuminate/View/Engines/PhpEngine.php(60): Illuminate/View/Engines/CompilerEngine->handleViewException(Object(ParseError), 2)
#1 C:/Users/Namara saleem/Documents/Codex/2026-08-16/jh/ztams/vendor/laravel/framework/src/Illuminate/View/Engines/CompilerEngine.php(75): Illuminate/View/Engines/PhpEngine->evaluatePath('C://Users//Namara...', Array)
#2 C:/Users/Namara saleem/Documents/Codex/2026-08-16/jh/ztams/vendor/laravel/framework/src/Illuminate/View/View.php(209): Illuminate/View/Engines/CompilerEngine->get('C://Users//Namara...', Array)
#3 C:/Users/Namara saleem/Documents/Codex/2026-08-16/jh/ztams/vendor/laravel/framework/src/Illuminate/View/View.php(192): Illuminate/View/View->getContents()
#4 C:/Users/Namara saleem/Documents/Codex/2026-08-16/jh/ztams/vendor/laravel/framework/src/Illuminate/View/View.php(161): Illuminate/View/View->renderContents()
#5 C:/Users/Namara saleem/Documents/Codex/2026-08-16/jh/ztams/vendor/laravel/framework/src/Illuminate/View/Concerns/ManagesComponents.php(103): Illuminate/View/View->render()
#6 C:/Users/Namara saleem/Documents/Codex/2026-08-16/jh/ztams/storage/framework/views/7c4a99214120db27a7135ee235ab2dce.php(10): Illuminate/View/Factory->renderComponent()
#7 C:/Users/Namara saleem/Documents/Codex/2026-08-16/jh/ztams/vendor/laravel/framework/src/Illuminate/Filesystem/Filesystem.php(123): require('C://Users//Namara...')
#8 C:/Users/Namara saleem/Documents/Codex/2026-08-16/jh/ztams/vendor/laravel/framework/src/Illuminate/Filesystem/Filesystem.php(124): Illuminate/Filesystem/Filesystem::Illuminate/Filesystem/{closure}()
#9 C:/Users/Namara saleem/Documents/Codex/2026-08-16/jh/ztams/vendor/laravel/framework/src/Illuminate/View/Engines/PhpEngine.php(58): Illuminate/Filesystem/Filesystem->getRequire('C://Users//Namara...', Array)
#10 C:/Users/Namara saleem/Documents/Codex/2026-08-16/jh/ztams/vendor/laravel/framework/src/Illuminate/View/Engines/CompilerEngine.php(75): Illuminate/View/Engines/PhpEngine->evaluatePath('C://Users//Namara...', Array)
#11 C:/Users/Namara saleem/Documents/Codex/2026-08-16/jh/ztams/vendor/laravel/framework/src/Illuminate/View/View.php(209): Illuminate/View/Engines/CompilerEngine->get('C://Users//Namara...', Array)
#12 C:/Users/Namara saleem/Documents/Codex/2026-08-16/jh/ztams/vendor/laravel/framework/src/Illuminate/View/View.php(192): Illuminate/View/View->getContents()
#13 C:/Users/Namara saleem/Documents/Codex/2026-08-16/jh/ztams/vendor/laravel/framework/src/Illuminate/View/View.php(161): Illuminate/View/View->renderContents()
#14 C:/Users/Namara saleem/Documents/Codex/2026-08-16/jh/ztams/vendor/laravel/framework/src/Illuminate/Http/Response.php(79): Illuminate/View/View->render()
#15 C:/Users/Namara saleem/Documents/Codex/2026-08-16/jh/ztams/vendor/laravel/framework/src/Illuminate/Http/Response.php(35): Illuminate/Http/Response->setContent(Object(Illuminate/View/View))
#16 C:/Users/Namara saleem/Documents/Codex/2026-08-16/jh/ztams/vendor/laravel/framework/src/Illuminate/Routing/Router.php(920): Illuminate/Http/Response->__construct(Object(Illuminate/View/View), 200, Array)
#17 C:/Users/Namara saleem/Documents/Codex/2026-08-16/jh/ztams/vendor/laravel/framework/src/Illuminate/Routing/Router.php(887): Illuminate/Routing/Router::toResponse(Object(Illuminate/Http/Request), Object(Illuminate/View/View))
#18 C:/Users/Namara saleem/Documents/Codex/2026-08-16/jh/ztams/vendor/laravel/framework/src/Illuminate/Routing/Router.php(807): Illuminate/Routing/Router->prepareResponse(Object(Illuminate/Http/Request), Object(Illuminate/View/View))
#19 C:/Users/Namara saleem/Documents/Codex/2026-08-16/jh/ztams/vendor/laravel/framework/src/Illuminate/Pipeline/Pipeline.php(170): Illuminate/Routing/Router->Illuminate/Routing/{closure}(Object(Illuminate/Http/Request))
#20 C:/Users/Namara saleem/Documents/Codex/2026-08-16/jh/ztams/app/Http/Middleware/EnsureRole.php(4): Illuminate/Pipeline/Pipeline->Illuminate/Pipeline/{closure}(Object(Illuminate/Http/Request))
#21 C:/Users/Namara saleem/Documents/Codex/2026-08-16/jh/ztams/vendor/laravel/framework/src/Illuminate/Pipeline/Pipeline.php(209): App/Http/Middleware/EnsureRole->handle(Object(Illuminate/Http/Request), Object(Closure), 'teacher')
#22 C:/Users/Namara saleem/Documents/Codex/2026-08-16/jh/ztams/vendor/laravel/framework/src/Illuminate/Routing/Middleware/SubstituteBindings.php(51): Illuminate/Pipeline/Pipeline->Illuminate/Pipeline/{closure}(Object(Illuminate/Http/Request))
#23 C:/Users/Namara saleem/Documents/Codex/2026-08-16/jh/ztams/vendor/laravel/framework/src/Illuminate/Pipeline/Pipeline.php(209): Illuminate/Routing/Middleware/SubstituteBindings->handle(Object(Illuminate/Http/Request), Object(Closure))
#24 C:/Users/Namara saleem/Documents/Codex/2026-08-16/jh/ztams/vendor/laravel/framework/src/Illuminate/Auth/Middleware/Authenticate.php(64): Illuminate/Pipeline/Pipeline->Illuminate/Pipeline/{closure}(Object(Illuminate/Http/Request))
#25 C:/Users/Namara saleem/Documents/Codex/2026-08-16/jh/ztams/vendor/laravel/framework/src/Illuminate/Pipeline/Pipeline.php(209): Illuminate/Auth/Middleware/Authenticate->handle(Object(Illuminate/Http/Request), Object(Closure))
#26 C:/Users/Namara saleem/Documents/Codex/2026-08-16/jh/ztams/vendor/laravel/framework/src/Illuminate/Foundation/Http/Middleware/VerifyCsrfToken.php(88): Illuminate/Pipeline/Pipeline->Illuminate/Pipeline/{closure}(Object(Illuminate/Http/Request))
#27 C:/Users/Namara saleem/Documents/Codex/2026-08-16/jh/ztams/vendor/laravel/framework/src/Illuminate/Pipeline/Pipeline.php(209): Illuminate/Foundation/Http/Middleware/VerifyCsrfToken->handle(Object(Illuminate/Http/Request), Object(Closure))
#28 C:/Users/Namara saleem/Documents/Codex/2026-08-16/jh/ztams/vendor/laravel/framework/src/Illuminate/View/Middleware/ShareErrorsFromSession.php(49): Illuminate/Pipeline/Pipeline->Illuminate/Pipeline/{closure}(Object(Illuminate/Http/Request))
#29 C:/Users/Namara saleem/Documents/Codex/2026-08-16/jh/ztams/vendor/laravel/framework/src/Illuminate/Pipeline/Pipeline.php(209): Illuminate/View/Middleware/ShareErrorsFromSession->handle(Object(Illuminate/Http/Request), Object(Closure))
#30 C:/Users/Namara saleem/Documents/Codex/2026-08-16/jh/ztams/vendor/laravel/framework/src/Illuminate/Session/Middleware/StartSession.php(121): Illuminate/Pipeline/Pipeline->Illuminate/Pipeline/{closure}(Object(Illuminate/Http/Request))
#31 C:/Users/Namara saleem/Documents/Codex/2026-08-16/jh/ztams/vendor/laravel/framework/src/Illuminate/Session/Middleware/StartSession.php(64): Illuminate/Session/Middleware/StartSession->handleStatefulRequest(Object(Illuminate/Http/Request), Object(Illuminate/Session/Store), Object(Closure))
#32 C:/Users/Namara saleem/Documents/Codex/2026-08-16/jh/ztams/vendor/laravel/framework/src/Illuminate/Pipeline/Pipeline.php(209): Illuminate/Session/Middleware/StartSession->handle(Object(Illuminate/Http/Request), Object(Closure))
#33 C:/Users/Namara saleem/Documents/Codex/2026-08-16/jh/ztams/vendor/laravel/framework/src/Illuminate/Cookie/Middleware/AddQueuedCookiesToResponse.php(37): Illuminate/Pipeline/Pipeline->Illuminate/Pipeline/{closure}(Object(Illuminate/Http/Request))
#34 C:/Users/Namara saleem/Documents/Codex/2026-08-16/jh/ztams/vendor/laravel/framework/src/Illuminate/Pipeline/Pipeline.php(209): Illuminate/Cookie/Middleware/AddQueuedCookiesToResponse->handle(Object(Illuminate/Http/Request), Object(Closure))
#35 C:/Users/Namara saleem/Documents/Codex/2026-08-16/jh/ztams/vendor/laravel/framework/src/Illuminate/Cookie/Middleware/EncryptCookies.php(75): Illuminate/Pipeline/Pipeline->Illuminate/Pipeline/{closure}(Object(Illuminate/Http/Request))
#36 C:/Users/Namara saleem/Documents/Codex/2026-08-16/jh/ztams/vendor/laravel/framework/src/Illuminate/Pipeline/Pipeline.php(209): Illuminate/Cookie/Middleware/EncryptCookies->handle(Object(Illuminate/Http/Request), Object(Closure))
#37 C:/Users/Namara saleem/Documents/Codex/2026-08-16/jh/ztams/vendor/laravel/framework/src/Illuminate/Pipeline/Pipeline.php(127): Illuminate/Pipeline/Pipeline->Illuminate/Pipeline/{closure}(Object(Illuminate/Http/Request))
#38 C:/Users/Namara saleem/Documents/Codex/2026-08-16/jh/ztams/vendor/laravel/framework/src/Illuminate/Routing/Router.php(807): Illuminate/Pipeline/Pipeline->then(Object(Closure))
#39 C:/Users/Namara saleem/Documents/Codex/2026-08-16/jh/ztams/vendor/laravel/framework/src/Illuminate/Routing/Router.php(786): Illuminate/Routing/Router->runRouteWithinStack(Object(Illuminate/Routing/Route), Object(Illuminate/Http/Request))
#40 C:/Users/Namara saleem/Documents/Codex/2026-08-16/jh/ztams/vendor/laravel/framework/src/Illuminate/Routing/Router.php(750): Illuminate/Routing/Router->runRoute(Object(Illuminate/Http/Request), Object(Illuminate/Routing/Route))
#41 C:/Users/Namara saleem/Documents/Codex/2026-08-16/jh/ztams/vendor/laravel/framework/src/Illuminate/Routing/Router.php(739): Illuminate/Routing/Router->dispatchToRoute(Object(Illuminate/Http/Request))
#42 C:/Users/Namara saleem/Documents/Codex/2026-08-16/jh/ztams/vendor/laravel/framework/src/Illuminate/Foundation/Http/Kernel.php(201): Illuminate/Routing/Router->dispatch(Object(Illuminate/Http/Request))
#43 C:/Users/Namara saleem/Documents/Codex/2026-08-16/jh/ztams/vendor/laravel/framework/src/Illuminate/Pipeline/Pipeline.php(170): Illuminate/Foundation/Http/Kernel->Illuminate/Foundation/Http/{closure}(Object(Illuminate/Http/Request))
#44 C:/Users/Namara saleem/Documents/Codex/2026-08-16/jh/ztams/vendor/laravel/framework/src/Illuminate/Foundation/Http/Middleware/TransformsRequest.php(21): Illuminate/Pipeline/Pipeline->Illuminate/Pipeline/{closure}(Object(Illuminate/Http/Request))
#45 C:/Users/Namara saleem/Documents/Codex/2026-08-16/jh/ztams/vendor/laravel/framework/src/Illuminate/Foundation/Http/Middleware/ConvertEmptyStringsToNull.php(31): Illuminate/Foundation/Http/Middleware/TransformsRequest->handle(Object(Illuminate/Http/Request), Object(Closure))
#46 C:/Users/Namara saleem/Documents/Codex/2026-08-16/jh/ztams/vendor/laravel/framework/src/Illuminate/Pipeline/Pipeline.php(209): Illuminate/Foundation/Http/Middleware/ConvertEmptyStringsToNull->handle(Object(Illuminate/Http/Request), Object(Closure))
#47 C:/Users/Namara saleem/Documents/Codex/2026-08-16/jh/ztams/vendor/laravel/framework/src/Illuminate/Foundation/Http/Middleware/TransformsRequest.php(21): Illuminate/Pipeline/Pipeline->Illuminate/Pipeline/{closure}(Object(Illuminate/Http/Request))
#48 C:/Users/Namara saleem/Documents/Codex/2026-08-16/jh/ztams/vendor/laravel/framework/src/Illuminate/Foundation/Http/Middleware/TrimStrings.php(51): Illuminate/Foundation/Http/Middleware/TransformsRequest->handle(Object(Illuminate/Http/Request), Object(Closure))
#49 C:/Users/Namara saleem/Documents/Codex/2026-08-16/jh/ztams/vendor/laravel/framework/src/Illuminate/Pipeline/Pipeline.php(209): Illuminate/Foundation/Http/Middleware/TrimStrings->handle(Object(Illuminate/Http/Request), Object(Closure))
#50 C:/Users/Namara saleem/Documents/Codex/2026-08-16/jh/ztams/vendor/laravel/framework/src/Illuminate/Http/Middleware/ValidatePostSize.php(27): Illuminate/Pipeline/Pipeline->Illuminate/Pipeline/{closure}(Object(Illuminate/Http/Request))
#51 C:/Users/Namara saleem/Documents/Codex/2026-08-16/jh/ztams/vendor/laravel/framework/src/Illuminate/Pipeline/Pipeline.php(209): Illuminate/Http/Middleware/ValidatePostSize->handle(Object(Illuminate/Http/Request), Object(Closure))
#52 C:/Users/Namara saleem/Documents/Codex/2026-08-16/jh/ztams/vendor/laravel/framework/src/Illuminate/Foundation/Http/Middleware/PreventRequestsDuringMaintenance.php(110): Illuminate/Pipeline/Pipeline->Illuminate/Pipeline/{closure}(Object(Illuminate/Http/Request))
#53 C:/Users/Namara saleem/Documents/Codex/2026-08-16/jh/ztams/vendor/laravel/framework/src/Illuminate/Pipeline/Pipeline.php(209): Illuminate/Foundation/Http/Middleware/PreventRequestsDuringMaintenance->handle(Object(Illuminate/Http/Request), Object(Closure))
#54 C:/Users/Namara saleem/Documents/Codex/2026-08-16/jh/ztams/vendor/laravel/framework/src/Illuminate/Http/Middleware/HandleCors.php(49): Illuminate/Pipeline/Pipeline->Illuminate/Pipeline/{closure}(Object(Illuminate/Http/Request))
#55 C:/Users/Namara saleem/Documents/Codex/2026-08-16/jh/ztams/vendor/laravel/framework/src/Illuminate/Pipeline/Pipeline.php(209): Illuminate/Http/Middleware/HandleCors->handle(Object(Illuminate/Http/Request), Object(Closure))
#56 C:/Users/Namara saleem/Documents/Codex/2026-08-16/jh/ztams/vendor/laravel/framework/src/Illuminate/Http/Middleware/TrustProxies.php(58): Illuminate/Pipeline/Pipeline->Illuminate/Pipeline/{closure}(Object(Illuminate/Http/Request))
#57 C:/Users/Namara saleem/Documents/Codex/2026-08-16/jh/ztams/vendor/laravel/framework/src/Illuminate/Pipeline/Pipeline.php(209): Illuminate/Http/Middleware/TrustProxies->handle(Object(Illuminate/Http/Request), Object(Closure))
#58 C:/Users/Namara saleem/Documents/Codex/2026-08-16/jh/ztams/vendor/laravel/framework/src/Illuminate/Foundation/Http/Middleware/InvokeDeferredCallbacks.php(22): Illuminate/Pipeline/Pipeline->Illuminate/Pipeline/{closure}(Object(Illuminate/Http/Request))
#59 C:/Users/Namara saleem/Documents/Codex/2026-08-16/jh/ztams/vendor/laravel/framework/src/Illuminate/Pipeline/Pipeline.php(209): Illuminate/Foundation/Http/Middleware/InvokeDeferredCallbacks->handle(Object(Illuminate/Http/Request), Object(Closure))
#60 C:/Users/Namara saleem/Documents/Codex/2026-08-16/jh/ztams/vendor/laravel/framework/src/Illuminate/Pipeline/Pipeline.php(127): Illuminate/Pipeline/Pipeline->Illuminate/Pipeline/{closure}(Object(Illuminate/Http/Request))
#61 C:/Users/Namara saleem/Documents/Codex/2026-08-16/jh/ztams/vendor/laravel/framework/src/Illuminate/Foundation/Http/Kernel.php(176): Illuminate/Pipeline/Pipeline->then(Object(Closure))
#62 C:/Users/Namara saleem/Documents/Codex/2026-08-16/jh/ztams/vendor/laravel/framework/src/Illuminate/Foundation/Http/Kernel.php(145): Illuminate/Foundation/Http/Kernel->sendRequestThroughRouter(Object(Illuminate/Http/Request))
#63 C:/Users/Namara saleem/Documents/Codex/2026-08-16/jh/ztams/vendor/laravel/framework/src/Illuminate/Foundation/Application.php(1220): Illuminate/Foundation/Http/Kernel->handle(Object(Illuminate/Http/Request))
#64 C:/Users/Namara saleem/Documents/Codex/2026-08-16/jh/ztams/public/index.php(17): Illuminate/Foundation/Application->handleRequest(Object(Illuminate/Http/Request))
#65 C:/Users/Namara saleem/Documents/Codex/2026-08-16/jh/ztams/vendor/laravel/framework/src/Illuminate/Foundation/resources/server.php(23): require_once('C://Users//Namara...')
#66 {main}

[previous exception] [object] (ParseError(code: 0): syntax error, unexpected token \"endif\", expecting end of file at C:/Users/Namara saleem/Documents/Codex/2026-08-16/jh/ztams/storage/framework/views/69075417c9a0d54b43e324644c3f6982.php:1)
[stacktrace]
#0 C:/Users/Namara saleem/Documents/Codex/2026-08-16/jh/ztams/vendor/laravel/framework/src/Illuminate/Filesystem/Filesystem.php(124): Illuminate/Filesystem/Filesystem::Illuminate/Filesystem/{closure}()
#1 C:/Users/Namara saleem/Documents/Codex/2026-08-16/jh/ztams/vendor/laravel/framework/src/Illuminate/View/Engines/PhpEngine.php(58): Illuminate/Filesystem/Filesystem->getRequire('C://Users//Namara...', Array)
#2 C:/Users/Namara saleem/Documents/Codex/2026-08-16/jh/ztams/vendor/laravel/framework/src/Illuminate/View/Engines/CompilerEngine.php(75): Illuminate/View/Engines/PhpEngine->evaluatePath('C://Users//Namara...', Array)
#3 C:/Users/Namara saleem/Documents/Codex/2026-08-16/jh/ztams/vendor/laravel/framework/src/Illuminate/View/View.php(209): Illuminate/View/Engines/CompilerEngine->get('C://Users//Namara...', Array)
#4 C:/Users/Namara saleem/Documents/Codex/2026-08-16/jh/ztams/vendor/laravel/framework/src/Illuminate/View/View.php(192): Illuminate/View/View->getContents()
#5 C:/Users/Namara saleem/Documents/Codex/2026-08-16/jh/ztams/vendor/laravel/framework/src/Illuminate/View/View.php(161): Illuminate/View/View->renderContents()
#6 C:/Users/Namara saleem/Documents/Codex/2026-08-16/jh/ztams/vendor/laravel/framework/src/Illuminate/View/Concerns/ManagesComponents.php(103): Illuminate/View/View->render()
#7 C:/Users/Namara saleem/Documents/Codex/2026-08-16/jh/ztams/storage/framework/views/7c4a99214120db27a7135ee235ab2dce.php(10): Illuminate/View/Factory->renderComponent()
#8 C:/Users/Namara saleem/Documents/Codex/2026-08-16/jh/ztams/vendor/laravel/framework/src/Illuminate/Filesystem/Filesystem.php(123): require('C://Users//Namara...')
#9 C:/Users/Namara saleem/Documents/Codex/2026-08-16/jh/ztams/vendor/laravel/framework/src/Illuminate/Filesystem/Filesystem.php(124): Illuminate/Filesystem/Filesystem::Illuminate/Filesystem/{closure}()
#10 C:/Users/Namara saleem/Documents/Codex/2026-08-16/jh/ztams/vendor/laravel/framework/src/Illuminate/View/Engines/PhpEngine.php(58): Illuminate/Filesystem/Filesystem->getRequire('C://Users//Namara...', Array)
#11 C:/Users/Namara saleem/Documents/Codex/2026-08-16/jh/ztams/vendor/laravel/framework/src/Illuminate/View/Engines/CompilerEngine.php(75): Illuminate/View/Engines/PhpEngine->evaluatePath('C://Users//Namara...', Array)
#12 C:/Users/Namara saleem/Documents/Codex/2026-08-16/jh/ztams/vendor/laravel/framework/src/Illuminate/View/View.php(209): Illuminate/View/Engines/CompilerEngine->get('C://Users//Namara...', Array)
#13 C:/Users/Namara saleem/Documents/Codex/2026-08-16/jh/ztams/vendor/laravel/framework/src/Illuminate/View/View.php(192): Illuminate/View/View->getContents()
#14 C:/Users/Namara saleem/Documents/Codex/2026-08-16/jh/ztams/vendor/laravel/framework/src/Illuminate/View/View.php(161): Illuminate/View/View->renderContents()
#15 C:/Users/Namara saleem/Documents/Codex/2026-08-16/jh/ztams/vendor/laravel/framework/src/Illuminate/Http/Response.php(79): Illuminate/View/View->render()
#16 C:/Users/Namara saleem/Documents/Codex/2026-08-16/jh/ztams/vendor/laravel/framework/src/Illuminate/Http/Response.php(35): Illuminate/Http/Response->setContent(Object(Illuminate/View/View))
#17 C:/Users/Namara saleem/Documents/Codex/2026-08-16/jh/ztams/vendor/laravel/framework/src/Illuminate/Routing/Router.php(920): Illuminate/Http/Response->__construct(Object(Illuminate/View/View), 200, Array)
#18 C:/Users/Namara saleem/Documents/Codex/2026-08-16/jh/ztams/vendor/laravel/framework/src/Illuminate/Routing/Router.php(887): Illuminate/Routing/Router::toResponse(Object(Illuminate/Http/Request), Object(Illuminate/View/View))
#19 C:/Users/Namara saleem/Documents/Codex/2026-08-16/jh/ztams/vendor/laravel/framework/src/Illuminate/Routing/Router.php(807): Illuminate/Routing/Router->prepareResponse(Object(Illuminate/Http/Request), Object(Illuminate/View/View))
#20 C:/Users/Namara saleem/Documents/Codex/2026-08-16/jh/ztams/vendor/laravel/framework/src/Illuminate/Pipeline/Pipeline.php(170): Illuminate/Routing/Router->Illuminate/Routing/{closure}(Object(Illuminate/Http/Request))
#21 C:/Users/Namara saleem/Documents/Codex/2026-08-16/jh/ztams/app/Http/Middleware/EnsureRole.php(4): Illuminate/Pipeline/Pipeline->Illuminate/Pipeline/{closure}(Object(Illuminate/Http/Request))
#22 C:/Users/Namara saleem/Documents/Codex/2026-08-16/jh/ztams/vendor/laravel/framework/src/Illuminate/Pipeline/Pipeline.php(209): App/Http/Middleware/EnsureRole->handle(Object(Illuminate/Http/Request), Object(Closure), 'teacher')
#23 C:/Users/Namara saleem/Documents/Codex/2026-08-16/jh/ztams/vendor/laravel/framework/src/Illuminate/Routing/Middleware/SubstituteBindings.php(51): Illuminate/Pipeline/Pipeline->Illuminate/Pipeline/{closure}(Object(Illuminate/Http/Request))
#24 C:/Users/Namara saleem/Documents/Codex/2026-08-16/jh/ztams/vendor/laravel/framework/src/Illuminate/Pipeline/Pipeline.php(209): Illuminate/Routing/Middleware/SubstituteBindings->handle(Object(Illuminate/Http/Request), Object(Closure))
#25 C:/Users/Namara saleem/Documents/Codex/2026-08-16/jh/ztams/vendor/laravel/framework/src/Illuminate/Auth/Middleware/Authenticate.php(64): Illuminate/Pipeline/Pipeline->Illuminate/Pipeline/{closure}(Object(Illuminate/Http/Request))
#26 C:/Users/Namara saleem/Documents/Codex/2026-08-16/jh/ztams/vendor/laravel/framework/src/Illuminate/Pipeline/Pipeline.php(209): Illuminate/Auth/Middleware/Authenticate->handle(Object(Illuminate/Http/Request), Object(Closure))
#27 C:/Users/Namara saleem/Documents/Codex/2026-08-16/jh/ztams/vendor/laravel/framework/src/Illuminate/Foundation/Http/Middleware/VerifyCsrfToken.php(88): Illuminate/Pipeline/Pipeline->Illuminate/Pipeline/{closure}(Object(Illuminate/Http/Request))
#28 C:/Users/Namara saleem/Documents/Codex/2026-08-16/jh/ztams/vendor/laravel/framework/src/Illuminate/Pipeline/Pipeline.php(209): Illuminate/Foundation/Http/Middleware/VerifyCsrfToken->handle(Object(Illuminate/Http/Request), Object(Closure))
#29 C:/Users/Namara saleem/Documents/Codex/2026-08-16/jh/ztams/vendor/laravel/framework/src/Illuminate/View/Middleware/ShareErrorsFromSession.php(49): Illuminate/Pipeline/Pipeline->Illuminate/Pipeline/{closure}(Object(Illuminate/Http/Request))
#30 C:/Users/Namara saleem/Documents/Codex/2026-08-16/jh/ztams/vendor/laravel/framework/src/Illuminate/Pipeline/Pipeline.php(209): Illuminate/View/Middleware/ShareErrorsFromSession->handle(Object(Illuminate/Http/Request), Object(Closure))
#31 C:/Users/Namara saleem/Documents/Codex/2026-08-16/jh/ztams/vendor/laravel/framework/src/Illuminate/Session/Middleware/StartSession.php(121): Illuminate/Pipeline/Pipeline->Illuminate/Pipeline/{closure}(Object(Illuminate/Http/Request))
#32 C:/Users/Namara saleem/Documents/Codex/2026-08-16/jh/ztams/vendor/laravel/framework/src/Illuminate/Session/Middleware/StartSession.php(64): Illuminate/Session/Middleware/StartSession->handleStatefulRequest(Object(Illuminate/Http/Request), Object(Illuminate/Session/Store), Object(Closure))
#33 C:/Users/Namara saleem/Documents/Codex/2026-08-16/jh/ztams/vendor/laravel/framework/src/Illuminate/Pipeline/Pipeline.php(209): Illuminate/Session/Middleware/StartSession->handle(Object(Illuminate/Http/Request), Object(Closure))
#34 C:/Users/Namara saleem/Documents/Codex/2026-08-16/jh/ztams/vendor/laravel/framework/src/Illuminate/Cookie/Middleware/AddQueuedCookiesToResponse.php(37): Illuminate/Pipeline/Pipeline->Illuminate/Pipeline/{closure}(Object(Illuminate/Http/Request))
#35 C:/Users/Namara saleem/Documents/Codex/2026-08-16/jh/ztams/vendor/laravel/framework/src/Illuminate/Pipeline/Pipeline.php(209): Illuminate/Cookie/Middleware/AddQueuedCookiesToResponse->handle(Object(Illuminate/Http/Request), Object(Closure))
#36 C:/Users/Namara saleem/Documents/Codex/2026-08-16/jh/ztams/vendor/laravel/framework/src/Illuminate/Cookie/Middleware/EncryptCookies.php(75): Illuminate/Pipeline/Pipeline->Illuminate/Pipeline/{closure}(Object(Illuminate/Http/Request))
#37 C:/Users/Namara saleem/Documents/Codex/2026-08-16/jh/ztams/vendor/laravel/framework/src/Illuminate/Pipeline/Pipeline.php(209): Illuminate/Cookie/Middleware/EncryptCookies->handle(Object(Illuminate/Http/Request), Object(Closure))
#38 C:/Users/Namara saleem/Documents/Codex/2026-08-16/jh/ztams/vendor/laravel/framework/src/Illuminate/Pipeline/Pipeline.php(127): Illuminate/Pipeline/Pipeline->Illuminate/Pipeline/{closure}(Object(Illuminate/Http/Request))
#39 C:/Users/Namara saleem/Documents/Codex/2026-08-16/jh/ztams/vendor/laravel/framework/src/Illuminate/Routing/Router.php(807): Illuminate/Pipeline/Pipeline->then(Object(Closure))
#40 C:/Users/Namara saleem/Documents/Codex/2026-08-16/jh/ztams/vendor/laravel/framework/src/Illuminate/Routing/Router.php(786): Illuminate/Routing/Router->runRouteWithinStack(Object(Illuminate/Routing/Route), Object(Illuminate/Http/Request))
#41 C:/Users/Namara saleem/Documents/Codex/2026-08-16/jh/ztams/vendor/laravel/framework/src/Illuminate/Routing/Router.php(750): Illuminate/Routing/Router->runRoute(Object(Illuminate/Http/Request), Object(Illuminate/Routing/Route))
#42 C:/Users/Namara saleem/Documents/Codex/2026-08-16/jh/ztams/vendor/laravel/framework/src/Illuminate/Routing/Router.php(739): Illuminate/Routing/Router->dispatchToRoute(Object(Illuminate/Http/Request))
#43 C:/Users/Namara saleem/Documents/Codex/2026-08-16/jh/ztams/vendor/laravel/framework/src/Illuminate/Foundation/Http/Kernel.php(201): Illuminate/Routing/Router->dispatch(Object(Illuminate/Http/Request))
#44 C:/Users/Namara saleem/Documents/Codex/2026-08-16/jh/ztams/vendor/laravel/framework/src/Illuminate/Pipeline/Pipeline.php(170): Illuminate/Foundation/Http/Kernel->Illuminate/Foundation/Http/{closure}(Object(Illuminate/Http/Request))
#45 C:/Users/Namara saleem/Documents/Codex/2026-08-16/jh/ztams/vendor/laravel/framework/src/Illuminate/Foundation/Http/Middleware/TransformsRequest.php(21): Illuminate/Pipeline/Pipeline->Illuminate/Pipeline/{closure}(Object(Illuminate/Http/Request))
#46 C:/Users/Namara saleem/Documents/Codex/2026-08-16/jh/ztams/vendor/laravel/framework/src/Illuminate/Foundation/Http/Middleware/ConvertEmptyStringsToNull.php(31): Illuminate/Foundation/Http/Middleware/TransformsRequest->handle(Object(Illuminate/Http/Request), Object(Closure))
#47 C:/Users/Namara saleem/Documents/Codex/2026-08-16/jh/ztams/vendor/laravel/framework/src/Illuminate/Pipeline/Pipeline.php(209): Illuminate/Foundation/Http/Middleware/ConvertEmptyStringsToNull->handle(Object(Illuminate/Http/Request), Object(Closure))
#48 C:/Users/Namara saleem/Documents/Codex/2026-08-16/jh/ztams/vendor/laravel/framework/src/Illuminate/Foundation/Http/Middleware/TransformsRequest.php(21): Illuminate/Pipeline/Pipeline->Illuminate/Pipeline/{closure}(Object(Illuminate/Http/Request))
#49 C:/Users/Namara saleem/Documents/Codex/2026-08-16/jh/ztams/vendor/laravel/framework/src/Illuminate/Foundation/Http/Middleware/TrimStrings.php(51): Illuminate/Foundation/Http/Middleware/TransformsRequest->handle(Object(Illuminate/Http/Request), Object(Closure))
#50 C:/Users/Namara saleem/Documents/Codex/2026-08-16/jh/ztams/vendor/laravel/framework/src/Illuminate/Pipeline/Pipeline.php(209): Illuminate/Foundation/Http/Middleware/TrimStrings->handle(Object(Illuminate/Http/Request), Object(Closure))
#51 C:/Users/Namara saleem/Documents/Codex/2026-08-16/jh/ztams/vendor/laravel/framework/src/Illuminate/Http/Middleware/ValidatePostSize.php(27): Illuminate/Pipeline/Pipeline->Illuminate/Pipeline/{closure}(Object(Illuminate/Http/Request))
#52 C:/Users/Namara saleem/Documents/Codex/2026-08-16/jh/ztams/vendor/laravel/framework/src/Illuminate/Pipeline/Pipeline.php(209): Illuminate/Http/Middleware/ValidatePostSize->handle(Object(Illuminate/Http/Request), Object(Closure))
#53 C:/Users/Namara saleem/Documents/Codex/2026-08-16/jh/ztams/vendor/laravel/framework/src/Illuminate/Foundation/Http/Middleware/PreventRequestsDuringMaintenance.php(110): Illuminate/Pipeline/Pipeline->Illuminate/Pipeline/{closure}(Object(Illuminate/Http/Request))
#54 C:/Users/Namara saleem/Documents/Codex/2026-08-16/jh/ztams/vendor/laravel/framework/src/Illuminate/Pipeline/Pipeline.php(209): Illuminate/Foundation/Http/Middleware/PreventRequestsDuringMaintenance->handle(Object(Illuminate/Http/Request), Object(Closure))
#55 C:/Users/Namara saleem/Documents/Codex/2026-08-16/jh/ztams/vendor/laravel/framework/src/Illuminate/Http/Middleware/HandleCors.php(49): Illuminate/Pipeline/Pipeline->Illuminate/Pipeline/{closure}(Object(Illuminate/Http/Request))
#56 C:/Users/Namara saleem/Documents/Codex/2026-08-16/jh/ztams/vendor/laravel/framework/src/Illuminate/Pipeline/Pipeline.php(209): Illuminate/Http/Middleware/HandleCors->handle(Object(Illuminate/Http/Request), Object(Closure))
#57 C:/Users/Namara saleem/Documents/Codex/2026-08-16/jh/ztams/vendor/laravel/framework/src/Illuminate/Http/Middleware/TrustProxies.php(58): Illuminate/Pipeline/Pipeline->Illuminate/Pipeline/{closure}(Object(Illuminate/Http/Request))
#58 C:/Users/Namara saleem/Documents/Codex/2026-08-16/jh/ztams/vendor/laravel/framework/src/Illuminate/Pipeline/Pipeline.php(209): Illuminate/Http/Middleware/TrustProxies->handle(Object(Illuminate/Http/Request), Object(Closure))
#59 C:/Users/Namara saleem/Documents/Codex/2026-08-16/jh/ztams/vendor/laravel/framework/src/Illuminate/Foundation/Http/Middleware/InvokeDeferredCallbacks.php(22): Illuminate/Pipeline/Pipeline->Illuminate/Pipeline/{closure}(Object(Illuminate/Http/Request))
#60 C:/Users/Namara saleem/Documents/Codex/2026-08-16/jh/ztams/vendor/laravel/framework/src/Illuminate/Pipeline/Pipeline.php(209): Illuminate/Foundation/Http/Middleware/InvokeDeferredCallbacks->handle(Object(Illuminate/Http/Request), Object(Closure))
#61 C:/Users/Namara saleem/Documents/Codex/2026-08-16/jh/ztams/vendor/laravel/framework/src/Illuminate/Pipeline/Pipeline.php(127): Illuminate/Pipeline/Pipeline->Illuminate/Pipeline/{closure}(Object(Illuminate/Http/Request))
#62 C:/Users/Namara saleem/Documents/Codex/2026-08-16/jh/ztams/vendor/laravel/framework/src/Illuminate/Foundation/Http/Kernel.php(176): Illuminate/Pipeline/Pipeline->then(Object(Closure))
#63 C:/Users/Namara saleem/Documents/Codex/2026-08-16/jh/ztams/vendor/laravel/framework/src/Illuminate/Foundation/Http/Kernel.php(145): Illuminate/Foundation/Http/Kernel->sendRequestThroughRouter(Object(Illuminate/Http/Request))
#64 C:/Users/Namara saleem/Documents/Codex/2026-08-16/jh/ztams/vendor/laravel/framework/src/Illuminate/Foundation/Application.php(1220): Illuminate/Foundation/Http/Kernel->handle(Object(Illuminate/Http/Request))
#65 C:/Users/Namara saleem/Documents/Codex/2026-08-16/jh/ztams/public/index.php(17): Illuminate/Foundation/Application->handleRequest(Object(Illuminate/Http/Request))
#66 C:/Users/Namara saleem/Documents/Codex/2026-08-16/jh/ztams/vendor/laravel/framework/src/Illuminate/Foundation/resources/server.php(23): require_once('C://Users//Namara...')
#67 {main}
"} 
[2026-08-19 00:17:27] local.ERROR: SQLSTATE[HY000] [2002] No connection could be made because the target machine actively refused it (Connection: mysql, SQL: select * from `sessions` where `id` = p1YY4jVSyxNfOgiLOLOUnD0r6hOKtJt1HD0NBMlq limit 1) {"exception":"[object] (Illuminate\\Database\\QueryException(code: 2002): SQLSTATE[HY000] [2002] No connection could be made because the target machine actively refused it (Connection: mysql, SQL: select * from `sessions` where `id` = p1YY4jVSyxNfOgiLOLOUnD0r6hOKtJt1HD0NBMlq limit 1) at C:/Users/Namara saleem/Documents/Codex/2026-08-16/jh/ztams/vendor/laravel/framework/src/Illuminate/Database/Connection.php:825)
[stacktrace]
#0 C:/Users/Namara saleem/Documents/Codex/2026-08-16/jh/ztams/vendor/laravel/framework/src/Illuminate/Database/Connection.php(979): Illuminate/Database/Connection->runQueryCallback('select * from `...', Array, Object(Closure))
#1 C:/Users/Namara saleem/Documents/Codex/2026-08-16/jh/ztams/vendor/laravel/framework/src/Illuminate/Database/Connection.php(958): Illuminate/Database/Connection->tryAgainIfCausedByLostConnection(Object(Illuminate/Database/QueryException), 'select * from `...', Array, Object(Closure))
#2 C:/Users/Namara saleem/Documents/Codex/2026-08-16/jh/ztams/vendor/laravel/framework/src/Illuminate/Database/Connection.php(781): Illuminate/Database/Connection->handleQueryException(Object(Illuminate/Database/QueryException), 'select * from `...', Array, Object(Closure))
#3 C:/Users/Namara saleem/Documents/Codex/2026-08-16/jh/ztams/vendor/laravel/framework/src/Illuminate/Database/Connection.php(398): Illuminate/Database/Connection->run('select * from `...', Array, Object(Closure))
#4 C:/Users/Namara saleem/Documents/Codex/2026-08-16/jh/ztams/vendor/laravel/framework/src/Illuminate/Database/Query/Builder.php(3106): Illuminate/Database/Connection->select('select * from `...', Array, false)
#5 C:/Users/Namara saleem/Documents/Codex/2026-08-16/jh/ztams/vendor/laravel/framework/src/Illuminate/Database/Query/Builder.php(3091): Illuminate/Database/Query/Builder->runSelect()
#6 C:/Users/Namara saleem/Documents/Codex/2026-08-16/jh/ztams/vendor/laravel/framework/src/Illuminate/Database/Query/Builder.php(3676): Illuminate/Database/Query/Builder->Illuminate/Database/Query/{closure}()
#7 C:/Users/Namara saleem/Documents/Codex/2026-08-16/jh/ztams/vendor/laravel/framework/src/Illuminate/Database/Query/Builder.php(3090): Illuminate/Database/Query/Builder->onceWithColumns(Array, Object(Closure))
#8 C:/Users/Namara saleem/Documents/Codex/2026-08-16/jh/ztams/vendor/laravel/framework/src/Illuminate/Database/Concerns/BuildsQueries.php(343): Illuminate/Database/Query/Builder->get(Array)
#9 C:/Users/Namara saleem/Documents/Codex/2026-08-16/jh/ztams/vendor/laravel/framework/src/Illuminate/Database/Query/Builder.php(3013): Illuminate/Database/Query/Builder->first(Array)
#10 C:/Users/Namara saleem/Documents/Codex/2026-08-16/jh/ztams/vendor/laravel/framework/src/Illuminate/Session/DatabaseSessionHandler.php(97): Illuminate/Database/Query/Builder->find('p1YY4jVSyxNfOgi...')
#11 C:/Users/Namara saleem/Documents/Codex/2026-08-16/jh/ztams/vendor/laravel/framework/src/Illuminate/Session/Store.php(117): Illuminate/Session/DatabaseSessionHandler->read('p1YY4jVSyxNfOgi...')
#12 C:/Users/Namara saleem/Documents/Codex/2026-08-16/jh/ztams/vendor/laravel/framework/src/Illuminate/Session/Store.php(105): Illuminate/Session/Store->readFromHandler()
#13 C:/Users/Namara saleem/Documents/Codex/2026-08-16/jh/ztams/vendor/laravel/framework/src/Illuminate/Session/Store.php(89): Illuminate/Session/Store->loadSession()
#14 C:/Users/Namara saleem/Documents/Codex/2026-08-16/jh/ztams/vendor/laravel/framework/src/Illuminate/Session/Middleware/StartSession.php(147): Illuminate/Session/Store->start()
#15 C:/Users/Namara saleem/Documents/Codex/2026-08-16/jh/ztams/vendor/laravel/framework/src/Illuminate/Support/helpers.php(399): Illuminate/Session/Middleware/StartSession->Illuminate/Session/Middleware/{closure}(Object(Illuminate/Session/Store))
#16 C:/Users/Namara saleem/Documents/Codex/2026-08-16/jh/ztams/vendor/laravel/framework/src/Illuminate/Session/Middleware/StartSession.php(144): tap(Object(Illuminate/Session/Store), Object(Closure))
#17 C:/Users/Namara saleem/Documents/Codex/2026-08-16/jh/ztams/vendor/laravel/framework/src/Illuminate/Session/Middleware/StartSession.php(116): Illuminate/Session/Middleware/StartSession->startSession(Object(Illuminate/Http/Request), Object(Illuminate/Session/Store))
#18 C:/Users/Namara saleem/Documents/Codex/2026-08-16/jh/ztams/vendor/laravel/framework/src/Illuminate/Session/Middleware/StartSession.php(64): Illuminate/Session/Middleware/StartSession->handleStatefulRequest(Object(Illuminate/Http/Request), Object(Illuminate/Session/Store), Object(Closure))
#19 C:/Users/Namara saleem/Documents/Codex/2026-08-16/jh/ztams/vendor/laravel/framework/src/Illuminate/Pipeline/Pipeline.php(209): Illuminate/Session/Middleware/StartSession->handle(Object(Illuminate/Http/Request), Object(Closure))
#20 C:/Users/Namara saleem/Documents/Codex/2026-08-16/jh/ztams/vendor/laravel/framework/src/Illuminate/Cookie/Middleware/AddQueuedCookiesToResponse.php(37): Illuminate/Pipeline/Pipeline->Illuminate/Pipeline/{closure}(Object(Illuminate/Http/Request))
#21 C:/Users/Namara saleem/Documents/Codex/2026-08-16/jh/ztams/vendor/laravel/framework/src/Illuminate/Pipeline/Pipeline.php(209): Illuminate/Cookie/Middleware/AddQueuedCookiesToResponse->handle(Object(Illuminate/Http/Request), Object(Closure))
#22 C:/Users/Namara saleem/Documents/Codex/2026-08-16/jh/ztams/vendor/laravel/framework/src/Illuminate/Cookie/Middleware/EncryptCookies.php(75): Illuminate/Pipeline/Pipeline->Illuminate/Pipeline/{closure}(Object(Illuminate/Http/Request))
#23 C:/Users/Namara saleem/Documents/Codex/2026-08-16/jh/ztams/vendor/laravel/framework/src/Illuminate/Pipeline/Pipeline.php(209): Illuminate/Cookie/Middleware/EncryptCookies->handle(Object(Illuminate/Http/Request), Object(Closure))
#24 C:/Users/Namara saleem/Documents/Codex/2026-08-16/jh/ztams/vendor/laravel/framework/src/Illuminate/Pipeline/Pipeline.php(127): Illuminate/Pipeline/Pipeline->Illuminate/Pipeline/{closure}(Object(Illuminate/Http/Request))
#25 C:/Users/Namara saleem/Documents/Codex/2026-08-16/jh/ztams/vendor/laravel/framework/src/Illuminate/Routing/Router.php(807): Illuminate/Pipeline/Pipeline->then(Object(Closure))
#26 C:/Users/Namara saleem/Documents/Codex/2026-08-16/jh/ztams/vendor/laravel/framework/src/Illuminate/Routing/Router.php(786): Illuminate/Routing/Router->runRouteWithinStack(Object(Illuminate/Routing/Route), Object(Illuminate/Http/Request))
#27 C:/Users/Namara saleem/Documents/Codex/2026-08-16/jh/ztams/vendor/laravel/framework/src/Illuminate/Routing/Router.php(750): Illuminate/Routing/Router->runRoute(Object(Illuminate/Http/Request), Object(Illuminate/Routing/Route))
#28 C:/Users/Namara saleem/Documents/Codex/2026-08-16/jh/ztams/vendor/laravel/framework/src/Illuminate/Routing/Router.php(739): Illuminate/Routing/Router->dispatchToRoute(Object(Illuminate/Http/Request))
#29 C:/Users/Namara saleem/Documents/Codex/2026-08-16/jh/ztams/vendor/laravel/framework/src/Illuminate/Foundation/Http/Kernel.php(201): Illuminate/Routing/Router->dispatch(Object(Illuminate/Http/Request))
#30 C:/Users/Namara saleem/Documents/Codex/2026-08-16/jh/ztams/vendor/laravel/framework/src/Illuminate/Pipeline/Pipeline.php(170): Illuminate/Foundation/Http/Kernel->Illuminate/Foundation/Http/{closure}(Object(Illuminate/Http/Request))
#31 C:/Users/Namara saleem/Documents/Codex/2026-08-16/jh/ztams/vendor/laravel/framework/src/Illuminate/Foundation/Http/Middleware/TransformsRequest.php(21): Illuminate/Pipeline/Pipeline->Illuminate/Pipeline/{closure}(Object(Illuminate/Http/Request))
#32 C:/Users/Namara saleem/Documents/Codex/2026-08-16/jh/ztams/vendor/laravel/framework/src/Illuminate/Foundation/Http/Middleware/ConvertEmptyStringsToNull.php(31): Illuminate/Foundation/Http/Middleware/TransformsRequest->handle(Object(Illuminate/Http/Request), Object(Closure))
#33 C:/Users/Namara saleem/Documents/Codex/2026-08-16/jh/ztams/vendor/laravel/framework/src/Illuminate/Pipeline/Pipeline.php(209): Illuminate/Foundation/Http/Middleware/ConvertEmptyStringsToNull->handle(Object(Illuminate/Http/Request), Object(Closure))
#34 C:/Users/Namara saleem/Documents/Codex/2026-08-16/jh/ztams/vendor/laravel/framework/src/Illuminate/Foundation/Http/Middleware/TransformsRequest.php(21): Illuminate/Pipeline/Pipeline->Illuminate/Pipeline/{closure}(Object(Illuminate/Http/Request))
#35 C:/Users/Namara saleem/Documents/Codex/2026-08-16/jh/ztams/vendor/laravel/framework/src/Illuminate/Foundation/Http/Middleware/TrimStrings.php(51): Illuminate/Foundation/Http/Middleware/TransformsRequest->handle(Object(Illuminate/Http/Request), Object(Closure))
#36 C:/Users/Namara saleem/Documents/Codex/2026-08-16/jh/ztams/vendor/laravel/framework/src/Illuminate/Pipeline/Pipeline.php(209): Illuminate/Foundation/Http/Middleware/TrimStrings->handle(Object(Illuminate/Http/Request), Object(Closure))
#37 C:/Users/Namara saleem/Documents/Codex/2026-08-16/jh/ztams/vendor/laravel/framework/src/Illuminate/Http/Middleware/ValidatePostSize.php(27): Illuminate/Pipeline/Pipeline->Illuminate/Pipeline/{closure}(Object(Illuminate/Http/Request))
#38 C:/Users/Namara saleem/Documents/Codex/2026-08-16/jh/ztams/vendor/laravel/framework/src/Illuminate/Pipeline/Pipeline.php(209): Illuminate/Http/Middleware/ValidatePostSize->handle(Object(Illuminate/Http/Request), Object(Closure))
#39 C:/Users/Namara saleem/Documents/Codex/2026-08-16/jh/ztams/vendor/laravel/framework/src/Illuminate/Foundation/Http/Middleware/PreventRequestsDuringMaintenance.php(110): Illuminate/Pipeline/Pipeline->Illuminate/Pipeline/{closure}(Object(Illuminate/Http/Request))
#40 C:/Users/Namara saleem/Documents/Codex/2026-08-16/jh/ztams/vendor/laravel/framework/src/Illuminate/Pipeline/Pipeline.php(209): Illuminate/Foundation/Http/Middleware/PreventRequestsDuringMaintenance->handle(Object(Illuminate/Http/Request), Object(Closure))
#41 C:/Users/Namara saleem/Documents/Codex/2026-08-16/jh/ztams/vendor/laravel/framework/src/Illuminate/Http/Middleware/HandleCors.php(49): Illuminate/Pipeline/Pipeline->Illuminate/Pipeline/{closure}(Object(Illuminate/Http/Request))
#42 C:/Users/Namara saleem/Documents/Codex/2026-08-16/jh/ztams/vendor/laravel/framework/src/Illuminate/Pipeline/Pipeline.php(209): Illuminate/Http/Middleware/HandleCors->handle(Object(Illuminate/Http/Request), Object(Closure))
#43 C:/Users/Namara saleem/Documents/Codex/2026-08-16/jh/ztams/vendor/laravel/framework/src/Illuminate/Http/Middleware/TrustProxies.php(58): Illuminate/Pipeline/Pipeline->Illuminate/Pipeline/{closure}(Object(Illuminate/Http/Request))
#44 C:/Users/Namara saleem/Documents/Codex/2026-08-16/jh/ztams/vendor/laravel/framework/src/Illuminate/Pipeline/Pipeline.php(209): Illuminate/Http/Middleware/TrustProxies->handle(Object(Illuminate/Http/Request), Object(Closure))
#45 C:/Users/Namara saleem/Documents/Codex/2026-08-16/jh/ztams/vendor/laravel/framework/src/Illuminate/Foundation/Http/Middleware/InvokeDeferredCallbacks.php(22): Illuminate/Pipeline/Pipeline->Illuminate/Pipeline/{closure}(Object(Illuminate/Http/Request))
#46 C:/Users/Namara saleem/Documents/Codex/2026-08-16/jh/ztams/vendor/laravel/framework/src/Illuminate/Pipeline/Pipeline.php(209): Illuminate/Foundation/Http/Middleware/InvokeDeferredCallbacks->handle(Object(Illuminate/Http/Request), Object(Closure))
#47 C:/Users/Namara saleem/Documents/Codex/2026-08-16/jh/ztams/vendor/laravel/framework/src/Illuminate/Pipeline/Pipeline.php(127): Illuminate/Pipeline/Pipeline->Illuminate/Pipeline/{closure}(Object(Illuminate/Http/Request))
#48 C:/Users/Namara saleem/Documents/Codex/2026-08-16/jh/ztams/vendor/laravel/framework/src/Illuminate/Foundation/Http/Kernel.php(176): Illuminate/Pipeline/Pipeline->then(Object(Closure))
#49 C:/Users/Namara saleem/Documents/Codex/2026-08-16/jh/ztams/vendor/laravel/framework/src/Illuminate/Foundation/Http/Kernel.php(145): Illuminate/Foundation/Http/Kernel->sendRequestThroughRouter(Object(Illuminate/Http/Request))
#50 C:/Users/Namara saleem/Documents/Codex/2026-08-16/jh/ztams/vendor/laravel/framework/src/Illuminate/Foundation/Application.php(1220): Illuminate/Foundation/Http/Kernel->handle(Object(Illuminate/Http/Request))
#51 C:/Users/Namara saleem/Documents/Codex/2026-08-16/jh/ztams/public/index.php(17): Illuminate/Foundation/Application->handleRequest(Object(Illuminate/Http/Request))
#52 C:/Users/Namara saleem/Documents/Codex/2026-08-16/jh/ztams/vendor/laravel/framework/src/Illuminate/Foundation/resources/server.php(23): require_once('C://Users//Namara...')
#53 {main}

[previous exception] [object] (PDOException(code: 2002): SQLSTATE[HY000] [2002] No connection could be made because the target machine actively refused it at C:/Users/Namara saleem/Documents/Codex/2026-08-16/jh/ztams/vendor/laravel/framework/src/Illuminate/Database/Connectors/Connector.php:66)
[stacktrace]
#0 C:/Users/Namara saleem/Documents/Codex/2026-08-16/jh/ztams/vendor/laravel/framework/src/Illuminate/Database/Connectors/Connector.php(66): PDO->__construct('mysql:host=127....', 'root', Object(SensitiveParameterValue), Array)
#1 C:/Users/Namara saleem/Documents/Codex/2026-08-16/jh/ztams/vendor/laravel/framework/src/Illuminate/Database/Connectors/Connector.php(85): Illuminate/Database/Connectors/Connector->createPdoConnection('mysql:host=127....', 'root', Object(SensitiveParameterValue), Array)
#2 C:/Users/Namara saleem/Documents/Codex/2026-08-16/jh/ztams/vendor/laravel/framework/src/Illuminate/Database/Connectors/Connector.php(48): Illuminate/Database/Connectors/Connector->tryAgainIfCausedByLostConnection(Object(PDOException), 'mysql:host=127....', 'root', Object(SensitiveParameterValue), Array)
#3 C:/Users/Namara saleem/Documents/Codex/2026-08-16/jh/ztams/vendor/laravel/framework/src/Illuminate/Database/Connectors/MySqlConnector.php(24): Illuminate/Database/Connectors/Connector->createConnection('mysql:host=127....', Array, Array)
#4 C:/Users/Namara saleem/Documents/Codex/2026-08-16/jh/ztams/vendor/laravel/framework/src/Illuminate/Database/Connectors/ConnectionFactory.php(185): Illuminate/Database/Connectors/MySqlConnector->connect(Array)
#5 [internal function]: Illuminate/Database/Connectors/ConnectionFactory->Illuminate/Database/Connectors/{closure}()
#6 C:/Users/Namara saleem/Documents/Codex/2026-08-16/jh/ztams/vendor/laravel/framework/src/Illuminate/Database/Connection.php(1231): call_user_func(Object(Closure))
#7 C:/Users/Namara saleem/Documents/Codex/2026-08-16/jh/ztams/vendor/laravel/framework/src/Illuminate/Database/Connection.php(512): Illuminate/Database/Connection->getPdo()
#8 C:/Users/Namara saleem/Documents/Codex/2026-08-16/jh/ztams/vendor/laravel/framework/src/Illuminate/Database/Connection.php(407): Illuminate/Database/Connection->getPdoForSelect(false)
#9 C:/Users/Namara saleem/Documents/Codex/2026-08-16/jh/ztams/vendor/laravel/framework/src/Illuminate/Database/Connection.php(812): Illuminate/Database/Connection->Illuminate/Database/{closure}('select * from `...', Array)
#10 C:/Users/Namara saleem/Documents/Codex/2026-08-16/jh/ztams/vendor/laravel/framework/src/Illuminate/Database/Connection.php(979): Illuminate/Database/Connection->runQueryCallback('select * from `...', Array, Object(Closure))
#11 C:/Users/Namara saleem/Documents/Codex/2026-08-16/jh/ztams/vendor/laravel/framework/src/Illuminate/Database/Connection.php(958): Illuminate/Database/Connection->tryAgainIfCausedByLostConnection(Object(Illuminate/Database/QueryException), 'select * from `...', Array, Object(Closure))
#12 C:/Users/Namara saleem/Documents/Codex/2026-08-16/jh/ztams/vendor/laravel/framework/src/Illuminate/Database/Connection.php(781): Illuminate/Database/Connection->handleQueryException(Object(Illuminate/Database/QueryException), 'select * from `...', Array, Object(Closure))
#13 C:/Users/Namara saleem/Documents/Codex/2026-08-16/jh/ztams/vendor/laravel/framework/src/Illuminate/Database/Connection.php(398): Illuminate/Database/Connection->run('select * from `...', Array, Object(Closure))
#14 C:/Users/Namara saleem/Documents/Codex/2026-08-16/jh/ztams/vendor/laravel/framework/src/Illuminate/Database/Query/Builder.php(3106): Illuminate/Database/Connection->select('select * from `...', Array, false)
#15 C:/Users/Namara saleem/Documents/Codex/2026-08-16/jh/ztams/vendor/laravel/framework/src/Illuminate/Database/Query/Builder.php(3091): Illuminate/Database/Query/Builder->runSelect()
#16 C:/Users/Namara saleem/Documents/Codex/2026-08-16/jh/ztams/vendor/laravel/framework/src/Illuminate/Database/Query/Builder.php(3676): Illuminate/Database/Query/Builder->Illuminate/Database/Query/{closure}()
#17 C:/Users/Namara saleem/Documents/Codex/2026-08-16/jh/ztams/vendor/laravel/framework/src/Illuminate/Database/Query/Builder.php(3090): Illuminate/Database/Query/Builder->onceWithColumns(Array, Object(Closure))
#18 C:/Users/Namara saleem/Documents/Codex/2026-08-16/jh/ztams/vendor/laravel/framework/src/Illuminate/Database/Concerns/BuildsQueries.php(343): Illuminate/Database/Query/Builder->get(Array)
#19 C:/Users/Namara saleem/Documents/Codex/2026-08-16/jh/ztams/vendor/laravel/framework/src/Illuminate/Database/Query/Builder.php(3013): Illuminate/Database/Query/Builder->first(Array)
#20 C:/Users/Namara saleem/Documents/Codex/2026-08-16/jh/ztams/vendor/laravel/framework/src/Illuminate/Session/DatabaseSessionHandler.php(97): Illuminate/Database/Query/Builder->find('p1YY4jVSyxNfOgi...')
#21 C:/Users/Namara saleem/Documents/Codex/2026-08-16/jh/ztams/vendor/laravel/framework/src/Illuminate/Session/Store.php(117): Illuminate/Session/DatabaseSessionHandler->read('p1YY4jVSyxNfOgi...')
#22 C:/Users/Namara saleem/Documents/Codex/2026-08-16/jh/ztams/vendor/laravel/framework/src/Illuminate/Session/Store.php(105): Illuminate/Session/Store->readFromHandler()
#23 C:/Users/Namara saleem/Documents/Codex/2026-08-16/jh/ztams/vendor/laravel/framework/src/Illuminate/Session/Store.php(89): Illuminate/Session/Store->loadSession()
#24 C:/Users/Namara saleem/Documents/Codex/2026-08-16/jh/ztams/vendor/laravel/framework/src/Illuminate/Session/Middleware/StartSession.php(147): Illuminate/Session/Store->start()
#25 C:/Users/Namara saleem/Documents/Codex/2026-08-16/jh/ztams/vendor/laravel/framework/src/Illuminate/Support/helpers.php(399): Illuminate/Session/Middleware/StartSession->Illuminate/Session/Middleware/{closure}(Object(Illuminate/Session/Store))
#26 C:/Users/Namara saleem/Documents/Codex/2026-08-16/jh/ztams/vendor/laravel/framework/src/Illuminate/Session/Middleware/StartSession.php(144): tap(Object(Illuminate/Session/Store), Object(Closure))
#27 C:/Users/Namara saleem/Documents/Codex/2026-08-16/jh/ztams/vendor/laravel/framework/src/Illuminate/Session/Middleware/StartSession.php(116): Illuminate/Session/Middleware/StartSession->startSession(Object(Illuminate/Http/Request), Object(Illuminate/Session/Store))
#28 C:/Users/Namara saleem/Documents/Codex/2026-08-16/jh/ztams/vendor/laravel/framework/src/Illuminate/Session/Middleware/StartSession.php(64): Illuminate/Session/Middleware/StartSession->handleStatefulRequest(Object(Illuminate/Http/Request), Object(Illuminate/Session/Store), Object(Closure))
#29 C:/Users/Namara saleem/Documents/Codex/2026-08-16/jh/ztams/vendor/laravel/framework/src/Illuminate/Pipeline/Pipeline.php(209): Illuminate/Session/Middleware/StartSession->handle(Object(Illuminate/Http/Request), Object(Closure))
#30 C:/Users/Namara saleem/Documents/Codex/2026-08-16/jh/ztams/vendor/laravel/framework/src/Illuminate/Cookie/Middleware/AddQueuedCookiesToResponse.php(37): Illuminate/Pipeline/Pipeline->Illuminate/Pipeline/{closure}(Object(Illuminate/Http/Request))
#31 C:/Users/Namara saleem/Documents/Codex/2026-08-16/jh/ztams/vendor/laravel/framework/src/Illuminate/Pipeline/Pipeline.php(209): Illuminate/Cookie/Middleware/AddQueuedCookiesToResponse->handle(Object(Illuminate/Http/Request), Object(Closure))
#32 C:/Users/Namara saleem/Documents/Codex/2026-08-16/jh/ztams/vendor/laravel/framework/src/Illuminate/Cookie/Middleware/EncryptCookies.php(75): Illuminate/Pipeline/Pipeline->Illuminate/Pipeline/{closure}(Object(Illuminate/Http/Request))
#33 C:/Users/Namara saleem/Documents/Codex/2026-08-16/jh/ztams/vendor/laravel/framework/src/Illuminate/Pipeline/Pipeline.php(209): Illuminate/Cookie/Middleware/EncryptCookies->handle(Object(Illuminate/Http/Request), Object(Closure))
#34 C:/Users/Namara saleem/Documents/Codex/2026-08-16/jh/ztams/vendor/laravel/framework/src/Illuminate/Pipeline/Pipeline.php(127): Illuminate/Pipeline/Pipeline->Illuminate/Pipeline/{closure}(Object(Illuminate/Http/Request))
#35 C:/Users/Namara saleem/Documents/Codex/2026-08-16/jh/ztams/vendor/laravel/framework/src/Illuminate/Routing/Router.php(807): Illuminate/Pipeline/Pipeline->then(Object(Closure))
#36 C:/Users/Namara saleem/Documents/Codex/2026-08-16/jh/ztams/vendor/laravel/framework/src/Illuminate/Routing/Router.php(786): Illuminate/Routing/Router->runRouteWithinStack(Object(Illuminate/Routing/Route), Object(Illuminate/Http/Request))
#37 C:/Users/Namara saleem/Documents/Codex/2026-08-16/jh/ztams/vendor/laravel/framework/src/Illuminate/Routing/Router.php(750): Illuminate/Routing/Router->runRoute(Object(Illuminate/Http/Request), Object(Illuminate/Routing/Route))
#38 C:/Users/Namara saleem/Documents/Codex/2026-08-16/jh/ztams/vendor/laravel/framework/src/Illuminate/Routing/Router.php(739): Illuminate/Routing/Router->dispatchToRoute(Object(Illuminate/Http/Request))
#39 C:/Users/Namara saleem/Documents/Codex/2026-08-16/jh/ztams/vendor/laravel/framework/src/Illuminate/Foundation/Http/Kernel.php(201): Illuminate/Routing/Router->dispatch(Object(Illuminate/Http/Request))
#40 C:/Users/Namara saleem/Documents/Codex/2026-08-16/jh/ztams/vendor/laravel/framework/src/Illuminate/Pipeline/Pipeline.php(170): Illuminate/Foundation/Http/Kernel->Illuminate/Foundation/Http/{closure}(Object(Illuminate/Http/Request))
#41 C:/Users/Namara saleem/Documents/Codex/2026-08-16/jh/ztams/vendor/laravel/framework/src/Illuminate/Foundation/Http/Middleware/TransformsRequest.php(21): Illuminate/Pipeline/Pipeline->Illuminate/Pipeline/{closure}(Object(Illuminate/Http/Request))
#42 C:/Users/Namara saleem/Documents/Codex/2026-08-16/jh/ztams/vendor/laravel/framework/src/Illuminate/Foundation/Http/Middleware/ConvertEmptyStringsToNull.php(31): Illuminate/Foundation/Http/Middleware/TransformsRequest->handle(Object(Illuminate/Http/Request), Object(Closure))
#43 C:/Users/Namara saleem/Documents/Codex/2026-08-16/jh/ztams/vendor/laravel/framework/src/Illuminate/Pipeline/Pipeline.php(209): Illuminate/Foundation/Http/Middleware/ConvertEmptyStringsToNull->handle(Object(Illuminate/Http/Request), Object(Closure))
#44 C:/Users/Namara saleem/Documents/Codex/2026-08-16/jh/ztams/vendor/laravel/framework/src/Illuminate/Foundation/Http/Middleware/TransformsRequest.php(21): Illuminate/Pipeline/Pipeline->Illuminate/Pipeline/{closure}(Object(Illuminate/Http/Request))
#45 C:/Users/Namara saleem/Documents/Codex/2026-08-16/jh/ztams/vendor/laravel/framework/src/Illuminate/Foundation/Http/Middleware/TrimStrings.php(51): Illuminate/Foundation/Http/Middleware/TransformsRequest->handle(Object(Illuminate/Http/Request), Object(Closure))
#46 C:/Users/Namara saleem/Documents/Codex/2026-08-16/jh/ztams/vendor/laravel/framework/src/Illuminate/Pipeline/Pipeline.php(209): Illuminate/Foundation/Http/Middleware/TrimStrings->handle(Object(Illuminate/Http/Request), Object(Closure))
#47 C:/Users/Namara saleem/Documents/Codex/2026-08-16/jh/ztams/vendor/laravel/framework/src/Illuminate/Http/Middleware/ValidatePostSize.php(27): Illuminate/Pipeline/Pipeline->Illuminate/Pipeline/{closure}(Object(Illuminate/Http/Request))
#48 C:/Users/Namara saleem/Documents/Codex/2026-08-16/jh/ztams/vendor/laravel/framework/src/Illuminate/Pipeline/Pipeline.php(209): Illuminate/Http/Middleware/ValidatePostSize->handle(Object(Illuminate/Http/Request), Object(Closure))
#49 C:/Users/Namara saleem/Documents/Codex/2026-08-16/jh/ztams/vendor/laravel/framework/src/Illuminate/Foundation/Http/Middleware/PreventRequestsDuringMaintenance.php(110): Illuminate/Pipeline/Pipeline->Illuminate/Pipeline/{closure}(Object(Illuminate/Http/Request))
#50 C:/Users/Namara saleem/Documents/Codex/2026-08-16/jh/ztams/vendor/laravel/framework/src/Illuminate/Pipeline/Pipeline.php(209): Illuminate/Foundation/Http/Middleware/PreventRequestsDuringMaintenance->handle(Object(Illuminate/Http/Request), Object(Closure))
#51 C:/Users/Namara saleem/Documents/Codex/2026-08-16/jh/ztams/vendor/laravel/framework/src/Illuminate/Http/Middleware/HandleCors.php(49): Illuminate/Pipeline/Pipeline->Illuminate/Pipeline/{closure}(Object(Illuminate/Http/Request))
#52 C:/Users/Namara saleem/Documents/Codex/2026-08-16/jh/ztams/vendor/laravel/framework/src/Illuminate/Pipeline/Pipeline.php(209): Illuminate/Http/Middleware/HandleCors->handle(Object(Illuminate/Http/Request), Object(Closure))
#53 C:/Users/Namara saleem/Documents/Codex/2026-08-16/jh/ztams/vendor/laravel/framework/src/Illuminate/Http/Middleware/TrustProxies.php(58): Illuminate/Pipeline/Pipeline->Illuminate/Pipeline/{closure}(Object(Illuminate/Http/Request))
#54 C:/Users/Namara saleem/Documents/Codex/2026-08-16/jh/ztams/vendor/laravel/framework/src/Illuminate/Pipeline/Pipeline.php(209): Illuminate/Http/Middleware/TrustProxies->handle(Object(Illuminate/Http/Request), Object(Closure))
#55 C:/Users/Namara saleem/Documents/Codex/2026-08-16/jh/ztams/vendor/laravel/framework/src/Illuminate/Foundation/Http/Middleware/InvokeDeferredCallbacks.php(22): Illuminate/Pipeline/Pipeline->Illuminate/Pipeline/{closure}(Object(Illuminate/Http/Request))
#56 C:/Users/Namara saleem/Documents/Codex/2026-08-16/jh/ztams/vendor/laravel/framework/src/Illuminate/Pipeline/Pipeline.php(209): Illuminate/Foundation/Http/Middleware/InvokeDeferredCallbacks->handle(Object(Illuminate/Http/Request), Object(Closure))
#57 C:/Users/Namara saleem/Documents/Codex/2026-08-16/jh/ztams/vendor/laravel/framework/src/Illuminate/Pipeline/Pipeline.php(127): Illuminate/Pipeline/Pipeline->Illuminate/Pipeline/{closure}(Object(Illuminate/Http/Request))
#58 C:/Users/Namara saleem/Documents/Codex/2026-08-16/jh/ztams/vendor/laravel/framework/src/Illuminate/Foundation/Http/Kernel.php(176): Illuminate/Pipeline/Pipeline->then(Object(Closure))
#59 C:/Users/Namara saleem/Documents/Codex/2026-08-16/jh/ztams/vendor/laravel/framework/src/Illuminate/Foundation/Http/Kernel.php(145): Illuminate/Foundation/Http/Kernel->sendRequestThroughRouter(Object(Illuminate/Http/Request))
#60 C:/Users/Namara saleem/Documents/Codex/2026-08-16/jh/ztams/vendor/laravel/framework/src/Illuminate/Foundation/Application.php(1220): Illuminate/Foundation/Http/Kernel->handle(Object(Illuminate/Http/Request))
#61 C:/Users/Namara saleem/Documents/Codex/2026-08-16/jh/ztams/public/index.php(17): Illuminate/Foundation/Application->handleRequest(Object(Illuminate/Http/Request))
#62 C:/Users/Namara saleem/Documents/Codex/2026-08-16/jh/ztams/vendor/laravel/framework/src/Illuminate/Foundation/resources/server.php(23): require_once('C://Users//Namara...')
#63 {main}
"} 
[2026-08-19 00:17:49] local.ERROR: SQLSTATE[HY000] [2002] No connection could be made because the target machine actively refused it (Connection: mysql, SQL: select * from `sessions` where `id` = p1YY4jVSyxNfOgiLOLOUnD0r6hOKtJt1HD0NBMlq limit 1) {"exception":"[object] (Illuminate\\Database\\QueryException(code: 2002): SQLSTATE[HY000] [2002] No connection could be made because the target machine actively refused it (Connection: mysql, SQL: select * from `sessions` where `id` = p1YY4jVSyxNfOgiLOLOUnD0r6hOKtJt1HD0NBMlq limit 1) at C:/Users/Namara saleem/Documents/Codex/2026-08-16/jh/ztams/vendor/laravel/framework/src/Illuminate/Database/Connection.php:825)
[stacktrace]
#0 C:/Users/Namara saleem/Documents/Codex/2026-08-16/jh/ztams/vendor/laravel/framework/src/Illuminate/Database/Connection.php(979): Illuminate/Database/Connection->runQueryCallback('select * from `...', Array, Object(Closure))
#1 C:/Users/Namara saleem/Documents/Codex/2026-08-16/jh/ztams/vendor/laravel/framework/src/Illuminate/Database/Connection.php(958): Illuminate/Database/Connection->tryAgainIfCausedByLostConnection(Object(Illuminate/Database/QueryException), 'select * from `...', Array, Object(Closure))
#2 C:/Users/Namara saleem/Documents/Codex/2026-08-16/jh/ztams/vendor/laravel/framework/src/Illuminate/Database/Connection.php(781): Illuminate/Database/Connection->handleQueryException(Object(Illuminate/Database/QueryException), 'select * from `...', Array, Object(Closure))
#3 C:/Users/Namara saleem/Documents/Codex/2026-08-16/jh/ztams/vendor/laravel/framework/src/Illuminate/Database/Connection.php(398): Illuminate/Database/Connection->run('select * from `...', Array, Object(Closure))
#4 C:/Users/Namara saleem/Documents/Codex/2026-08-16/jh/ztams/vendor/laravel/framework/src/Illuminate/Database/Query/Builder.php(3106): Illuminate/Database/Connection->select('select * from `...', Array, false)
#5 C:/Users/Namara saleem/Documents/Codex/2026-08-16/jh/ztams/vendor/laravel/framework/src/Illuminate/Database/Query/Builder.php(3091): Illuminate/Database/Query/Builder->runSelect()
#6 C:/Users/Namara saleem/Documents/Codex/2026-08-16/jh/ztams/vendor/laravel/framework/src/Illuminate/Database/Query/Builder.php(3676): Illuminate/Database/Query/Builder->Illuminate/Database/Query/{closure}()
#7 C:/Users/Namara saleem/Documents/Codex/2026-08-16/jh/ztams/vendor/laravel/framework/src/Illuminate/Database/Query/Builder.php(3090): Illuminate/Database/Query/Builder->onceWithColumns(Array, Object(Closure))
#8 C:/Users/Namara saleem/Documents/Codex/2026-08-16/jh/ztams/vendor/laravel/framework/src/Illuminate/Database/Concerns/BuildsQueries.php(343): Illuminate/Database/Query/Builder->get(Array)
#9 C:/Users/Namara saleem/Documents/Codex/2026-08-16/jh/ztams/vendor/laravel/framework/src/Illuminate/Database/Query/Builder.php(3013): Illuminate/Database/Query/Builder->first(Array)
#10 C:/Users/Namara saleem/Documents/Codex/2026-08-16/jh/ztams/vendor/laravel/framework/src/Illuminate/Session/DatabaseSessionHandler.php(97): Illuminate/Database/Query/Builder->find('p1YY4jVSyxNfOgi...')
#11 C:/Users/Namara saleem/Documents/Codex/2026-08-16/jh/ztams/vendor/laravel/framework/src/Illuminate/Session/Store.php(117): Illuminate/Session/DatabaseSessionHandler->read('p1YY4jVSyxNfOgi...')
#12 C:/Users/Namara saleem/Documents/Codex/2026-08-16/jh/ztams/vendor/laravel/framework/src/Illuminate/Session/Store.php(105): Illuminate/Session/Store->readFromHandler()
#13 C:/Users/Namara saleem/Documents/Codex/2026-08-16/jh/ztams/vendor/laravel/framework/src/Illuminate/Session/Store.php(89): Illuminate/Session/Store->loadSession()
#14 C:/Users/Namara saleem/Documents/Codex/2026-08-16/jh/ztams/vendor/laravel/framework/src/Illuminate/Session/Middleware/StartSession.php(147): Illuminate/Session/Store->start()
#15 C:/Users/Namara saleem/Documents/Codex/2026-08-16/jh/ztams/vendor/laravel/framework/src/Illuminate/Support/helpers.php(399): Illuminate/Session/Middleware/StartSession->Illuminate/Session/Middleware/{closure}(Object(Illuminate/Session/Store))
#16 C:/Users/Namara saleem/Documents/Codex/2026-08-16/jh/ztams/vendor/laravel/framework/src/Illuminate/Session/Middleware/StartSession.php(144): tap(Object(Illuminate/Session/Store), Object(Closure))
#17 C:/Users/Namara saleem/Documents/Codex/2026-08-16/jh/ztams/vendor/laravel/framework/src/Illuminate/Session/Middleware/StartSession.php(116): Illuminate/Session/Middleware/StartSession->startSession(Object(Illuminate/Http/Request), Object(Illuminate/Session/Store))
#18 C:/Users/Namara saleem/Documents/Codex/2026-08-16/jh/ztams/vendor/laravel/framework/src/Illuminate/Session/Middleware/StartSession.php(64): Illuminate/Session/Middleware/StartSession->handleStatefulRequest(Object(Illuminate/Http/Request), Object(Illuminate/Session/Store), Object(Closure))
#19 C:/Users/Namara saleem/Documents/Codex/2026-08-16/jh/ztams/vendor/laravel/framework/src/Illuminate/Pipeline/Pipeline.php(209): Illuminate/Session/Middleware/StartSession->handle(Object(Illuminate/Http/Request), Object(Closure))
#20 C:/Users/Namara saleem/Documents/Codex/2026-08-16/jh/ztams/vendor/laravel/framework/src/Illuminate/Cookie/Middleware/AddQueuedCookiesToResponse.php(37): Illuminate/Pipeline/Pipeline->Illuminate/Pipeline/{closure}(Object(Illuminate/Http/Request))
#21 C:/Users/Namara saleem/Documents/Codex/2026-08-16/jh/ztams/vendor/laravel/framework/src/Illuminate/Pipeline/Pipeline.php(209): Illuminate/Cookie/Middleware/AddQueuedCookiesToResponse->handle(Object(Illuminate/Http/Request), Object(Closure))
#22 C:/Users/Namara saleem/Documents/Codex/2026-08-16/jh/ztams/vendor/laravel/framework/src/Illuminate/Cookie/Middleware/EncryptCookies.php(75): Illuminate/Pipeline/Pipeline->Illuminate/Pipeline/{closure}(Object(Illuminate/Http/Request))
#23 C:/Users/Namara saleem/Documents/Codex/2026-08-16/jh/ztams/vendor/laravel/framework/src/Illuminate/Pipeline/Pipeline.php(209): Illuminate/Cookie/Middleware/EncryptCookies->handle(Object(Illuminate/Http/Request), Object(Closure))
#24 C:/Users/Namara saleem/Documents/Codex/2026-08-16/jh/ztams/vendor/laravel/framework/src/Illuminate/Pipeline/Pipeline.php(127): Illuminate/Pipeline/Pipeline->Illuminate/Pipeline/{closure}(Object(Illuminate/Http/Request))
#25 C:/Users/Namara saleem/Documents/Codex/2026-08-16/jh/ztams/vendor/laravel/framework/src/Illuminate/Routing/Router.php(807): Illuminate/Pipeline/Pipeline->then(Object(Closure))
#26 C:/Users/Namara saleem/Documents/Codex/2026-08-16/jh/ztams/vendor/laravel/framework/src/Illuminate/Routing/Router.php(786): Illuminate/Routing/Router->runRouteWithinStack(Object(Illuminate/Routing/Route), Object(Illuminate/Http/Request))
#27 C:/Users/Namara saleem/Documents/Codex/2026-08-16/jh/ztams/vendor/laravel/framework/src/Illuminate/Routing/Router.php(750): Illuminate/Routing/Router->runRoute(Object(Illuminate/Http/Request), Object(Illuminate/Routing/Route))
#28 C:/Users/Namara saleem/Documents/Codex/2026-08-16/jh/ztams/vendor/laravel/framework/src/Illuminate/Routing/Router.php(739): Illuminate/Routing/Router->dispatchToRoute(Object(Illuminate/Http/Request))
#29 C:/Users/Namara saleem/Documents/Codex/2026-08-16/jh/ztams/vendor/laravel/framework/src/Illuminate/Foundation/Http/Kernel.php(201): Illuminate/Routing/Router->dispatch(Object(Illuminate/Http/Request))
#30 C:/Users/Namara saleem/Documents/Codex/2026-08-16/jh/ztams/vendor/laravel/framework/src/Illuminate/Pipeline/Pipeline.php(170): Illuminate/Foundation/Http/Kernel->Illuminate/Foundation/Http/{closure}(Object(Illuminate/Http/Request))
#31 C:/Users/Namara saleem/Documents/Codex/2026-08-16/jh/ztams/vendor/laravel/framework/src/Illuminate/Foundation/Http/Middleware/TransformsRequest.php(21): Illuminate/Pipeline/Pipeline->Illuminate/Pipeline/{closure}(Object(Illuminate/Http/Request))
#32 C:/Users/Namara saleem/Documents/Codex/2026-08-16/jh/ztams/vendor/laravel/framework/src/Illuminate/Foundation/Http/Middleware/ConvertEmptyStringsToNull.php(31): Illuminate/Foundation/Http/Middleware/TransformsRequest->handle(Object(Illuminate/Http/Request), Object(Closure))
#33 C:/Users/Namara saleem/Documents/Codex/2026-08-16/jh/ztams/vendor/laravel/framework/src/Illuminate/Pipeline/Pipeline.php(209): Illuminate/Foundation/Http/Middleware/ConvertEmptyStringsToNull->handle(Object(Illuminate/Http/Request), Object(Closure))
#34 C:/Users/Namara saleem/Documents/Codex/2026-08-16/jh/ztams/vendor/laravel/framework/src/Illuminate/Foundation/Http/Middleware/TransformsRequest.php(21): Illuminate/Pipeline/Pipeline->Illuminate/Pipeline/{closure}(Object(Illuminate/Http/Request))
#35 C:/Users/Namara saleem/Documents/Codex/2026-08-16/jh/ztams/vendor/laravel/framework/src/Illuminate/Foundation/Http/Middleware/TrimStrings.php(51): Illuminate/Foundation/Http/Middleware/TransformsRequest->handle(Object(Illuminate/Http/Request), Object(Closure))
#36 C:/Users/Namara saleem/Documents/Codex/2026-08-16/jh/ztams/vendor/laravel/framework/src/Illuminate/Pipeline/Pipeline.php(209): Illuminate/Foundation/Http/Middleware/TrimStrings->handle(Object(Illuminate/Http/Request), Object(Closure))
#37 C:/Users/Namara saleem/Documents/Codex/2026-08-16/jh/ztams/vendor/laravel/framework/src/Illuminate/Http/Middleware/ValidatePostSize.php(27): Illuminate/Pipeline/Pipeline->Illuminate/Pipeline/{closure}(Object(Illuminate/Http/Request))
#38 C:/Users/Namara saleem/Documents/Codex/2026-08-16/jh/ztams/vendor/laravel/framework/src/Illuminate/Pipeline/Pipeline.php(209): Illuminate/Http/Middleware/ValidatePostSize->handle(Object(Illuminate/Http/Request), Object(Closure))
#39 C:/Users/Namara saleem/Documents/Codex/2026-08-16/jh/ztams/vendor/laravel/framework/src/Illuminate/Foundation/Http/Middleware/PreventRequestsDuringMaintenance.php(110): Illuminate/Pipeline/Pipeline->Illuminate/Pipeline/{closure}(Object(Illuminate/Http/Request))
#40 C:/Users/Namara saleem/Documents/Codex/2026-08-16/jh/ztams/vendor/laravel/framework/src/Illuminate/Pipeline/Pipeline.php(209): Illuminate/Foundation/Http/Middleware/PreventRequestsDuringMaintenance->handle(Object(Illuminate/Http/Request), Object(Closure))
#41 C:/Users/Namara saleem/Documents/Codex/2026-08-16/jh/ztams/vendor/laravel/framework/src/Illuminate/Http/Middleware/HandleCors.php(49): Illuminate/Pipeline/Pipeline->Illuminate/Pipeline/{closure}(Object(Illuminate/Http/Request))
#42 C:/Users/Namara saleem/Documents/Codex/2026-08-16/jh/ztams/vendor/laravel/framework/src/Illuminate/Pipeline/Pipeline.php(209): Illuminate/Http/Middleware/HandleCors->handle(Object(Illuminate/Http/Request), Object(Closure))
#43 C:/Users/Namara saleem/Documents/Codex/2026-08-16/jh/ztams/vendor/laravel/framework/src/Illuminate/Http/Middleware/TrustProxies.php(58): Illuminate/Pipeline/Pipeline->Illuminate/Pipeline/{closure}(Object(Illuminate/Http/Request))
#44 C:/Users/Namara saleem/Documents/Codex/2026-08-16/jh/ztams/vendor/laravel/framework/src/Illuminate/Pipeline/Pipeline.php(209): Illuminate/Http/Middleware/TrustProxies->handle(Object(Illuminate/Http/Request), Object(Closure))
#45 C:/Users/Namara saleem/Documents/Codex/2026-08-16/jh/ztams/vendor/laravel/framework/src/Illuminate/Foundation/Http/Middleware/InvokeDeferredCallbacks.php(22): Illuminate/Pipeline/Pipeline->Illuminate/Pipeline/{closure}(Object(Illuminate/Http/Request))
#46 C:/Users/Namara saleem/Documents/Codex/2026-08-16/jh/ztams/vendor/laravel/framework/src/Illuminate/Pipeline/Pipeline.php(209): Illuminate/Foundation/Http/Middleware/InvokeDeferredCallbacks->handle(Object(Illuminate/Http/Request), Object(Closure))
#47 C:/Users/Namara saleem/Documents/Codex/2026-08-16/jh/ztams/vendor/laravel/framework/src/Illuminate/Pipeline/Pipeline.php(127): Illuminate/Pipeline/Pipeline->Illuminate/Pipeline/{closure}(Object(Illuminate/Http/Request))
#48 C:/Users/Namara saleem/Documents/Codex/2026-08-16/jh/ztams/vendor/laravel/framework/src/Illuminate/Foundation/Http/Kernel.php(176): Illuminate/Pipeline/Pipeline->then(Object(Closure))
#49 C:/Users/Namara saleem/Documents/Codex/2026-08-16/jh/ztams/vendor/laravel/framework/src/Illuminate/Foundation/Http/Kernel.php(145): Illuminate/Foundation/Http/Kernel->sendRequestThroughRouter(Object(Illuminate/Http/Request))
#50 C:/Users/Namara saleem/Documents/Codex/2026-08-16/jh/ztams/vendor/laravel/framework/src/Illuminate/Foundation/Application.php(1220): Illuminate/Foundation/Http/Kernel->handle(Object(Illuminate/Http/Request))
#51 C:/Users/Namara saleem/Documents/Codex/2026-08-16/jh/ztams/public/index.php(17): Illuminate/Foundation/Application->handleRequest(Object(Illuminate/Http/Request))
#52 C:/Users/Namara saleem/Documents/Codex/2026-08-16/jh/ztams/vendor/laravel/framework/src/Illuminate/Foundation/resources/server.php(23): require_once('C://Users//Namara...')
#53 {main}

[previous exception] [object] (PDOException(code: 2002): SQLSTATE[HY000] [2002] No connection could be made because the target machine actively refused it at C:/Users/Namara saleem/Documents/Codex/2026-08-16/jh/ztams/vendor/laravel/framework/src/Illuminate/Database/Connectors/Connector.php:66)
[stacktrace]
#0 C:/Users/Namara saleem/Documents/Codex/2026-08-16/jh/ztams/vendor/laravel/framework/src/Illuminate/Database/Connectors/Connector.php(66): PDO->__construct('mysql:host=127....', 'root', Object(SensitiveParameterValue), Array)
#1 C:/Users/Namara saleem/Documents/Codex/2026-08-16/jh/ztams/vendor/laravel/framework/src/Illuminate/Database/Connectors/Connector.php(85): Illuminate/Database/Connectors/Connector->createPdoConnection('mysql:host=127....', 'root', Object(SensitiveParameterValue), Array)
#2 C:/Users/Namara saleem/Documents/Codex/2026-08-16/jh/ztams/vendor/laravel/framework/src/Illuminate/Database/Connectors/Connector.php(48): Illuminate/Database/Connectors/Connector->tryAgainIfCausedByLostConnection(Object(PDOException), 'mysql:host=127....', 'root', Object(SensitiveParameterValue), Array)
#3 C:/Users/Namara saleem/Documents/Codex/2026-08-16/jh/ztams/vendor/laravel/framework/src/Illuminate/Database/Connectors/MySqlConnector.php(24): Illuminate/Database/Connectors/Connector->createConnection('mysql:host=127....', Array, Array)
#4 C:/Users/Namara saleem/Documents/Codex/2026-08-16/jh/ztams/vendor/laravel/framework/src/Illuminate/Database/Connectors/ConnectionFactory.php(185): Illuminate/Database/Connectors/MySqlConnector->connect(Array)
#5 [internal function]: Illuminate/Database/Connectors/ConnectionFactory->Illuminate/Database/Connectors/{closure}()
#6 C:/Users/Namara saleem/Documents/Codex/2026-08-16/jh/ztams/vendor/laravel/framework/src/Illuminate/Database/Connection.php(1231): call_user_func(Object(Closure))
#7 C:/Users/Namara saleem/Documents/Codex/2026-08-16/jh/ztams/vendor/laravel/framework/src/Illuminate/Database/Connection.php(512): Illuminate/Database/Connection->getPdo()
#8 C:/Users/Namara saleem/Documents/Codex/2026-08-16/jh/ztams/vendor/laravel/framework/src/Illuminate/Database/Connection.php(407): Illuminate/Database/Connection->getPdoForSelect(false)
#9 C:/Users/Namara saleem/Documents/Codex/2026-08-16/jh/ztams/vendor/laravel/framework/src/Illuminate/Database/Connection.php(812): Illuminate/Database/Connection->Illuminate/Database/{closure}('select * from `...', Array)
#10 C:/Users/Namara saleem/Documents/Codex/2026-08-16/jh/ztams/vendor/laravel/framework/src/Illuminate/Database/Connection.php(979): Illuminate/Database/Connection->runQueryCallback('select * from `...', Array, Object(Closure))
#11 C:/Users/Namara saleem/Documents/Codex/2026-08-16/jh/ztams/vendor/laravel/framework/src/Illuminate/Database/Connection.php(958): Illuminate/Database/Connection->tryAgainIfCausedByLostConnection(Object(Illuminate/Database/QueryException), 'select * from `...', Array, Object(Closure))
#12 C:/Users/Namara saleem/Documents/Codex/2026-08-16/jh/ztams/vendor/laravel/framework/src/Illuminate/Database/Connection.php(781): Illuminate/Database/Connection->handleQueryException(Object(Illuminate/Database/QueryException), 'select * from `...', Array, Object(Closure))
#13 C:/Users/Namara saleem/Documents/Codex/2026-08-16/jh/ztams/vendor/laravel/framework/src/Illuminate/Database/Connection.php(398): Illuminate/Database/Connection->run('select * from `...', Array, Object(Closure))
#14 C:/Users/Namara saleem/Documents/Codex/2026-08-16/jh/ztams/vendor/laravel/framework/src/Illuminate/Database/Query/Builder.php(3106): Illuminate/Database/Connection->select('select * from `...', Array, false)
#15 C:/Users/Namara saleem/Documents/Codex/2026-08-16/jh/ztams/vendor/laravel/framework/src/Illuminate/Database/Query/Builder.php(3091): Illuminate/Database/Query/Builder->runSelect()
#16 C:/Users/Namara saleem/Documents/Codex/2026-08-16/jh/ztams/vendor/laravel/framework/src/Illuminate/Database/Query/Builder.php(3676): Illuminate/Database/Query/Builder->Illuminate/Database/Query/{closure}()
#17 C:/Users/Namara saleem/Documents/Codex/2026-08-16/jh/ztams/vendor/laravel/framework/src/Illuminate/Database/Query/Builder.php(3090): Illuminate/Database/Query/Builder->onceWithColumns(Array, Object(Closure))
#18 C:/Users/Namara saleem/Documents/Codex/2026-08-16/jh/ztams/vendor/laravel/framework/src/Illuminate/Database/Concerns/BuildsQueries.php(343): Illuminate/Database/Query/Builder->get(Array)
#19 C:/Users/Namara saleem/Documents/Codex/2026-08-16/jh/ztams/vendor/laravel/framework/src/Illuminate/Database/Query/Builder.php(3013): Illuminate/Database/Query/Builder->first(Array)
#20 C:/Users/Namara saleem/Documents/Codex/2026-08-16/jh/ztams/vendor/laravel/framework/src/Illuminate/Session/DatabaseSessionHandler.php(97): Illuminate/Database/Query/Builder->find('p1YY4jVSyxNfOgi...')
#21 C:/Users/Namara saleem/Documents/Codex/2026-08-16/jh/ztams/vendor/laravel/framework/src/Illuminate/Session/Store.php(117): Illuminate/Session/DatabaseSessionHandler->read('p1YY4jVSyxNfOgi...')
#22 C:/Users/Namara saleem/Documents/Codex/2026-08-16/jh/ztams/vendor/laravel/framework/src/Illuminate/Session/Store.php(105): Illuminate/Session/Store->readFromHandler()
#23 C:/Users/Namara saleem/Documents/Codex/2026-08-16/jh/ztams/vendor/laravel/framework/src/Illuminate/Session/Store.php(89): Illuminate/Session/Store->loadSession()
#24 C:/Users/Namara saleem/Documents/Codex/2026-08-16/jh/ztams/vendor/laravel/framework/src/Illuminate/Session/Middleware/StartSession.php(147): Illuminate/Session/Store->start()
#25 C:/Users/Namara saleem/Documents/Codex/2026-08-16/jh/ztams/vendor/laravel/framework/src/Illuminate/Support/helpers.php(399): Illuminate/Session/Middleware/StartSession->Illuminate/Session/Middleware/{closure}(Object(Illuminate/Session/Store))
#26 C:/Users/Namara saleem/Documents/Codex/2026-08-16/jh/ztams/vendor/laravel/framework/src/Illuminate/Session/Middleware/StartSession.php(144): tap(Object(Illuminate/Session/Store), Object(Closure))
#27 C:/Users/Namara saleem/Documents/Codex/2026-08-16/jh/ztams/vendor/laravel/framework/src/Illuminate/Session/Middleware/StartSession.php(116): Illuminate/Session/Middleware/StartSession->startSession(Object(Illuminate/Http/Request), Object(Illuminate/Session/Store))
#28 C:/Users/Namara saleem/Documents/Codex/2026-08-16/jh/ztams/vendor/laravel/framework/src/Illuminate/Session/Middleware/StartSession.php(64): Illuminate/Session/Middleware/StartSession->handleStatefulRequest(Object(Illuminate/Http/Request), Object(Illuminate/Session/Store), Object(Closure))
#29 C:/Users/Namara saleem/Documents/Codex/2026-08-16/jh/ztams/vendor/laravel/framework/src/Illuminate/Pipeline/Pipeline.php(209): Illuminate/Session/Middleware/StartSession->handle(Object(Illuminate/Http/Request), Object(Closure))
#30 C:/Users/Namara saleem/Documents/Codex/2026-08-16/jh/ztams/vendor/laravel/framework/src/Illuminate/Cookie/Middleware/AddQueuedCookiesToResponse.php(37): Illuminate/Pipeline/Pipeline->Illuminate/Pipeline/{closure}(Object(Illuminate/Http/Request))
#31 C:/Users/Namara saleem/Documents/Codex/2026-08-16/jh/ztams/vendor/laravel/framework/src/Illuminate/Pipeline/Pipeline.php(209): Illuminate/Cookie/Middleware/AddQueuedCookiesToResponse->handle(Object(Illuminate/Http/Request), Object(Closure))
#32 C:/Users/Namara saleem/Documents/Codex/2026-08-16/jh/ztams/vendor/laravel/framework/src/Illuminate/Cookie/Middleware/EncryptCookies.php(75): Illuminate/Pipeline/Pipeline->Illuminate/Pipeline/{closure}(Object(Illuminate/Http/Request))
#33 C:/Users/Namara saleem/Documents/Codex/2026-08-16/jh/ztams/vendor/laravel/framework/src/Illuminate/Pipeline/Pipeline.php(209): Illuminate/Cookie/Middleware/EncryptCookies->handle(Object(Illuminate/Http/Request), Object(Closure))
#34 C:/Users/Namara saleem/Documents/Codex/2026-08-16/jh/ztams/vendor/laravel/framework/src/Illuminate/Pipeline/Pipeline.php(127): Illuminate/Pipeline/Pipeline->Illuminate/Pipeline/{closure}(Object(Illuminate/Http/Request))
#35 C:/Users/Namara saleem/Documents/Codex/2026-08-16/jh/ztams/vendor/laravel/framework/src/Illuminate/Routing/Router.php(807): Illuminate/Pipeline/Pipeline->then(Object(Closure))
#36 C:/Users/Namara saleem/Documents/Codex/2026-08-16/jh/ztams/vendor/laravel/framework/src/Illuminate/Routing/Router.php(786): Illuminate/Routing/Router->runRouteWithinStack(Object(Illuminate/Routing/Route), Object(Illuminate/Http/Request))
#37 C:/Users/Namara saleem/Documents/Codex/2026-08-16/jh/ztams/vendor/laravel/framework/src/Illuminate/Routing/Router.php(750): Illuminate/Routing/Router->runRoute(Object(Illuminate/Http/Request), Object(Illuminate/Routing/Route))
#38 C:/Users/Namara saleem/Documents/Codex/2026-08-16/jh/ztams/vendor/laravel/framework/src/Illuminate/Routing/Router.php(739): Illuminate/Routing/Router->dispatchToRoute(Object(Illuminate/Http/Request))
#39 C:/Users/Namara saleem/Documents/Codex/2026-08-16/jh/ztams/vendor/laravel/framework/src/Illuminate/Foundation/Http/Kernel.php(201): Illuminate/Routing/Router->dispatch(Object(Illuminate/Http/Request))
#40 C:/Users/Namara saleem/Documents/Codex/2026-08-16/jh/ztams/vendor/laravel/framework/src/Illuminate/Pipeline/Pipeline.php(170): Illuminate/Foundation/Http/Kernel->Illuminate/Foundation/Http/{closure}(Object(Illuminate/Http/Request))
#41 C:/Users/Namara saleem/Documents/Codex/2026-08-16/jh/ztams/vendor/laravel/framework/src/Illuminate/Foundation/Http/Middleware/TransformsRequest.php(21): Illuminate/Pipeline/Pipeline->Illuminate/Pipeline/{closure}(Object(Illuminate/Http/Request))
#42 C:/Users/Namara saleem/Documents/Codex/2026-08-16/jh/ztams/vendor/laravel/framework/src/Illuminate/Foundation/Http/Middleware/ConvertEmptyStringsToNull.php(31): Illuminate/Foundation/Http/Middleware/TransformsRequest->handle(Object(Illuminate/Http/Request), Object(Closure))
#43 C:/Users/Namara saleem/Documents/Codex/2026-08-16/jh/ztams/vendor/laravel/framework/src/Illuminate/Pipeline/Pipeline.php(209): Illuminate/Foundation/Http/Middleware/ConvertEmptyStringsToNull->handle(Object(Illuminate/Http/Request), Object(Closure))
#44 C:/Users/Namara saleem/Documents/Codex/2026-08-16/jh/ztams/vendor/laravel/framework/src/Illuminate/Foundation/Http/Middleware/TransformsRequest.php(21): Illuminate/Pipeline/Pipeline->Illuminate/Pipeline/{closure}(Object(Illuminate/Http/Request))
#45 C:/Users/Namara saleem/Documents/Codex/2026-08-16/jh/ztams/vendor/laravel/framework/src/Illuminate/Foundation/Http/Middleware/TrimStrings.php(51): Illuminate/Foundation/Http/Middleware/TransformsRequest->handle(Object(Illuminate/Http/Request), Object(Closure))
#46 C:/Users/Namara saleem/Documents/Codex/2026-08-16/jh/ztams/vendor/laravel/framework/src/Illuminate/Pipeline/Pipeline.php(209): Illuminate/Foundation/Http/Middleware/TrimStrings->handle(Object(Illuminate/Http/Request), Object(Closure))
#47 C:/Users/Namara saleem/Documents/Codex/2026-08-16/jh/ztams/vendor/laravel/framework/src/Illuminate/Http/Middleware/ValidatePostSize.php(27): Illuminate/Pipeline/Pipeline->Illuminate/Pipeline/{closure}(Object(Illuminate/Http/Request))
#48 C:/Users/Namara saleem/Documents/Codex/2026-08-16/jh/ztams/vendor/laravel/framework/src/Illuminate/Pipeline/Pipeline.php(209): Illuminate/Http/Middleware/ValidatePostSize->handle(Object(Illuminate/Http/Request), Object(Closure))
#49 C:/Users/Namara saleem/Documents/Codex/2026-08-16/jh/ztams/vendor/laravel/framework/src/Illuminate/Foundation/Http/Middleware/PreventRequestsDuringMaintenance.php(110): Illuminate/Pipeline/Pipeline->Illuminate/Pipeline/{closure}(Object(Illuminate/Http/Request))
#50 C:/Users/Namara saleem/Documents/Codex/2026-08-16/jh/ztams/vendor/laravel/framework/src/Illuminate/Pipeline/Pipeline.php(209): Illuminate/Foundation/Http/Middleware/PreventRequestsDuringMaintenance->handle(Object(Illuminate/Http/Request), Object(Closure))
#51 C:/Users/Namara saleem/Documents/Codex/2026-08-16/jh/ztams/vendor/laravel/framework/src/Illuminate/Http/Middleware/HandleCors.php(49): Illuminate/Pipeline/Pipeline->Illuminate/Pipeline/{closure}(Object(Illuminate/Http/Request))
#52 C:/Users/Namara saleem/Documents/Codex/2026-08-16/jh/ztams/vendor/laravel/framework/src/Illuminate/Pipeline/Pipeline.php(209): Illuminate/Http/Middleware/HandleCors->handle(Object(Illuminate/Http/Request), Object(Closure))
#53 C:/Users/Namara saleem/Documents/Codex/2026-08-16/jh/ztams/vendor/laravel/framework/src/Illuminate/Http/Middleware/TrustProxies.php(58): Illuminate/Pipeline/Pipeline->Illuminate/Pipeline/{closure}(Object(Illuminate/Http/Request))
#54 C:/Users/Namara saleem/Documents/Codex/2026-08-16/jh/ztams/vendor/laravel/framework/src/Illuminate/Pipeline/Pipeline.php(209): Illuminate/Http/Middleware/TrustProxies->handle(Object(Illuminate/Http/Request), Object(Closure))
#55 C:/Users/Namara saleem/Documents/Codex/2026-08-16/jh/ztams/vendor/laravel/framework/src/Illuminate/Foundation/Http/Middleware/InvokeDeferredCallbacks.php(22): Illuminate/Pipeline/Pipeline->Illuminate/Pipeline/{closure}(Object(Illuminate/Http/Request))
#56 C:/Users/Namara saleem/Documents/Codex/2026-08-16/jh/ztams/vendor/laravel/framework/src/Illuminate/Pipeline/Pipeline.php(209): Illuminate/Foundation/Http/Middleware/InvokeDeferredCallbacks->handle(Object(Illuminate/Http/Request), Object(Closure))
#57 C:/Users/Namara saleem/Documents/Codex/2026-08-16/jh/ztams/vendor/laravel/framework/src/Illuminate/Pipeline/Pipeline.php(127): Illuminate/Pipeline/Pipeline->Illuminate/Pipeline/{closure}(Object(Illuminate/Http/Request))
#58 C:/Users/Namara saleem/Documents/Codex/2026-08-16/jh/ztams/vendor/laravel/framework/src/Illuminate/Foundation/Http/Kernel.php(176): Illuminate/Pipeline/Pipeline->then(Object(Closure))
#59 C:/Users/Namara saleem/Documents/Codex/2026-08-16/jh/ztams/vendor/laravel/framework/src/Illuminate/Foundation/Http/Kernel.php(145): Illuminate/Foundation/Http/Kernel->sendRequestThroughRouter(Object(Illuminate/Http/Request))
#60 C:/Users/Namara saleem/Documents/Codex/2026-08-16/jh/ztams/vendor/laravel/framework/src/Illuminate/Foundation/Application.php(1220): Illuminate/Foundation/Http/Kernel->handle(Object(Illuminate/Http/Request))
#61 C:/Users/Namara saleem/Documents/Codex/2026-08-16/jh/ztams/public/index.php(17): Illuminate/Foundation/Application->handleRequest(Object(Illuminate/Http/Request))
#62 C:/Users/Namara saleem/Documents/Codex/2026-08-16/jh/ztams/vendor/laravel/framework/src/Illuminate/Foundation/resources/server.php(23): require_once('C://Users//Namara...')
#63 {main}
"} 
[2026-08-19 00:19:45] local.ERROR: SQLSTATE[HY000] [2002] No connection could be made because the target machine actively refused it (Connection: mysql, SQL: select * from `sessions` where `id` = p1YY4jVSyxNfOgiLOLOUnD0r6hOKtJt1HD0NBMlq limit 1) {"exception":"[object] (Illuminate\\Database\\QueryException(code: 2002): SQLSTATE[HY000] [2002] No connection could be made because the target machine actively refused it (Connection: mysql, SQL: select * from `sessions` where `id` = p1YY4jVSyxNfOgiLOLOUnD0r6hOKtJt1HD0NBMlq limit 1) at C:/Users/Namara saleem/Documents/Codex/2026-08-16/jh/ztams/vendor/laravel/framework/src/Illuminate/Database/Connection.php:825)
[stacktrace]
#0 C:/Users/Namara saleem/Documents/Codex/2026-08-16/jh/ztams/vendor/laravel/framework/src/Illuminate/Database/Connection.php(979): Illuminate/Database/Connection->runQueryCallback('select * from `...', Array, Object(Closure))
#1 C:/Users/Namara saleem/Documents/Codex/2026-08-16/jh/ztams/vendor/laravel/framework/src/Illuminate/Database/Connection.php(958): Illuminate/Database/Connection->tryAgainIfCausedByLostConnection(Object(Illuminate/Database/QueryException), 'select * from `...', Array, Object(Closure))
#2 C:/Users/Namara saleem/Documents/Codex/2026-08-16/jh/ztams/vendor/laravel/framework/src/Illuminate/Database/Connection.php(781): Illuminate/Database/Connection->handleQueryException(Object(Illuminate/Database/QueryException), 'select * from `...', Array, Object(Closure))
#3 C:/Users/Namara saleem/Documents/Codex/2026-08-16/jh/ztams/vendor/laravel/framework/src/Illuminate/Database/Connection.php(398): Illuminate/Database/Connection->run('select * from `...', Array, Object(Closure))
#4 C:/Users/Namara saleem/Documents/Codex/2026-08-16/jh/ztams/vendor/laravel/framework/src/Illuminate/Database/Query/Builder.php(3106): Illuminate/Database/Connection->select('select * from `...', Array, false)
#5 C:/Users/Namara saleem/Documents/Codex/2026-08-16/jh/ztams/vendor/laravel/framework/src/Illuminate/Database/Query/Builder.php(3091): Illuminate/Database/Query/Builder->runSelect()
#6 C:/Users/Namara saleem/Documents/Codex/2026-08-16/jh/ztams/vendor/laravel/framework/src/Illuminate/Database/Query/Builder.php(3676): Illuminate/Database/Query/Builder->Illuminate/Database/Query/{closure}()
#7 C:/Users/Namara saleem/Documents/Codex/2026-08-16/jh/ztams/vendor/laravel/framework/src/Illuminate/Database/Query/Builder.php(3090): Illuminate/Database/Query/Builder->onceWithColumns(Array, Object(Closure))
#8 C:/Users/Namara saleem/Documents/Codex/2026-08-16/jh/ztams/vendor/laravel/framework/src/Illuminate/Database/Concerns/BuildsQueries.php(343): Illuminate/Database/Query/Builder->get(Array)
#9 C:/Users/Namara saleem/Documents/Codex/2026-08-16/jh/ztams/vendor/laravel/framework/src/Illuminate/Database/Query/Builder.php(3013): Illuminate/Database/Query/Builder->first(Array)
#10 C:/Users/Namara saleem/Documents/Codex/2026-08-16/jh/ztams/vendor/laravel/framework/src/Illuminate/Session/DatabaseSessionHandler.php(97): Illuminate/Database/Query/Builder->find('p1YY4jVSyxNfOgi...')
#11 C:/Users/Namara saleem/Documents/Codex/2026-08-16/jh/ztams/vendor/laravel/framework/src/Illuminate/Session/Store.php(117): Illuminate/Session/DatabaseSessionHandler->read('p1YY4jVSyxNfOgi...')
#12 C:/Users/Namara saleem/Documents/Codex/2026-08-16/jh/ztams/vendor/laravel/framework/src/Illuminate/Session/Store.php(105): Illuminate/Session/Store->readFromHandler()
#13 C:/Users/Namara saleem/Documents/Codex/2026-08-16/jh/ztams/vendor/laravel/framework/src/Illuminate/Session/Store.php(89): Illuminate/Session/Store->loadSession()
#14 C:/Users/Namara saleem/Documents/Codex/2026-08-16/jh/ztams/vendor/laravel/framework/src/Illuminate/Session/Middleware/StartSession.php(147): Illuminate/Session/Store->start()
#15 C:/Users/Namara saleem/Documents/Codex/2026-08-16/jh/ztams/vendor/laravel/framework/src/Illuminate/Support/helpers.php(399): Illuminate/Session/Middleware/StartSession->Illuminate/Session/Middleware/{closure}(Object(Illuminate/Session/Store))
#16 C:/Users/Namara saleem/Documents/Codex/2026-08-16/jh/ztams/vendor/laravel/framework/src/Illuminate/Session/Middleware/StartSession.php(144): tap(Object(Illuminate/Session/Store), Object(Closure))
#17 C:/Users/Namara saleem/Documents/Codex/2026-08-16/jh/ztams/vendor/laravel/framework/src/Illuminate/Session/Middleware/StartSession.php(116): Illuminate/Session/Middleware/StartSession->startSession(Object(Illuminate/Http/Request), Object(Illuminate/Session/Store))
#18 C:/Users/Namara saleem/Documents/Codex/2026-08-16/jh/ztams/vendor/laravel/framework/src/Illuminate/Session/Middleware/StartSession.php(64): Illuminate/Session/Middleware/StartSession->handleStatefulRequest(Object(Illuminate/Http/Request), Object(Illuminate/Session/Store), Object(Closure))
#19 C:/Users/Namara saleem/Documents/Codex/2026-08-16/jh/ztams/vendor/laravel/framework/src/Illuminate/Pipeline/Pipeline.php(209): Illuminate/Session/Middleware/StartSession->handle(Object(Illuminate/Http/Request), Object(Closure))
#20 C:/Users/Namara saleem/Documents/Codex/2026-08-16/jh/ztams/vendor/laravel/framework/src/Illuminate/Cookie/Middleware/AddQueuedCookiesToResponse.php(37): Illuminate/Pipeline/Pipeline->Illuminate/Pipeline/{closure}(Object(Illuminate/Http/Request))
#21 C:/Users/Namara saleem/Documents/Codex/2026-08-16/jh/ztams/vendor/laravel/framework/src/Illuminate/Pipeline/Pipeline.php(209): Illuminate/Cookie/Middleware/AddQueuedCookiesToResponse->handle(Object(Illuminate/Http/Request), Object(Closure))
#22 C:/Users/Namara saleem/Documents/Codex/2026-08-16/jh/ztams/vendor/laravel/framework/src/Illuminate/Cookie/Middleware/EncryptCookies.php(75): Illuminate/Pipeline/Pipeline->Illuminate/Pipeline/{closure}(Object(Illuminate/Http/Request))
#23 C:/Users/Namara saleem/Documents/Codex/2026-08-16/jh/ztams/vendor/laravel/framework/src/Illuminate/Pipeline/Pipeline.php(209): Illuminate/Cookie/Middleware/EncryptCookies->handle(Object(Illuminate/Http/Request), Object(Closure))
#24 C:/Users/Namara saleem/Documents/Codex/2026-08-16/jh/ztams/vendor/laravel/framework/src/Illuminate/Pipeline/Pipeline.php(127): Illuminate/Pipeline/Pipeline->Illuminate/Pipeline/{closure}(Object(Illuminate/Http/Request))
#25 C:/Users/Namara saleem/Documents/Codex/2026-08-16/jh/ztams/vendor/laravel/framework/src/Illuminate/Routing/Router.php(807): Illuminate/Pipeline/Pipeline->then(Object(Closure))
#26 C:/Users/Namara saleem/Documents/Codex/2026-08-16/jh/ztams/vendor/laravel/framework/src/Illuminate/Routing/Router.php(786): Illuminate/Routing/Router->runRouteWithinStack(Object(Illuminate/Routing/Route), Object(Illuminate/Http/Request))
#27 C:/Users/Namara saleem/Documents/Codex/2026-08-16/jh/ztams/vendor/laravel/framework/src/Illuminate/Routing/Router.php(750): Illuminate/Routing/Router->runRoute(Object(Illuminate/Http/Request), Object(Illuminate/Routing/Route))
#28 C:/Users/Namara saleem/Documents/Codex/2026-08-16/jh/ztams/vendor/laravel/framework/src/Illuminate/Routing/Router.php(739): Illuminate/Routing/Router->dispatchToRoute(Object(Illuminate/Http/Request))
#29 C:/Users/Namara saleem/Documents/Codex/2026-08-16/jh/ztams/vendor/laravel/framework/src/Illuminate/Foundation/Http/Kernel.php(201): Illuminate/Routing/Router->dispatch(Object(Illuminate/Http/Request))
#30 C:/Users/Namara saleem/Documents/Codex/2026-08-16/jh/ztams/vendor/laravel/framework/src/Illuminate/Pipeline/Pipeline.php(170): Illuminate/Foundation/Http/Kernel->Illuminate/Foundation/Http/{closure}(Object(Illuminate/Http/Request))
#31 C:/Users/Namara saleem/Documents/Codex/2026-08-16/jh/ztams/vendor/laravel/framework/src/Illuminate/Foundation/Http/Middleware/TransformsRequest.php(21): Illuminate/Pipeline/Pipeline->Illuminate/Pipeline/{closure}(Object(Illuminate/Http/Request))
#32 C:/Users/Namara saleem/Documents/Codex/2026-08-16/jh/ztams/vendor/laravel/framework/src/Illuminate/Foundation/Http/Middleware/ConvertEmptyStringsToNull.php(31): Illuminate/Foundation/Http/Middleware/TransformsRequest->handle(Object(Illuminate/Http/Request), Object(Closure))
#33 C:/Users/Namara saleem/Documents/Codex/2026-08-16/jh/ztams/vendor/laravel/framework/src/Illuminate/Pipeline/Pipeline.php(209): Illuminate/Foundation/Http/Middleware/ConvertEmptyStringsToNull->handle(Object(Illuminate/Http/Request), Object(Closure))
#34 C:/Users/Namara saleem/Documents/Codex/2026-08-16/jh/ztams/vendor/laravel/framework/src/Illuminate/Foundation/Http/Middleware/TransformsRequest.php(21): Illuminate/Pipeline/Pipeline->Illuminate/Pipeline/{closure}(Object(Illuminate/Http/Request))
#35 C:/Users/Namara saleem/Documents/Codex/2026-08-16/jh/ztams/vendor/laravel/framework/src/Illuminate/Foundation/Http/Middleware/TrimStrings.php(51): Illuminate/Foundation/Http/Middleware/TransformsRequest->handle(Object(Illuminate/Http/Request), Object(Closure))
#36 C:/Users/Namara saleem/Documents/Codex/2026-08-16/jh/ztams/vendor/laravel/framework/src/Illuminate/Pipeline/Pipeline.php(209): Illuminate/Foundation/Http/Middleware/TrimStrings->handle(Object(Illuminate/Http/Request), Object(Closure))
#37 C:/Users/Namara saleem/Documents/Codex/2026-08-16/jh/ztams/vendor/laravel/framework/src/Illuminate/Http/Middleware/ValidatePostSize.php(27): Illuminate/Pipeline/Pipeline->Illuminate/Pipeline/{closure}(Object(Illuminate/Http/Request))
#38 C:/Users/Namara saleem/Documents/Codex/2026-08-16/jh/ztams/vendor/laravel/framework/src/Illuminate/Pipeline/Pipeline.php(209): Illuminate/Http/Middleware/ValidatePostSize->handle(Object(Illuminate/Http/Request), Object(Closure))
#39 C:/Users/Namara saleem/Documents/Codex/2026-08-16/jh/ztams/vendor/laravel/framework/src/Illuminate/Foundation/Http/Middleware/PreventRequestsDuringMaintenance.php(110): Illuminate/Pipeline/Pipeline->Illuminate/Pipeline/{closure}(Object(Illuminate/Http/Request))
#40 C:/Users/Namara saleem/Documents/Codex/2026-08-16/jh/ztams/vendor/laravel/framework/src/Illuminate/Pipeline/Pipeline.php(209): Illuminate/Foundation/Http/Middleware/PreventRequestsDuringMaintenance->handle(Object(Illuminate/Http/Request), Object(Closure))
#41 C:/Users/Namara saleem/Documents/Codex/2026-08-16/jh/ztams/vendor/laravel/framework/src/Illuminate/Http/Middleware/HandleCors.php(49): Illuminate/Pipeline/Pipeline->Illuminate/Pipeline/{closure}(Object(Illuminate/Http/Request))
#42 C:/Users/Namara saleem/Documents/Codex/2026-08-16/jh/ztams/vendor/laravel/framework/src/Illuminate/Pipeline/Pipeline.php(209): Illuminate/Http/Middleware/HandleCors->handle(Object(Illuminate/Http/Request), Object(Closure))
#43 C:/Users/Namara saleem/Documents/Codex/2026-08-16/jh/ztams/vendor/laravel/framework/src/Illuminate/Http/Middleware/TrustProxies.php(58): Illuminate/Pipeline/Pipeline->Illuminate/Pipeline/{closure}(Object(Illuminate/Http/Request))
#44 C:/Users/Namara saleem/Documents/Codex/2026-08-16/jh/ztams/vendor/laravel/framework/src/Illuminate/Pipeline/Pipeline.php(209): Illuminate/Http/Middleware/TrustProxies->handle(Object(Illuminate/Http/Request), Object(Closure))
#45 C:/Users/Namara saleem/Documents/Codex/2026-08-16/jh/ztams/vendor/laravel/framework/src/Illuminate/Foundation/Http/Middleware/InvokeDeferredCallbacks.php(22): Illuminate/Pipeline/Pipeline->Illuminate/Pipeline/{closure}(Object(Illuminate/Http/Request))
#46 C:/Users/Namara saleem/Documents/Codex/2026-08-16/jh/ztams/vendor/laravel/framework/src/Illuminate/Pipeline/Pipeline.php(209): Illuminate/Foundation/Http/Middleware/InvokeDeferredCallbacks->handle(Object(Illuminate/Http/Request), Object(Closure))
#47 C:/Users/Namara saleem/Documents/Codex/2026-08-16/jh/ztams/vendor/laravel/framework/src/Illuminate/Pipeline/Pipeline.php(127): Illuminate/Pipeline/Pipeline->Illuminate/Pipeline/{closure}(Object(Illuminate/Http/Request))
#48 C:/Users/Namara saleem/Documents/Codex/2026-08-16/jh/ztams/vendor/laravel/framework/src/Illuminate/Foundation/Http/Kernel.php(176): Illuminate/Pipeline/Pipeline->then(Object(Closure))
#49 C:/Users/Namara saleem/Documents/Codex/2026-08-16/jh/ztams/vendor/laravel/framework/src/Illuminate/Foundation/Http/Kernel.php(145): Illuminate/Foundation/Http/Kernel->sendRequestThroughRouter(Object(Illuminate/Http/Request))
#50 C:/Users/Namara saleem/Documents/Codex/2026-08-16/jh/ztams/vendor/laravel/framework/src/Illuminate/Foundation/Application.php(1220): Illuminate/Foundation/Http/Kernel->handle(Object(Illuminate/Http/Request))
#51 C:/Users/Namara saleem/Documents/Codex/2026-08-16/jh/ztams/public/index.php(17): Illuminate/Foundation/Application->handleRequest(Object(Illuminate/Http/Request))
#52 C:/Users/Namara saleem/Documents/Codex/2026-08-16/jh/ztams/vendor/laravel/framework/src/Illuminate/Foundation/resources/server.php(23): require_once('C://Users//Namara...')
#53 {main}

[previous exception] [object] (PDOException(code: 2002): SQLSTATE[HY000] [2002] No connection could be made because the target machine actively refused it at C:/Users/Namara saleem/Documents/Codex/2026-08-16/jh/ztams/vendor/laravel/framework/src/Illuminate/Database/Connectors/Connector.php:66)
[stacktrace]
#0 C:/Users/Namara saleem/Documents/Codex/2026-08-16/jh/ztams/vendor/laravel/framework/src/Illuminate/Database/Connectors/Connector.php(66): PDO->__construct('mysql:host=127....', 'root', Object(SensitiveParameterValue), Array)
#1 C:/Users/Namara saleem/Documents/Codex/2026-08-16/jh/ztams/vendor/laravel/framework/src/Illuminate/Database/Connectors/Connector.php(85): Illuminate/Database/Connectors/Connector->createPdoConnection('mysql:host=127....', 'root', Object(SensitiveParameterValue), Array)
#2 C:/Users/Namara saleem/Documents/Codex/2026-08-16/jh/ztams/vendor/laravel/framework/src/Illuminate/Database/Connectors/Connector.php(48): Illuminate/Database/Connectors/Connector->tryAgainIfCausedByLostConnection(Object(PDOException), 'mysql:host=127....', 'root', Object(SensitiveParameterValue), Array)
#3 C:/Users/Namara saleem/Documents/Codex/2026-08-16/jh/ztams/vendor/laravel/framework/src/Illuminate/Database/Connectors/MySqlConnector.php(24): Illuminate/Database/Connectors/Connector->createConnection('mysql:host=127....', Array, Array)
#4 C:/Users/Namara saleem/Documents/Codex/2026-08-16/jh/ztams/vendor/laravel/framework/src/Illuminate/Database/Connectors/ConnectionFactory.php(185): Illuminate/Database/Connectors/MySqlConnector->connect(Array)
#5 [internal function]: Illuminate/Database/Connectors/ConnectionFactory->Illuminate/Database/Connectors/{closure}()
#6 C:/Users/Namara saleem/Documents/Codex/2026-08-16/jh/ztams/vendor/laravel/framework/src/Illuminate/Database/Connection.php(1231): call_user_func(Object(Closure))
#7 C:/Users/Namara saleem/Documents/Codex/2026-08-16/jh/ztams/vendor/laravel/framework/src/Illuminate/Database/Connection.php(512): Illuminate/Database/Connection->getPdo()
#8 C:/Users/Namara saleem/Documents/Codex/2026-08-16/jh/ztams/vendor/laravel/framework/src/Illuminate/Database/Connection.php(407): Illuminate/Database/Connection->getPdoForSelect(false)
#9 C:/Users/Namara saleem/Documents/Codex/2026-08-16/jh/ztams/vendor/laravel/framework/src/Illuminate/Database/Connection.php(812): Illuminate/Database/Connection->Illuminate/Database/{closure}('select * from `...', Array)
#10 C:/Users/Namara saleem/Documents/Codex/2026-08-16/jh/ztams/vendor/laravel/framework/src/Illuminate/Database/Connection.php(979): Illuminate/Database/Connection->runQueryCallback('select * from `...', Array, Object(Closure))
#11 C:/Users/Namara saleem/Documents/Codex/2026-08-16/jh/ztams/vendor/laravel/framework/src/Illuminate/Database/Connection.php(958): Illuminate/Database/Connection->tryAgainIfCausedByLostConnection(Object(Illuminate/Database/QueryException), 'select * from `...', Array, Object(Closure))
#12 C:/Users/Namara saleem/Documents/Codex/2026-08-16/jh/ztams/vendor/laravel/framework/src/Illuminate/Database/Connection.php(781): Illuminate/Database/Connection->handleQueryException(Object(Illuminate/Database/QueryException), 'select * from `...', Array, Object(Closure))
#13 C:/Users/Namara saleem/Documents/Codex/2026-08-16/jh/ztams/vendor/laravel/framework/src/Illuminate/Database/Connection.php(398): Illuminate/Database/Connection->run('select * from `...', Array, Object(Closure))
#14 C:/Users/Namara saleem/Documents/Codex/2026-08-16/jh/ztams/vendor/laravel/framework/src/Illuminate/Database/Query/Builder.php(3106): Illuminate/Database/Connection->select('select * from `...', Array, false)
#15 C:/Users/Namara saleem/Documents/Codex/2026-08-16/jh/ztams/vendor/laravel/framework/src/Illuminate/Database/Query/Builder.php(3091): Illuminate/Database/Query/Builder->runSelect()
#16 C:/Users/Namara saleem/Documents/Codex/2026-08-16/jh/ztams/vendor/laravel/framework/src/Illuminate/Database/Query/Builder.php(3676): Illuminate/Database/Query/Builder->Illuminate/Database/Query/{closure}()
#17 C:/Users/Namara saleem/Documents/Codex/2026-08-16/jh/ztams/vendor/laravel/framework/src/Illuminate/Database/Query/Builder.php(3090): Illuminate/Database/Query/Builder->onceWithColumns(Array, Object(Closure))
#18 C:/Users/Namara saleem/Documents/Codex/2026-08-16/jh/ztams/vendor/laravel/framework/src/Illuminate/Database/Concerns/BuildsQueries.php(343): Illuminate/Database/Query/Builder->get(Array)
#19 C:/Users/Namara saleem/Documents/Codex/2026-08-16/jh/ztams/vendor/laravel/framework/src/Illuminate/Database/Query/Builder.php(3013): Illuminate/Database/Query/Builder->first(Array)
#20 C:/Users/Namara saleem/Documents/Codex/2026-08-16/jh/ztams/vendor/laravel/framework/src/Illuminate/Session/DatabaseSessionHandler.php(97): Illuminate/Database/Query/Builder->find('p1YY4jVSyxNfOgi...')
#21 C:/Users/Namara saleem/Documents/Codex/2026-08-16/jh/ztams/vendor/laravel/framework/src/Illuminate/Session/Store.php(117): Illuminate/Session/DatabaseSessionHandler->read('p1YY4jVSyxNfOgi...')
#22 C:/Users/Namara saleem/Documents/Codex/2026-08-16/jh/ztams/vendor/laravel/framework/src/Illuminate/Session/Store.php(105): Illuminate/Session/Store->readFromHandler()
#23 C:/Users/Namara saleem/Documents/Codex/2026-08-16/jh/ztams/vendor/laravel/framework/src/Illuminate/Session/Store.php(89): Illuminate/Session/Store->loadSession()
#24 C:/Users/Namara saleem/Documents/Codex/2026-08-16/jh/ztams/vendor/laravel/framework/src/Illuminate/Session/Middleware/StartSession.php(147): Illuminate/Session/Store->start()
#25 C:/Users/Namara saleem/Documents/Codex/2026-08-16/jh/ztams/vendor/laravel/framework/src/Illuminate/Support/helpers.php(399): Illuminate/Session/Middleware/StartSession->Illuminate/Session/Middleware/{closure}(Object(Illuminate/Session/Store))
#26 C:/Users/Namara saleem/Documents/Codex/2026-08-16/jh/ztams/vendor/laravel/framework/src/Illuminate/Session/Middleware/StartSession.php(144): tap(Object(Illuminate/Session/Store), Object(Closure))
#27 C:/Users/Namara saleem/Documents/Codex/2026-08-16/jh/ztams/vendor/laravel/framework/src/Illuminate/Session/Middleware/StartSession.php(116): Illuminate/Session/Middleware/StartSession->startSession(Object(Illuminate/Http/Request), Object(Illuminate/Session/Store))
#28 C:/Users/Namara saleem/Documents/Codex/2026-08-16/jh/ztams/vendor/laravel/framework/src/Illuminate/Session/Middleware/StartSession.php(64): Illuminate/Session/Middleware/StartSession->handleStatefulRequest(Object(Illuminate/Http/Request), Object(Illuminate/Session/Store), Object(Closure))
#29 C:/Users/Namara saleem/Documents/Codex/2026-08-16/jh/ztams/vendor/laravel/framework/src/Illuminate/Pipeline/Pipeline.php(209): Illuminate/Session/Middleware/StartSession->handle(Object(Illuminate/Http/Request), Object(Closure))
#30 C:/Users/Namara saleem/Documents/Codex/2026-08-16/jh/ztams/vendor/laravel/framework/src/Illuminate/Cookie/Middleware/AddQueuedCookiesToResponse.php(37): Illuminate/Pipeline/Pipeline->Illuminate/Pipeline/{closure}(Object(Illuminate/Http/Request))
#31 C:/Users/Namara saleem/Documents/Codex/2026-08-16/jh/ztams/vendor/laravel/framework/src/Illuminate/Pipeline/Pipeline.php(209): Illuminate/Cookie/Middleware/AddQueuedCookiesToResponse->handle(Object(Illuminate/Http/Request), Object(Closure))
#32 C:/Users/Namara saleem/Documents/Codex/2026-08-16/jh/ztams/vendor/laravel/framework/src/Illuminate/Cookie/Middleware/EncryptCookies.php(75): Illuminate/Pipeline/Pipeline->Illuminate/Pipeline/{closure}(Object(Illuminate/Http/Request))
#33 C:/Users/Namara saleem/Documents/Codex/2026-08-16/jh/ztams/vendor/laravel/framework/src/Illuminate/Pipeline/Pipeline.php(209): Illuminate/Cookie/Middleware/EncryptCookies->handle(Object(Illuminate/Http/Request), Object(Closure))
#34 C:/Users/Namara saleem/Documents/Codex/2026-08-16/jh/ztams/vendor/laravel/framework/src/Illuminate/Pipeline/Pipeline.php(127): Illuminate/Pipeline/Pipeline->Illuminate/Pipeline/{closure}(Object(Illuminate/Http/Request))
#35 C:/Users/Namara saleem/Documents/Codex/2026-08-16/jh/ztams/vendor/laravel/framework/src/Illuminate/Routing/Router.php(807): Illuminate/Pipeline/Pipeline->then(Object(Closure))
#36 C:/Users/Namara saleem/Documents/Codex/2026-08-16/jh/ztams/vendor/laravel/framework/src/Illuminate/Routing/Router.php(786): Illuminate/Routing/Router->runRouteWithinStack(Object(Illuminate/Routing/Route), Object(Illuminate/Http/Request))
#37 C:/Users/Namara saleem/Documents/Codex/2026-08-16/jh/ztams/vendor/laravel/framework/src/Illuminate/Routing/Router.php(750): Illuminate/Routing/Router->runRoute(Object(Illuminate/Http/Request), Object(Illuminate/Routing/Route))
#38 C:/Users/Namara saleem/Documents/Codex/2026-08-16/jh/ztams/vendor/laravel/framework/src/Illuminate/Routing/Router.php(739): Illuminate/Routing/Router->dispatchToRoute(Object(Illuminate/Http/Request))
#39 C:/Users/Namara saleem/Documents/Codex/2026-08-16/jh/ztams/vendor/laravel/framework/src/Illuminate/Foundation/Http/Kernel.php(201): Illuminate/Routing/Router->dispatch(Object(Illuminate/Http/Request))
#40 C:/Users/Namara saleem/Documents/Codex/2026-08-16/jh/ztams/vendor/laravel/framework/src/Illuminate/Pipeline/Pipeline.php(170): Illuminate/Foundation/Http/Kernel->Illuminate/Foundation/Http/{closure}(Object(Illuminate/Http/Request))
#41 C:/Users/Namara saleem/Documents/Codex/2026-08-16/jh/ztams/vendor/laravel/framework/src/Illuminate/Foundation/Http/Middleware/TransformsRequest.php(21): Illuminate/Pipeline/Pipeline->Illuminate/Pipeline/{closure}(Object(Illuminate/Http/Request))
#42 C:/Users/Namara saleem/Documents/Codex/2026-08-16/jh/ztams/vendor/laravel/framework/src/Illuminate/Foundation/Http/Middleware/ConvertEmptyStringsToNull.php(31): Illuminate/Foundation/Http/Middleware/TransformsRequest->handle(Object(Illuminate/Http/Request), Object(Closure))
#43 C:/Users/Namara saleem/Documents/Codex/2026-08-16/jh/ztams/vendor/laravel/framework/src/Illuminate/Pipeline/Pipeline.php(209): Illuminate/Foundation/Http/Middleware/ConvertEmptyStringsToNull->handle(Object(Illuminate/Http/Request), Object(Closure))
#44 C:/Users/Namara saleem/Documents/Codex/2026-08-16/jh/ztams/vendor/laravel/framework/src/Illuminate/Foundation/Http/Middleware/TransformsRequest.php(21): Illuminate/Pipeline/Pipeline->Illuminate/Pipeline/{closure}(Object(Illuminate/Http/Request))
#45 C:/Users/Namara saleem/Documents/Codex/2026-08-16/jh/ztams/vendor/laravel/framework/src/Illuminate/Foundation/Http/Middleware/TrimStrings.php(51): Illuminate/Foundation/Http/Middleware/TransformsRequest->handle(Object(Illuminate/Http/Request), Object(Closure))
#46 C:/Users/Namara saleem/Documents/Codex/2026-08-16/jh/ztams/vendor/laravel/framework/src/Illuminate/Pipeline/Pipeline.php(209): Illuminate/Foundation/Http/Middleware/TrimStrings->handle(Object(Illuminate/Http/Request), Object(Closure))
#47 C:/Users/Namara saleem/Documents/Codex/2026-08-16/jh/ztams/vendor/laravel/framework/src/Illuminate/Http/Middleware/ValidatePostSize.php(27): Illuminate/Pipeline/Pipeline->Illuminate/Pipeline/{closure}(Object(Illuminate/Http/Request))
#48 C:/Users/Namara saleem/Documents/Codex/2026-08-16/jh/ztams/vendor/laravel/framework/src/Illuminate/Pipeline/Pipeline.php(209): Illuminate/Http/Middleware/ValidatePostSize->handle(Object(Illuminate/Http/Request), Object(Closure))
#49 C:/Users/Namara saleem/Documents/Codex/2026-08-16/jh/ztams/vendor/laravel/framework/src/Illuminate/Foundation/Http/Middleware/PreventRequestsDuringMaintenance.php(110): Illuminate/Pipeline/Pipeline->Illuminate/Pipeline/{closure}(Object(Illuminate/Http/Request))
#50 C:/Users/Namara saleem/Documents/Codex/2026-08-16/jh/ztams/vendor/laravel/framework/src/Illuminate/Pipeline/Pipeline.php(209): Illuminate/Foundation/Http/Middleware/PreventRequestsDuringMaintenance->handle(Object(Illuminate/Http/Request), Object(Closure))
#51 C:/Users/Namara saleem/Documents/Codex/2026-08-16/jh/ztams/vendor/laravel/framework/src/Illuminate/Http/Middleware/HandleCors.php(49): Illuminate/Pipeline/Pipeline->Illuminate/Pipeline/{closure}(Object(Illuminate/Http/Request))
#52 C:/Users/Namara saleem/Documents/Codex/2026-08-16/jh/ztams/vendor/laravel/framework/src/Illuminate/Pipeline/Pipeline.php(209): Illuminate/Http/Middleware/HandleCors->handle(Object(Illuminate/Http/Request), Object(Closure))
#53 C:/Users/Namara saleem/Documents/Codex/2026-08-16/jh/ztams/vendor/laravel/framework/src/Illuminate/Http/Middleware/TrustProxies.php(58): Illuminate/Pipeline/Pipeline->Illuminate/Pipeline/{closure}(Object(Illuminate/Http/Request))
#54 C:/Users/Namara saleem/Documents/Codex/2026-08-16/jh/ztams/vendor/laravel/framework/src/Illuminate/Pipeline/Pipeline.php(209): Illuminate/Http/Middleware/TrustProxies->handle(Object(Illuminate/Http/Request), Object(Closure))
#55 C:/Users/Namara saleem/Documents/Codex/2026-08-16/jh/ztams/vendor/laravel/framework/src/Illuminate/Foundation/Http/Middleware/InvokeDeferredCallbacks.php(22): Illuminate/Pipeline/Pipeline->Illuminate/Pipeline/{closure}(Object(Illuminate/Http/Request))
#56 C:/Users/Namara saleem/Documents/Codex/2026-08-16/jh/ztams/vendor/laravel/framework/src/Illuminate/Pipeline/Pipeline.php(209): Illuminate/Foundation/Http/Middleware/InvokeDeferredCallbacks->handle(Object(Illuminate/Http/Request), Object(Closure))
#57 C:/Users/Namara saleem/Documents/Codex/2026-08-16/jh/ztams/vendor/laravel/framework/src/Illuminate/Pipeline/Pipeline.php(127): Illuminate/Pipeline/Pipeline->Illuminate/Pipeline/{closure}(Object(Illuminate/Http/Request))
#58 C:/Users/Namara saleem/Documents/Codex/2026-08-16/jh/ztams/vendor/laravel/framework/src/Illuminate/Foundation/Http/Kernel.php(176): Illuminate/Pipeline/Pipeline->then(Object(Closure))
#59 C:/Users/Namara saleem/Documents/Codex/2026-08-16/jh/ztams/vendor/laravel/framework/src/Illuminate/Foundation/Http/Kernel.php(145): Illuminate/Foundation/Http/Kernel->sendRequestThroughRouter(Object(Illuminate/Http/Request))
#60 C:/Users/Namara saleem/Documents/Codex/2026-08-16/jh/ztams/vendor/laravel/framework/src/Illuminate/Foundation/Application.php(1220): Illuminate/Foundation/Http/Kernel->handle(Object(Illuminate/Http/Request))
#61 C:/Users/Namara saleem/Documents/Codex/2026-08-16/jh/ztams/public/index.php(17): Illuminate/Foundation/Application->handleRequest(Object(Illuminate/Http/Request))
#62 C:/Users/Namara saleem/Documents/Codex/2026-08-16/jh/ztams/vendor/laravel/framework/src/Illuminate/Foundation/resources/server.php(23): require_once('C://Users//Namara...')
#63 {main}
"} 
[2026-08-19 00:20:56] local.ERROR: SQLSTATE[HY000] [2002] No connection could be made because the target machine actively refused it (Connection: mysql, SQL: select * from `sessions` where `id` = V97DhQ9tVYO9pW5GwxUR1kZVffm7z7bc6T3D6F3y limit 1) {"exception":"[object] (Illuminate\\Database\\QueryException(code: 2002): SQLSTATE[HY000] [2002] No connection could be made because the target machine actively refused it (Connection: mysql, SQL: select * from `sessions` where `id` = V97DhQ9tVYO9pW5GwxUR1kZVffm7z7bc6T3D6F3y limit 1) at C:/Users/Namara saleem/Documents/Codex/2026-08-16/jh/ztams/vendor/laravel/framework/src/Illuminate/Database/Connection.php:825)
[stacktrace]
#0 C:/Users/Namara saleem/Documents/Codex/2026-08-16/jh/ztams/vendor/laravel/framework/src/Illuminate/Database/Connection.php(979): Illuminate/Database/Connection->runQueryCallback('select * from `...', Array, Object(Closure))
#1 C:/Users/Namara saleem/Documents/Codex/2026-08-16/jh/ztams/vendor/laravel/framework/src/Illuminate/Database/Connection.php(958): Illuminate/Database/Connection->tryAgainIfCausedByLostConnection(Object(Illuminate/Database/QueryException), 'select * from `...', Array, Object(Closure))
#2 C:/Users/Namara saleem/Documents/Codex/2026-08-16/jh/ztams/vendor/laravel/framework/src/Illuminate/Database/Connection.php(781): Illuminate/Database/Connection->handleQueryException(Object(Illuminate/Database/QueryException), 'select * from `...', Array, Object(Closure))
#3 C:/Users/Namara saleem/Documents/Codex/2026-08-16/jh/ztams/vendor/laravel/framework/src/Illuminate/Database/Connection.php(398): Illuminate/Database/Connection->run('select * from `...', Array, Object(Closure))
#4 C:/Users/Namara saleem/Documents/Codex/2026-08-16/jh/ztams/vendor/laravel/framework/src/Illuminate/Database/Query/Builder.php(3106): Illuminate/Database/Connection->select('select * from `...', Array, false)
#5 C:/Users/Namara saleem/Documents/Codex/2026-08-16/jh/ztams/vendor/laravel/framework/src/Illuminate/Database/Query/Builder.php(3091): Illuminate/Database/Query/Builder->runSelect()
#6 C:/Users/Namara saleem/Documents/Codex/2026-08-16/jh/ztams/vendor/laravel/framework/src/Illuminate/Database/Query/Builder.php(3676): Illuminate/Database/Query/Builder->Illuminate/Database/Query/{closure}()
#7 C:/Users/Namara saleem/Documents/Codex/2026-08-16/jh/ztams/vendor/laravel/framework/src/Illuminate/Database/Query/Builder.php(3090): Illuminate/Database/Query/Builder->onceWithColumns(Array, Object(Closure))
#8 C:/Users/Namara saleem/Documents/Codex/2026-08-16/jh/ztams/vendor/laravel/framework/src/Illuminate/Database/Concerns/BuildsQueries.php(343): Illuminate/Database/Query/Builder->get(Array)
#9 C:/Users/Namara saleem/Documents/Codex/2026-08-16/jh/ztams/vendor/laravel/framework/src/Illuminate/Database/Query/Builder.php(3013): Illuminate/Database/Query/Builder->first(Array)
#10 C:/Users/Namara saleem/Documents/Codex/2026-08-16/jh/ztams/vendor/laravel/framework/src/Illuminate/Session/DatabaseSessionHandler.php(97): Illuminate/Database/Query/Builder->find('V97DhQ9tVYO9pW5...')
#11 C:/Users/Namara saleem/Documents/Codex/2026-08-16/jh/ztams/vendor/laravel/framework/src/Illuminate/Session/Store.php(117): Illuminate/Session/DatabaseSessionHandler->read('V97DhQ9tVYO9pW5...')
#12 C:/Users/Namara saleem/Documents/Codex/2026-08-16/jh/ztams/vendor/laravel/framework/src/Illuminate/Session/Store.php(105): Illuminate/Session/Store->readFromHandler()
#13 C:/Users/Namara saleem/Documents/Codex/2026-08-16/jh/ztams/vendor/laravel/framework/src/Illuminate/Session/Store.php(89): Illuminate/Session/Store->loadSession()
#14 C:/Users/Namara saleem/Documents/Codex/2026-08-16/jh/ztams/vendor/laravel/framework/src/Illuminate/Session/Middleware/StartSession.php(147): Illuminate/Session/Store->start()
#15 C:/Users/Namara saleem/Documents/Codex/2026-08-16/jh/ztams/vendor/laravel/framework/src/Illuminate/Support/helpers.php(399): Illuminate/Session/Middleware/StartSession->Illuminate/Session/Middleware/{closure}(Object(Illuminate/Session/Store))
#16 C:/Users/Namara saleem/Documents/Codex/2026-08-16/jh/ztams/vendor/laravel/framework/src/Illuminate/Session/Middleware/StartSession.php(144): tap(Object(Illuminate/Session/Store), Object(Closure))
#17 C:/Users/Namara saleem/Documents/Codex/2026-08-16/jh/ztams/vendor/laravel/framework/src/Illuminate/Session/Middleware/StartSession.php(116): Illuminate/Session/Middleware/StartSession->startSession(Object(Illuminate/Http/Request), Object(Illuminate/Session/Store))
#18 C:/Users/Namara saleem/Documents/Codex/2026-08-16/jh/ztams/vendor/laravel/framework/src/Illuminate/Session/Middleware/StartSession.php(64): Illuminate/Session/Middleware/StartSession->handleStatefulRequest(Object(Illuminate/Http/Request), Object(Illuminate/Session/Store), Object(Closure))
#19 C:/Users/Namara saleem/Documents/Codex/2026-08-16/jh/ztams/vendor/laravel/framework/src/Illuminate/Pipeline/Pipeline.php(209): Illuminate/Session/Middleware/StartSession->handle(Object(Illuminate/Http/Request), Object(Closure))
#20 C:/Users/Namara saleem/Documents/Codex/2026-08-16/jh/ztams/vendor/laravel/framework/src/Illuminate/Cookie/Middleware/AddQueuedCookiesToResponse.php(37): Illuminate/Pipeline/Pipeline->Illuminate/Pipeline/{closure}(Object(Illuminate/Http/Request))
#21 C:/Users/Namara saleem/Documents/Codex/2026-08-16/jh/ztams/vendor/laravel/framework/src/Illuminate/Pipeline/Pipeline.php(209): Illuminate/Cookie/Middleware/AddQueuedCookiesToResponse->handle(Object(Illuminate/Http/Request), Object(Closure))
#22 C:/Users/Namara saleem/Documents/Codex/2026-08-16/jh/ztams/vendor/laravel/framework/src/Illuminate/Cookie/Middleware/EncryptCookies.php(75): Illuminate/Pipeline/Pipeline->Illuminate/Pipeline/{closure}(Object(Illuminate/Http/Request))
#23 C:/Users/Namara saleem/Documents/Codex/2026-08-16/jh/ztams/vendor/laravel/framework/src/Illuminate/Pipeline/Pipeline.php(209): Illuminate/Cookie/Middleware/EncryptCookies->handle(Object(Illuminate/Http/Request), Object(Closure))
#24 C:/Users/Namara saleem/Documents/Codex/2026-08-16/jh/ztams/vendor/laravel/framework/src/Illuminate/Pipeline/Pipeline.php(127): Illuminate/Pipeline/Pipeline->Illuminate/Pipeline/{closure}(Object(Illuminate/Http/Request))
#25 C:/Users/Namara saleem/Documents/Codex/2026-08-16/jh/ztams/vendor/laravel/framework/src/Illuminate/Routing/Router.php(807): Illuminate/Pipeline/Pipeline->then(Object(Closure))
#26 C:/Users/Namara saleem/Documents/Codex/2026-08-16/jh/ztams/vendor/laravel/framework/src/Illuminate/Routing/Router.php(786): Illuminate/Routing/Router->runRouteWithinStack(Object(Illuminate/Routing/Route), Object(Illuminate/Http/Request))
#27 C:/Users/Namara saleem/Documents/Codex/2026-08-16/jh/ztams/vendor/laravel/framework/src/Illuminate/Routing/Router.php(750): Illuminate/Routing/Router->runRoute(Object(Illuminate/Http/Request), Object(Illuminate/Routing/Route))
#28 C:/Users/Namara saleem/Documents/Codex/2026-08-16/jh/ztams/vendor/laravel/framework/src/Illuminate/Routing/Router.php(739): Illuminate/Routing/Router->dispatchToRoute(Object(Illuminate/Http/Request))
#29 C:/Users/Namara saleem/Documents/Codex/2026-08-16/jh/ztams/vendor/laravel/framework/src/Illuminate/Foundation/Http/Kernel.php(201): Illuminate/Routing/Router->dispatch(Object(Illuminate/Http/Request))
#30 C:/Users/Namara saleem/Documents/Codex/2026-08-16/jh/ztams/vendor/laravel/framework/src/Illuminate/Pipeline/Pipeline.php(170): Illuminate/Foundation/Http/Kernel->Illuminate/Foundation/Http/{closure}(Object(Illuminate/Http/Request))
#31 C:/Users/Namara saleem/Documents/Codex/2026-08-16/jh/ztams/vendor/laravel/framework/src/Illuminate/Foundation/Http/Middleware/TransformsRequest.php(21): Illuminate/Pipeline/Pipeline->Illuminate/Pipeline/{closure}(Object(Illuminate/Http/Request))
#32 C:/Users/Namara saleem/Documents/Codex/2026-08-16/jh/ztams/vendor/laravel/framework/src/Illuminate/Foundation/Http/Middleware/ConvertEmptyStringsToNull.php(31): Illuminate/Foundation/Http/Middleware/TransformsRequest->handle(Object(Illuminate/Http/Request), Object(Closure))
#33 C:/Users/Namara saleem/Documents/Codex/2026-08-16/jh/ztams/vendor/laravel/framework/src/Illuminate/Pipeline/Pipeline.php(209): Illuminate/Foundation/Http/Middleware/ConvertEmptyStringsToNull->handle(Object(Illuminate/Http/Request), Object(Closure))
#34 C:/Users/Namara saleem/Documents/Codex/2026-08-16/jh/ztams/vendor/laravel/framework/src/Illuminate/Foundation/Http/Middleware/TransformsRequest.php(21): Illuminate/Pipeline/Pipeline->Illuminate/Pipeline/{closure}(Object(Illuminate/Http/Request))
#35 C:/Users/Namara saleem/Documents/Codex/2026-08-16/jh/ztams/vendor/laravel/framework/src/Illuminate/Foundation/Http/Middleware/TrimStrings.php(51): Illuminate/Foundation/Http/Middleware/TransformsRequest->handle(Object(Illuminate/Http/Request), Object(Closure))
#36 C:/Users/Namara saleem/Documents/Codex/2026-08-16/jh/ztams/vendor/laravel/framework/src/Illuminate/Pipeline/Pipeline.php(209): Illuminate/Foundation/Http/Middleware/TrimStrings->handle(Object(Illuminate/Http/Request), Object(Closure))
#37 C:/Users/Namara saleem/Documents/Codex/2026-08-16/jh/ztams/vendor/laravel/framework/src/Illuminate/Http/Middleware/ValidatePostSize.php(27): Illuminate/Pipeline/Pipeline->Illuminate/Pipeline/{closure}(Object(Illuminate/Http/Request))
#38 C:/Users/Namara saleem/Documents/Codex/2026-08-16/jh/ztams/vendor/laravel/framework/src/Illuminate/Pipeline/Pipeline.php(209): Illuminate/Http/Middleware/ValidatePostSize->handle(Object(Illuminate/Http/Request), Object(Closure))
#39 C:/Users/Namara saleem/Documents/Codex/2026-08-16/jh/ztams/vendor/laravel/framework/src/Illuminate/Foundation/Http/Middleware/PreventRequestsDuringMaintenance.php(110): Illuminate/Pipeline/Pipeline->Illuminate/Pipeline/{closure}(Object(Illuminate/Http/Request))
#40 C:/Users/Namara saleem/Documents/Codex/2026-08-16/jh/ztams/vendor/laravel/framework/src/Illuminate/Pipeline/Pipeline.php(209): Illuminate/Foundation/Http/Middleware/PreventRequestsDuringMaintenance->handle(Object(Illuminate/Http/Request), Object(Closure))
#41 C:/Users/Namara saleem/Documents/Codex/2026-08-16/jh/ztams/vendor/laravel/framework/src/Illuminate/Http/Middleware/HandleCors.php(49): Illuminate/Pipeline/Pipeline->Illuminate/Pipeline/{closure}(Object(Illuminate/Http/Request))
#42 C:/Users/Namara saleem/Documents/Codex/2026-08-16/jh/ztams/vendor/laravel/framework/src/Illuminate/Pipeline/Pipeline.php(209): Illuminate/Http/Middleware/HandleCors->handle(Object(Illuminate/Http/Request), Object(Closure))
#43 C:/Users/Namara saleem/Documents/Codex/2026-08-16/jh/ztams/vendor/laravel/framework/src/Illuminate/Http/Middleware/TrustProxies.php(58): Illuminate/Pipeline/Pipeline->Illuminate/Pipeline/{closure}(Object(Illuminate/Http/Request))
#44 C:/Users/Namara saleem/Documents/Codex/2026-08-16/jh/ztams/vendor/laravel/framework/src/Illuminate/Pipeline/Pipeline.php(209): Illuminate/Http/Middleware/TrustProxies->handle(Object(Illuminate/Http/Request), Object(Closure))
#45 C:/Users/Namara saleem/Documents/Codex/2026-08-16/jh/ztams/vendor/laravel/framework/src/Illuminate/Foundation/Http/Middleware/InvokeDeferredCallbacks.php(22): Illuminate/Pipeline/Pipeline->Illuminate/Pipeline/{closure}(Object(Illuminate/Http/Request))
#46 C:/Users/Namara saleem/Documents/Codex/2026-08-16/jh/ztams/vendor/laravel/framework/src/Illuminate/Pipeline/Pipeline.php(209): Illuminate/Foundation/Http/Middleware/InvokeDeferredCallbacks->handle(Object(Illuminate/Http/Request), Object(Closure))
#47 C:/Users/Namara saleem/Documents/Codex/2026-08-16/jh/ztams/vendor/laravel/framework/src/Illuminate/Pipeline/Pipeline.php(127): Illuminate/Pipeline/Pipeline->Illuminate/Pipeline/{closure}(Object(Illuminate/Http/Request))
#48 C:/Users/Namara saleem/Documents/Codex/2026-08-16/jh/ztams/vendor/laravel/framework/src/Illuminate/Foundation/Http/Kernel.php(176): Illuminate/Pipeline/Pipeline->then(Object(Closure))
#49 C:/Users/Namara saleem/Documents/Codex/2026-08-16/jh/ztams/vendor/laravel/framework/src/Illuminate/Foundation/Http/Kernel.php(145): Illuminate/Foundation/Http/Kernel->sendRequestThroughRouter(Object(Illuminate/Http/Request))
#50 C:/Users/Namara saleem/Documents/Codex/2026-08-16/jh/ztams/vendor/laravel/framework/src/Illuminate/Foundation/Application.php(1220): Illuminate/Foundation/Http/Kernel->handle(Object(Illuminate/Http/Request))
#51 C:/Users/Namara saleem/Documents/Codex/2026-08-16/jh/ztams/public/index.php(17): Illuminate/Foundation/Application->handleRequest(Object(Illuminate/Http/Request))
#52 C:/Users/Namara saleem/Documents/Codex/2026-08-16/jh/ztams/vendor/laravel/framework/src/Illuminate/Foundation/resources/server.php(23): require_once('C://Users//Namara...')
#53 {main}

[previous exception] [object] (PDOException(code: 2002): SQLSTATE[HY000] [2002] No connection could be made because the target machine actively refused it at C:/Users/Namara saleem/Documents/Codex/2026-08-16/jh/ztams/vendor/laravel/framework/src/Illuminate/Database/Connectors/Connector.php:66)
[stacktrace]
#0 C:/Users/Namara saleem/Documents/Codex/2026-08-16/jh/ztams/vendor/laravel/framework/src/Illuminate/Database/Connectors/Connector.php(66): PDO->__construct('mysql:host=127....', 'root', Object(SensitiveParameterValue), Array)
#1 C:/Users/Namara saleem/Documents/Codex/2026-08-16/jh/ztams/vendor/laravel/framework/src/Illuminate/Database/Connectors/Connector.php(85): Illuminate/Database/Connectors/Connector->createPdoConnection('mysql:host=127....', 'root', Object(SensitiveParameterValue), Array)
#2 C:/Users/Namara saleem/Documents/Codex/2026-08-16/jh/ztams/vendor/laravel/framework/src/Illuminate/Database/Connectors/Connector.php(48): Illuminate/Database/Connectors/Connector->tryAgainIfCausedByLostConnection(Object(PDOException), 'mysql:host=127....', 'root', Object(SensitiveParameterValue), Array)
#3 C:/Users/Namara saleem/Documents/Codex/2026-08-16/jh/ztams/vendor/laravel/framework/src/Illuminate/Database/Connectors/MySqlConnector.php(24): Illuminate/Database/Connectors/Connector->createConnection('mysql:host=127....', Array, Array)
#4 C:/Users/Namara saleem/Documents/Codex/2026-08-16/jh/ztams/vendor/laravel/framework/src/Illuminate/Database/Connectors/ConnectionFactory.php(185): Illuminate/Database/Connectors/MySqlConnector->connect(Array)
#5 [internal function]: Illuminate/Database/Connectors/ConnectionFactory->Illuminate/Database/Connectors/{closure}()
#6 C:/Users/Namara saleem/Documents/Codex/2026-08-16/jh/ztams/vendor/laravel/framework/src/Illuminate/Database/Connection.php(1231): call_user_func(Object(Closure))
#7 C:/Users/Namara saleem/Documents/Codex/2026-08-16/jh/ztams/vendor/laravel/framework/src/Illuminate/Database/Connection.php(512): Illuminate/Database/Connection->getPdo()
#8 C:/Users/Namara saleem/Documents/Codex/2026-08-16/jh/ztams/vendor/laravel/framework/src/Illuminate/Database/Connection.php(407): Illuminate/Database/Connection->getPdoForSelect(false)
#9 C:/Users/Namara saleem/Documents/Codex/2026-08-16/jh/ztams/vendor/laravel/framework/src/Illuminate/Database/Connection.php(812): Illuminate/Database/Connection->Illuminate/Database/{closure}('select * from `...', Array)
#10 C:/Users/Namara saleem/Documents/Codex/2026-08-16/jh/ztams/vendor/laravel/framework/src/Illuminate/Database/Connection.php(979): Illuminate/Database/Connection->runQueryCallback('select * from `...', Array, Object(Closure))
#11 C:/Users/Namara saleem/Documents/Codex/2026-08-16/jh/ztams/vendor/laravel/framework/src/Illuminate/Database/Connection.php(958): Illuminate/Database/Connection->tryAgainIfCausedByLostConnection(Object(Illuminate/Database/QueryException), 'select * from `...', Array, Object(Closure))
#12 C:/Users/Namara saleem/Documents/Codex/2026-08-16/jh/ztams/vendor/laravel/framework/src/Illuminate/Database/Connection.php(781): Illuminate/Database/Connection->handleQueryException(Object(Illuminate/Database/QueryException), 'select * from `...', Array, Object(Closure))
#13 C:/Users/Namara saleem/Documents/Codex/2026-08-16/jh/ztams/vendor/laravel/framework/src/Illuminate/Database/Connection.php(398): Illuminate/Database/Connection->run('select * from `...', Array, Object(Closure))
#14 C:/Users/Namara saleem/Documents/Codex/2026-08-16/jh/ztams/vendor/laravel/framework/src/Illuminate/Database/Query/Builder.php(3106): Illuminate/Database/Connection->select('select * from `...', Array, false)
#15 C:/Users/Namara saleem/Documents/Codex/2026-08-16/jh/ztams/vendor/laravel/framework/src/Illuminate/Database/Query/Builder.php(3091): Illuminate/Database/Query/Builder->runSelect()
#16 C:/Users/Namara saleem/Documents/Codex/2026-08-16/jh/ztams/vendor/laravel/framework/src/Illuminate/Database/Query/Builder.php(3676): Illuminate/Database/Query/Builder->Illuminate/Database/Query/{closure}()
#17 C:/Users/Namara saleem/Documents/Codex/2026-08-16/jh/ztams/vendor/laravel/framework/src/Illuminate/Database/Query/Builder.php(3090): Illuminate/Database/Query/Builder->onceWithColumns(Array, Object(Closure))
#18 C:/Users/Namara saleem/Documents/Codex/2026-08-16/jh/ztams/vendor/laravel/framework/src/Illuminate/Database/Concerns/BuildsQueries.php(343): Illuminate/Database/Query/Builder->get(Array)
#19 C:/Users/Namara saleem/Documents/Codex/2026-08-16/jh/ztams/vendor/laravel/framework/src/Illuminate/Database/Query/Builder.php(3013): Illuminate/Database/Query/Builder->first(Array)
#20 C:/Users/Namara saleem/Documents/Codex/2026-08-16/jh/ztams/vendor/laravel/framework/src/Illuminate/Session/DatabaseSessionHandler.php(97): Illuminate/Database/Query/Builder->find('V97DhQ9tVYO9pW5...')
#21 C:/Users/Namara saleem/Documents/Codex/2026-08-16/jh/ztams/vendor/laravel/framework/src/Illuminate/Session/Store.php(117): Illuminate/Session/DatabaseSessionHandler->read('V97DhQ9tVYO9pW5...')
#22 C:/Users/Namara saleem/Documents/Codex/2026-08-16/jh/ztams/vendor/laravel/framework/src/Illuminate/Session/Store.php(105): Illuminate/Session/Store->readFromHandler()
#23 C:/Users/Namara saleem/Documents/Codex/2026-08-16/jh/ztams/vendor/laravel/framework/src/Illuminate/Session/Store.php(89): Illuminate/Session/Store->loadSession()
#24 C:/Users/Namara saleem/Documents/Codex/2026-08-16/jh/ztams/vendor/laravel/framework/src/Illuminate/Session/Middleware/StartSession.php(147): Illuminate/Session/Store->start()
#25 C:/Users/Namara saleem/Documents/Codex/2026-08-16/jh/ztams/vendor/laravel/framework/src/Illuminate/Support/helpers.php(399): Illuminate/Session/Middleware/StartSession->Illuminate/Session/Middleware/{closure}(Object(Illuminate/Session/Store))
#26 C:/Users/Namara saleem/Documents/Codex/2026-08-16/jh/ztams/vendor/laravel/framework/src/Illuminate/Session/Middleware/StartSession.php(144): tap(Object(Illuminate/Session/Store), Object(Closure))
#27 C:/Users/Namara saleem/Documents/Codex/2026-08-16/jh/ztams/vendor/laravel/framework/src/Illuminate/Session/Middleware/StartSession.php(116): Illuminate/Session/Middleware/StartSession->startSession(Object(Illuminate/Http/Request), Object(Illuminate/Session/Store))
#28 C:/Users/Namara saleem/Documents/Codex/2026-08-16/jh/ztams/vendor/laravel/framework/src/Illuminate/Session/Middleware/StartSession.php(64): Illuminate/Session/Middleware/StartSession->handleStatefulRequest(Object(Illuminate/Http/Request), Object(Illuminate/Session/Store), Object(Closure))
#29 C:/Users/Namara saleem/Documents/Codex/2026-08-16/jh/ztams/vendor/laravel/framework/src/Illuminate/Pipeline/Pipeline.php(209): Illuminate/Session/Middleware/StartSession->handle(Object(Illuminate/Http/Request), Object(Closure))
#30 C:/Users/Namara saleem/Documents/Codex/2026-08-16/jh/ztams/vendor/laravel/framework/src/Illuminate/Cookie/Middleware/AddQueuedCookiesToResponse.php(37): Illuminate/Pipeline/Pipeline->Illuminate/Pipeline/{closure}(Object(Illuminate/Http/Request))
#31 C:/Users/Namara saleem/Documents/Codex/2026-08-16/jh/ztams/vendor/laravel/framework/src/Illuminate/Pipeline/Pipeline.php(209): Illuminate/Cookie/Middleware/AddQueuedCookiesToResponse->handle(Object(Illuminate/Http/Request), Object(Closure))
#32 C:/Users/Namara saleem/Documents/Codex/2026-08-16/jh/ztams/vendor/laravel/framework/src/Illuminate/Cookie/Middleware/EncryptCookies.php(75): Illuminate/Pipeline/Pipeline->Illuminate/Pipeline/{closure}(Object(Illuminate/Http/Request))
#33 C:/Users/Namara saleem/Documents/Codex/2026-08-16/jh/ztams/vendor/laravel/framework/src/Illuminate/Pipeline/Pipeline.php(209): Illuminate/Cookie/Middleware/EncryptCookies->handle(Object(Illuminate/Http/Request), Object(Closure))
#34 C:/Users/Namara saleem/Documents/Codex/2026-08-16/jh/ztams/vendor/laravel/framework/src/Illuminate/Pipeline/Pipeline.php(127): Illuminate/Pipeline/Pipeline->Illuminate/Pipeline/{closure}(Object(Illuminate/Http/Request))
#35 C:/Users/Namara saleem/Documents/Codex/2026-08-16/jh/ztams/vendor/laravel/framework/src/Illuminate/Routing/Router.php(807): Illuminate/Pipeline/Pipeline->then(Object(Closure))
#36 C:/Users/Namara saleem/Documents/Codex/2026-08-16/jh/ztams/vendor/laravel/framework/src/Illuminate/Routing/Router.php(786): Illuminate/Routing/Router->runRouteWithinStack(Object(Illuminate/Routing/Route), Object(Illuminate/Http/Request))
#37 C:/Users/Namara saleem/Documents/Codex/2026-08-16/jh/ztams/vendor/laravel/framework/src/Illuminate/Routing/Router.php(750): Illuminate/Routing/Router->runRoute(Object(Illuminate/Http/Request), Object(Illuminate/Routing/Route))
#38 C:/Users/Namara saleem/Documents/Codex/2026-08-16/jh/ztams/vendor/laravel/framework/src/Illuminate/Routing/Router.php(739): Illuminate/Routing/Router->dispatchToRoute(Object(Illuminate/Http/Request))
#39 C:/Users/Namara saleem/Documents/Codex/2026-08-16/jh/ztams/vendor/laravel/framework/src/Illuminate/Foundation/Http/Kernel.php(201): Illuminate/Routing/Router->dispatch(Object(Illuminate/Http/Request))
#40 C:/Users/Namara saleem/Documents/Codex/2026-08-16/jh/ztams/vendor/laravel/framework/src/Illuminate/Pipeline/Pipeline.php(170): Illuminate/Foundation/Http/Kernel->Illuminate/Foundation/Http/{closure}(Object(Illuminate/Http/Request))
#41 C:/Users/Namara saleem/Documents/Codex/2026-08-16/jh/ztams/vendor/laravel/framework/src/Illuminate/Foundation/Http/Middleware/TransformsRequest.php(21): Illuminate/Pipeline/Pipeline->Illuminate/Pipeline/{closure}(Object(Illuminate/Http/Request))
#42 C:/Users/Namara saleem/Documents/Codex/2026-08-16/jh/ztams/vendor/laravel/framework/src/Illuminate/Foundation/Http/Middleware/ConvertEmptyStringsToNull.php(31): Illuminate/Foundation/Http/Middleware/TransformsRequest->handle(Object(Illuminate/Http/Request), Object(Closure))
#43 C:/Users/Namara saleem/Documents/Codex/2026-08-16/jh/ztams/vendor/laravel/framework/src/Illuminate/Pipeline/Pipeline.php(209): Illuminate/Foundation/Http/Middleware/ConvertEmptyStringsToNull->handle(Object(Illuminate/Http/Request), Object(Closure))
#44 C:/Users/Namara saleem/Documents/Codex/2026-08-16/jh/ztams/vendor/laravel/framework/src/Illuminate/Foundation/Http/Middleware/TransformsRequest.php(21): Illuminate/Pipeline/Pipeline->Illuminate/Pipeline/{closure}(Object(Illuminate/Http/Request))
#45 C:/Users/Namara saleem/Documents/Codex/2026-08-16/jh/ztams/vendor/laravel/framework/src/Illuminate/Foundation/Http/Middleware/TrimStrings.php(51): Illuminate/Foundation/Http/Middleware/TransformsRequest->handle(Object(Illuminate/Http/Request), Object(Closure))
#46 C:/Users/Namara saleem/Documents/Codex/2026-08-16/jh/ztams/vendor/laravel/framework/src/Illuminate/Pipeline/Pipeline.php(209): Illuminate/Foundation/Http/Middleware/TrimStrings->handle(Object(Illuminate/Http/Request), Object(Closure))
#47 C:/Users/Namara saleem/Documents/Codex/2026-08-16/jh/ztams/vendor/laravel/framework/src/Illuminate/Http/Middleware/ValidatePostSize.php(27): Illuminate/Pipeline/Pipeline->Illuminate/Pipeline/{closure}(Object(Illuminate/Http/Request))
#48 C:/Users/Namara saleem/Documents/Codex/2026-08-16/jh/ztams/vendor/laravel/framework/src/Illuminate/Pipeline/Pipeline.php(209): Illuminate/Http/Middleware/ValidatePostSize->handle(Object(Illuminate/Http/Request), Object(Closure))
#49 C:/Users/Namara saleem/Documents/Codex/2026-08-16/jh/ztams/vendor/laravel/framework/src/Illuminate/Foundation/Http/Middleware/PreventRequestsDuringMaintenance.php(110): Illuminate/Pipeline/Pipeline->Illuminate/Pipeline/{closure}(Object(Illuminate/Http/Request))
#50 C:/Users/Namara saleem/Documents/Codex/2026-08-16/jh/ztams/vendor/laravel/framework/src/Illuminate/Pipeline/Pipeline.php(209): Illuminate/Foundation/Http/Middleware/PreventRequestsDuringMaintenance->handle(Object(Illuminate/Http/Request), Object(Closure))
#51 C:/Users/Namara saleem/Documents/Codex/2026-08-16/jh/ztams/vendor/laravel/framework/src/Illuminate/Http/Middleware/HandleCors.php(49): Illuminate/Pipeline/Pipeline->Illuminate/Pipeline/{closure}(Object(Illuminate/Http/Request))
#52 C:/Users/Namara saleem/Documents/Codex/2026-08-16/jh/ztams/vendor/laravel/framework/src/Illuminate/Pipeline/Pipeline.php(209): Illuminate/Http/Middleware/HandleCors->handle(Object(Illuminate/Http/Request), Object(Closure))
#53 C:/Users/Namara saleem/Documents/Codex/2026-08-16/jh/ztams/vendor/laravel/framework/src/Illuminate/Http/Middleware/TrustProxies.php(58): Illuminate/Pipeline/Pipeline->Illuminate/Pipeline/{closure}(Object(Illuminate/Http/Request))
#54 C:/Users/Namara saleem/Documents/Codex/2026-08-16/jh/ztams/vendor/laravel/framework/src/Illuminate/Pipeline/Pipeline.php(209): Illuminate/Http/Middleware/TrustProxies->handle(Object(Illuminate/Http/Request), Object(Closure))
#55 C:/Users/Namara saleem/Documents/Codex/2026-08-16/jh/ztams/vendor/laravel/framework/src/Illuminate/Foundation/Http/Middleware/InvokeDeferredCallbacks.php(22): Illuminate/Pipeline/Pipeline->Illuminate/Pipeline/{closure}(Object(Illuminate/Http/Request))
#56 C:/Users/Namara saleem/Documents/Codex/2026-08-16/jh/ztams/vendor/laravel/framework/src/Illuminate/Pipeline/Pipeline.php(209): Illuminate/Foundation/Http/Middleware/InvokeDeferredCallbacks->handle(Object(Illuminate/Http/Request), Object(Closure))
#57 C:/Users/Namara saleem/Documents/Codex/2026-08-16/jh/ztams/vendor/laravel/framework/src/Illuminate/Pipeline/Pipeline.php(127): Illuminate/Pipeline/Pipeline->Illuminate/Pipeline/{closure}(Object(Illuminate/Http/Request))
#58 C:/Users/Namara saleem/Documents/Codex/2026-08-16/jh/ztams/vendor/laravel/framework/src/Illuminate/Foundation/Http/Kernel.php(176): Illuminate/Pipeline/Pipeline->then(Object(Closure))
#59 C:/Users/Namara saleem/Documents/Codex/2026-08-16/jh/ztams/vendor/laravel/framework/src/Illuminate/Foundation/Http/Kernel.php(145): Illuminate/Foundation/Http/Kernel->sendRequestThroughRouter(Object(Illuminate/Http/Request))
#60 C:/Users/Namara saleem/Documents/Codex/2026-08-16/jh/ztams/vendor/laravel/framework/src/Illuminate/Foundation/Application.php(1220): Illuminate/Foundation/Http/Kernel->handle(Object(Illuminate/Http/Request))
#61 C:/Users/Namara saleem/Documents/Codex/2026-08-16/jh/ztams/public/index.php(17): Illuminate/Foundation/Application->handleRequest(Object(Illuminate/Http/Request))
#62 C:/Users/Namara saleem/Documents/Codex/2026-08-16/jh/ztams/vendor/laravel/framework/src/Illuminate/Foundation/resources/server.php(23): require_once('C://Users//Namara...')
#63 {main}
"} 
[2026-08-19 00:21:05] local.ERROR: SQLSTATE[HY000] [2002] No connection could be made because the target machine actively refused it (Connection: mysql, SQL: select * from `sessions` where `id` = V97DhQ9tVYO9pW5GwxUR1kZVffm7z7bc6T3D6F3y limit 1) {"exception":"[object] (Illuminate\\Database\\QueryException(code: 2002): SQLSTATE[HY000] [2002] No connection could be made because the target machine actively refused it (Connection: mysql, SQL: select * from `sessions` where `id` = V97DhQ9tVYO9pW5GwxUR1kZVffm7z7bc6T3D6F3y limit 1) at C:/Users/Namara saleem/Documents/Codex/2026-08-16/jh/ztams/vendor/laravel/framework/src/Illuminate/Database/Connection.php:825)
[stacktrace]
#0 C:/Users/Namara saleem/Documents/Codex/2026-08-16/jh/ztams/vendor/laravel/framework/src/Illuminate/Database/Connection.php(979): Illuminate/Database/Connection->runQueryCallback('select * from `...', Array, Object(Closure))
#1 C:/Users/Namara saleem/Documents/Codex/2026-08-16/jh/ztams/vendor/laravel/framework/src/Illuminate/Database/Connection.php(958): Illuminate/Database/Connection->tryAgainIfCausedByLostConnection(Object(Illuminate/Database/QueryException), 'select * from `...', Array, Object(Closure))
#2 C:/Users/Namara saleem/Documents/Codex/2026-08-16/jh/ztams/vendor/laravel/framework/src/Illuminate/Database/Connection.php(781): Illuminate/Database/Connection->handleQueryException(Object(Illuminate/Database/QueryException), 'select * from `...', Array, Object(Closure))
#3 C:/Users/Namara saleem/Documents/Codex/2026-08-16/jh/ztams/vendor/laravel/framework/src/Illuminate/Database/Connection.php(398): Illuminate/Database/Connection->run('select * from `...', Array, Object(Closure))
#4 C:/Users/Namara saleem/Documents/Codex/2026-08-16/jh/ztams/vendor/laravel/framework/src/Illuminate/Database/Query/Builder.php(3106): Illuminate/Database/Connection->select('select * from `...', Array, false)
#5 C:/Users/Namara saleem/Documents/Codex/2026-08-16/jh/ztams/vendor/laravel/framework/src/Illuminate/Database/Query/Builder.php(3091): Illuminate/Database/Query/Builder->runSelect()
#6 C:/Users/Namara saleem/Documents/Codex/2026-08-16/jh/ztams/vendor/laravel/framework/src/Illuminate/Database/Query/Builder.php(3676): Illuminate/Database/Query/Builder->Illuminate/Database/Query/{closure}()
#7 C:/Users/Namara saleem/Documents/Codex/2026-08-16/jh/ztams/vendor/laravel/framework/src/Illuminate/Database/Query/Builder.php(3090): Illuminate/Database/Query/Builder->onceWithColumns(Array, Object(Closure))
#8 C:/Users/Namara saleem/Documents/Codex/2026-08-16/jh/ztams/vendor/laravel/framework/src/Illuminate/Database/Concerns/BuildsQueries.php(343): Illuminate/Database/Query/Builder->get(Array)
#9 C:/Users/Namara saleem/Documents/Codex/2026-08-16/jh/ztams/vendor/laravel/framework/src/Illuminate/Database/Query/Builder.php(3013): Illuminate/Database/Query/Builder->first(Array)
#10 C:/Users/Namara saleem/Documents/Codex/2026-08-16/jh/ztams/vendor/laravel/framework/src/Illuminate/Session/DatabaseSessionHandler.php(97): Illuminate/Database/Query/Builder->find('V97DhQ9tVYO9pW5...')
#11 C:/Users/Namara saleem/Documents/Codex/2026-08-16/jh/ztams/vendor/laravel/framework/src/Illuminate/Session/Store.php(117): Illuminate/Session/DatabaseSessionHandler->read('V97DhQ9tVYO9pW5...')
#12 C:/Users/Namara saleem/Documents/Codex/2026-08-16/jh/ztams/vendor/laravel/framework/src/Illuminate/Session/Store.php(105): Illuminate/Session/Store->readFromHandler()
#13 C:/Users/Namara saleem/Documents/Codex/2026-08-16/jh/ztams/vendor/laravel/framework/src/Illuminate/Session/Store.php(89): Illuminate/Session/Store->loadSession()
#14 C:/Users/Namara saleem/Documents/Codex/2026-08-16/jh/ztams/vendor/laravel/framework/src/Illuminate/Session/Middleware/StartSession.php(147): Illuminate/Session/Store->start()
#15 C:/Users/Namara saleem/Documents/Codex/2026-08-16/jh/ztams/vendor/laravel/framework/src/Illuminate/Support/helpers.php(399): Illuminate/Session/Middleware/StartSession->Illuminate/Session/Middleware/{closure}(Object(Illuminate/Session/Store))
#16 C:/Users/Namara saleem/Documents/Codex/2026-08-16/jh/ztams/vendor/laravel/framework/src/Illuminate/Session/Middleware/StartSession.php(144): tap(Object(Illuminate/Session/Store), Object(Closure))
#17 C:/Users/Namara saleem/Documents/Codex/2026-08-16/jh/ztams/vendor/laravel/framework/src/Illuminate/Session/Middleware/StartSession.php(116): Illuminate/Session/Middleware/StartSession->startSession(Object(Illuminate/Http/Request), Object(Illuminate/Session/Store))
#18 C:/Users/Namara saleem/Documents/Codex/2026-08-16/jh/ztams/vendor/laravel/framework/src/Illuminate/Session/Middleware/StartSession.php(64): Illuminate/Session/Middleware/StartSession->handleStatefulRequest(Object(Illuminate/Http/Request), Object(Illuminate/Session/Store), Object(Closure))
#19 C:/Users/Namara saleem/Documents/Codex/2026-08-16/jh/ztams/vendor/laravel/framework/src/Illuminate/Pipeline/Pipeline.php(209): Illuminate/Session/Middleware/StartSession->handle(Object(Illuminate/Http/Request), Object(Closure))
#20 C:/Users/Namara saleem/Documents/Codex/2026-08-16/jh/ztams/vendor/laravel/framework/src/Illuminate/Cookie/Middleware/AddQueuedCookiesToResponse.php(37): Illuminate/Pipeline/Pipeline->Illuminate/Pipeline/{closure}(Object(Illuminate/Http/Request))
#21 C:/Users/Namara saleem/Documents/Codex/2026-08-16/jh/ztams/vendor/laravel/framework/src/Illuminate/Pipeline/Pipeline.php(209): Illuminate/Cookie/Middleware/AddQueuedCookiesToResponse->handle(Object(Illuminate/Http/Request), Object(Closure))
#22 C:/Users/Namara saleem/Documents/Codex/2026-08-16/jh/ztams/vendor/laravel/framework/src/Illuminate/Cookie/Middleware/EncryptCookies.php(75): Illuminate/Pipeline/Pipeline->Illuminate/Pipeline/{closure}(Object(Illuminate/Http/Request))
#23 C:/Users/Namara saleem/Documents/Codex/2026-08-16/jh/ztams/vendor/laravel/framework/src/Illuminate/Pipeline/Pipeline.php(209): Illuminate/Cookie/Middleware/EncryptCookies->handle(Object(Illuminate/Http/Request), Object(Closure))
#24 C:/Users/Namara saleem/Documents/Codex/2026-08-16/jh/ztams/vendor/laravel/framework/src/Illuminate/Pipeline/Pipeline.php(127): Illuminate/Pipeline/Pipeline->Illuminate/Pipeline/{closure}(Object(Illuminate/Http/Request))
#25 C:/Users/Namara saleem/Documents/Codex/2026-08-16/jh/ztams/vendor/laravel/framework/src/Illuminate/Routing/Router.php(807): Illuminate/Pipeline/Pipeline->then(Object(Closure))
#26 C:/Users/Namara saleem/Documents/Codex/2026-08-16/jh/ztams/vendor/laravel/framework/src/Illuminate/Routing/Router.php(786): Illuminate/Routing/Router->runRouteWithinStack(Object(Illuminate/Routing/Route), Object(Illuminate/Http/Request))
#27 C:/Users/Namara saleem/Documents/Codex/2026-08-16/jh/ztams/vendor/laravel/framework/src/Illuminate/Routing/Router.php(750): Illuminate/Routing/Router->runRoute(Object(Illuminate/Http/Request), Object(Illuminate/Routing/Route))
#28 C:/Users/Namara saleem/Documents/Codex/2026-08-16/jh/ztams/vendor/laravel/framework/src/Illuminate/Routing/Router.php(739): Illuminate/Routing/Router->dispatchToRoute(Object(Illuminate/Http/Request))
#29 C:/Users/Namara saleem/Documents/Codex/2026-08-16/jh/ztams/vendor/laravel/framework/src/Illuminate/Foundation/Http/Kernel.php(201): Illuminate/Routing/Router->dispatch(Object(Illuminate/Http/Request))
#30 C:/Users/Namara saleem/Documents/Codex/2026-08-16/jh/ztams/vendor/laravel/framework/src/Illuminate/Pipeline/Pipeline.php(170): Illuminate/Foundation/Http/Kernel->Illuminate/Foundation/Http/{closure}(Object(Illuminate/Http/Request))
#31 C:/Users/Namara saleem/Documents/Codex/2026-08-16/jh/ztams/vendor/laravel/framework/src/Illuminate/Foundation/Http/Middleware/TransformsRequest.php(21): Illuminate/Pipeline/Pipeline->Illuminate/Pipeline/{closure}(Object(Illuminate/Http/Request))
#32 C:/Users/Namara saleem/Documents/Codex/2026-08-16/jh/ztams/vendor/laravel/framework/src/Illuminate/Foundation/Http/Middleware/ConvertEmptyStringsToNull.php(31): Illuminate/Foundation/Http/Middleware/TransformsRequest->handle(Object(Illuminate/Http/Request), Object(Closure))
#33 C:/Users/Namara saleem/Documents/Codex/2026-08-16/jh/ztams/vendor/laravel/framework/src/Illuminate/Pipeline/Pipeline.php(209): Illuminate/Foundation/Http/Middleware/ConvertEmptyStringsToNull->handle(Object(Illuminate/Http/Request), Object(Closure))
#34 C:/Users/Namara saleem/Documents/Codex/2026-08-16/jh/ztams/vendor/laravel/framework/src/Illuminate/Foundation/Http/Middleware/TransformsRequest.php(21): Illuminate/Pipeline/Pipeline->Illuminate/Pipeline/{closure}(Object(Illuminate/Http/Request))
#35 C:/Users/Namara saleem/Documents/Codex/2026-08-16/jh/ztams/vendor/laravel/framework/src/Illuminate/Foundation/Http/Middleware/TrimStrings.php(51): Illuminate/Foundation/Http/Middleware/TransformsRequest->handle(Object(Illuminate/Http/Request), Object(Closure))
#36 C:/Users/Namara saleem/Documents/Codex/2026-08-16/jh/ztams/vendor/laravel/framework/src/Illuminate/Pipeline/Pipeline.php(209): Illuminate/Foundation/Http/Middleware/TrimStrings->handle(Object(Illuminate/Http/Request), Object(Closure))
#37 C:/Users/Namara saleem/Documents/Codex/2026-08-16/jh/ztams/vendor/laravel/framework/src/Illuminate/Http/Middleware/ValidatePostSize.php(27): Illuminate/Pipeline/Pipeline->Illuminate/Pipeline/{closure}(Object(Illuminate/Http/Request))
#38 C:/Users/Namara saleem/Documents/Codex/2026-08-16/jh/ztams/vendor/laravel/framework/src/Illuminate/Pipeline/Pipeline.php(209): Illuminate/Http/Middleware/ValidatePostSize->handle(Object(Illuminate/Http/Request), Object(Closure))
#39 C:/Users/Namara saleem/Documents/Codex/2026-08-16/jh/ztams/vendor/laravel/framework/src/Illuminate/Foundation/Http/Middleware/PreventRequestsDuringMaintenance.php(110): Illuminate/Pipeline/Pipeline->Illuminate/Pipeline/{closure}(Object(Illuminate/Http/Request))
#40 C:/Users/Namara saleem/Documents/Codex/2026-08-16/jh/ztams/vendor/laravel/framework/src/Illuminate/Pipeline/Pipeline.php(209): Illuminate/Foundation/Http/Middleware/PreventRequestsDuringMaintenance->handle(Object(Illuminate/Http/Request), Object(Closure))
#41 C:/Users/Namara saleem/Documents/Codex/2026-08-16/jh/ztams/vendor/laravel/framework/src/Illuminate/Http/Middleware/HandleCors.php(49): Illuminate/Pipeline/Pipeline->Illuminate/Pipeline/{closure}(Object(Illuminate/Http/Request))
#42 C:/Users/Namara saleem/Documents/Codex/2026-08-16/jh/ztams/vendor/laravel/framework/src/Illuminate/Pipeline/Pipeline.php(209): Illuminate/Http/Middleware/HandleCors->handle(Object(Illuminate/Http/Request), Object(Closure))
#43 C:/Users/Namara saleem/Documents/Codex/2026-08-16/jh/ztams/vendor/laravel/framework/src/Illuminate/Http/Middleware/TrustProxies.php(58): Illuminate/Pipeline/Pipeline->Illuminate/Pipeline/{closure}(Object(Illuminate/Http/Request))
#44 C:/Users/Namara saleem/Documents/Codex/2026-08-16/jh/ztams/vendor/laravel/framework/src/Illuminate/Pipeline/Pipeline.php(209): Illuminate/Http/Middleware/TrustProxies->handle(Object(Illuminate/Http/Request), Object(Closure))
#45 C:/Users/Namara saleem/Documents/Codex/2026-08-16/jh/ztams/vendor/laravel/framework/src/Illuminate/Foundation/Http/Middleware/InvokeDeferredCallbacks.php(22): Illuminate/Pipeline/Pipeline->Illuminate/Pipeline/{closure}(Object(Illuminate/Http/Request))
#46 C:/Users/Namara saleem/Documents/Codex/2026-08-16/jh/ztams/vendor/laravel/framework/src/Illuminate/Pipeline/Pipeline.php(209): Illuminate/Foundation/Http/Middleware/InvokeDeferredCallbacks->handle(Object(Illuminate/Http/Request), Object(Closure))
#47 C:/Users/Namara saleem/Documents/Codex/2026-08-16/jh/ztams/vendor/laravel/framework/src/Illuminate/Pipeline/Pipeline.php(127): Illuminate/Pipeline/Pipeline->Illuminate/Pipeline/{closure}(Object(Illuminate/Http/Request))
#48 C:/Users/Namara saleem/Documents/Codex/2026-08-16/jh/ztams/vendor/laravel/framework/src/Illuminate/Foundation/Http/Kernel.php(176): Illuminate/Pipeline/Pipeline->then(Object(Closure))
#49 C:/Users/Namara saleem/Documents/Codex/2026-08-16/jh/ztams/vendor/laravel/framework/src/Illuminate/Foundation/Http/Kernel.php(145): Illuminate/Foundation/Http/Kernel->sendRequestThroughRouter(Object(Illuminate/Http/Request))
#50 C:/Users/Namara saleem/Documents/Codex/2026-08-16/jh/ztams/vendor/laravel/framework/src/Illuminate/Foundation/Application.php(1220): Illuminate/Foundation/Http/Kernel->handle(Object(Illuminate/Http/Request))
#51 C:/Users/Namara saleem/Documents/Codex/2026-08-16/jh/ztams/public/index.php(17): Illuminate/Foundation/Application->handleRequest(Object(Illuminate/Http/Request))
#52 C:/Users/Namara saleem/Documents/Codex/2026-08-16/jh/ztams/vendor/laravel/framework/src/Illuminate/Foundation/resources/server.php(23): require_once('C://Users//Namara...')
#53 {main}

[previous exception] [object] (PDOException(code: 2002): SQLSTATE[HY000] [2002] No connection could be made because the target machine actively refused it at C:/Users/Namara saleem/Documents/Codex/2026-08-16/jh/ztams/vendor/laravel/framework/src/Illuminate/Database/Connectors/Connector.php:66)
[stacktrace]
#0 C:/Users/Namara saleem/Documents/Codex/2026-08-16/jh/ztams/vendor/laravel/framework/src/Illuminate/Database/Connectors/Connector.php(66): PDO->__construct('mysql:host=127....', 'root', Object(SensitiveParameterValue), Array)
#1 C:/Users/Namara saleem/Documents/Codex/2026-08-16/jh/ztams/vendor/laravel/framework/src/Illuminate/Database/Connectors/Connector.php(85): Illuminate/Database/Connectors/Connector->createPdoConnection('mysql:host=127....', 'root', Object(SensitiveParameterValue), Array)
#2 C:/Users/Namara saleem/Documents/Codex/2026-08-16/jh/ztams/vendor/laravel/framework/src/Illuminate/Database/Connectors/Connector.php(48): Illuminate/Database/Connectors/Connector->tryAgainIfCausedByLostConnection(Object(PDOException), 'mysql:host=127....', 'root', Object(SensitiveParameterValue), Array)
#3 C:/Users/Namara saleem/Documents/Codex/2026-08-16/jh/ztams/vendor/laravel/framework/src/Illuminate/Database/Connectors/MySqlConnector.php(24): Illuminate/Database/Connectors/Connector->createConnection('mysql:host=127....', Array, Array)
#4 C:/Users/Namara saleem/Documents/Codex/2026-08-16/jh/ztams/vendor/laravel/framework/src/Illuminate/Database/Connectors/ConnectionFactory.php(185): Illuminate/Database/Connectors/MySqlConnector->connect(Array)
#5 [internal function]: Illuminate/Database/Connectors/ConnectionFactory->Illuminate/Database/Connectors/{closure}()
#6 C:/Users/Namara saleem/Documents/Codex/2026-08-16/jh/ztams/vendor/laravel/framework/src/Illuminate/Database/Connection.php(1231): call_user_func(Object(Closure))
#7 C:/Users/Namara saleem/Documents/Codex/2026-08-16/jh/ztams/vendor/laravel/framework/src/Illuminate/Database/Connection.php(512): Illuminate/Database/Connection->getPdo()
#8 C:/Users/Namara saleem/Documents/Codex/2026-08-16/jh/ztams/vendor/laravel/framework/src/Illuminate/Database/Connection.php(407): Illuminate/Database/Connection->getPdoForSelect(false)
#9 C:/Users/Namara saleem/Documents/Codex/2026-08-16/jh/ztams/vendor/laravel/framework/src/Illuminate/Database/Connection.php(812): Illuminate/Database/Connection->Illuminate/Database/{closure}('select * from `...', Array)
#10 C:/Users/Namara saleem/Documents/Codex/2026-08-16/jh/ztams/vendor/laravel/framework/src/Illuminate/Database/Connection.php(979): Illuminate/Database/Connection->runQueryCallback('select * from `...', Array, Object(Closure))
#11 C:/Users/Namara saleem/Documents/Codex/2026-08-16/jh/ztams/vendor/laravel/framework/src/Illuminate/Database/Connection.php(958): Illuminate/Database/Connection->tryAgainIfCausedByLostConnection(Object(Illuminate/Database/QueryException), 'select * from `...', Array, Object(Closure))
#12 C:/Users/Namara saleem/Documents/Codex/2026-08-16/jh/ztams/vendor/laravel/framework/src/Illuminate/Database/Connection.php(781): Illuminate/Database/Connection->handleQueryException(Object(Illuminate/Database/QueryException), 'select * from `...', Array, Object(Closure))
#13 C:/Users/Namara saleem/Documents/Codex/2026-08-16/jh/ztams/vendor/laravel/framework/src/Illuminate/Database/Connection.php(398): Illuminate/Database/Connection->run('select * from `...', Array, Object(Closure))
#14 C:/Users/Namara saleem/Documents/Codex/2026-08-16/jh/ztams/vendor/laravel/framework/src/Illuminate/Database/Query/Builder.php(3106): Illuminate/Database/Connection->select('select * from `...', Array, false)
#15 C:/Users/Namara saleem/Documents/Codex/2026-08-16/jh/ztams/vendor/laravel/framework/src/Illuminate/Database/Query/Builder.php(3091): Illuminate/Database/Query/Builder->runSelect()
#16 C:/Users/Namara saleem/Documents/Codex/2026-08-16/jh/ztams/vendor/laravel/framework/src/Illuminate/Database/Query/Builder.php(3676): Illuminate/Database/Query/Builder->Illuminate/Database/Query/{closure}()
#17 C:/Users/Namara saleem/Documents/Codex/2026-08-16/jh/ztams/vendor/laravel/framework/src/Illuminate/Database/Query/Builder.php(3090): Illuminate/Database/Query/Builder->onceWithColumns(Array, Object(Closure))
#18 C:/Users/Namara saleem/Documents/Codex/2026-08-16/jh/ztams/vendor/laravel/framework/src/Illuminate/Database/Concerns/BuildsQueries.php(343): Illuminate/Database/Query/Builder->get(Array)
#19 C:/Users/Namara saleem/Documents/Codex/2026-08-16/jh/ztams/vendor/laravel/framework/src/Illuminate/Database/Query/Builder.php(3013): Illuminate/Database/Query/Builder->first(Array)
#20 C:/Users/Namara saleem/Documents/Codex/2026-08-16/jh/ztams/vendor/laravel/framework/src/Illuminate/Session/DatabaseSessionHandler.php(97): Illuminate/Database/Query/Builder->find('V97DhQ9tVYO9pW5...')
#21 C:/Users/Namara saleem/Documents/Codex/2026-08-16/jh/ztams/vendor/laravel/framework/src/Illuminate/Session/Store.php(117): Illuminate/Session/DatabaseSessionHandler->read('V97DhQ9tVYO9pW5...')
#22 C:/Users/Namara saleem/Documents/Codex/2026-08-16/jh/ztams/vendor/laravel/framework/src/Illuminate/Session/Store.php(105): Illuminate/Session/Store->readFromHandler()
#23 C:/Users/Namara saleem/Documents/Codex/2026-08-16/jh/ztams/vendor/laravel/framework/src/Illuminate/Session/Store.php(89): Illuminate/Session/Store->loadSession()
#24 C:/Users/Namara saleem/Documents/Codex/2026-08-16/jh/ztams/vendor/laravel/framework/src/Illuminate/Session/Middleware/StartSession.php(147): Illuminate/Session/Store->start()
#25 C:/Users/Namara saleem/Documents/Codex/2026-08-16/jh/ztams/vendor/laravel/framework/src/Illuminate/Support/helpers.php(399): Illuminate/Session/Middleware/StartSession->Illuminate/Session/Middleware/{closure}(Object(Illuminate/Session/Store))
#26 C:/Users/Namara saleem/Documents/Codex/2026-08-16/jh/ztams/vendor/laravel/framework/src/Illuminate/Session/Middleware/StartSession.php(144): tap(Object(Illuminate/Session/Store), Object(Closure))
#27 C:/Users/Namara saleem/Documents/Codex/2026-08-16/jh/ztams/vendor/laravel/framework/src/Illuminate/Session/Middleware/StartSession.php(116): Illuminate/Session/Middleware/StartSession->startSession(Object(Illuminate/Http/Request), Object(Illuminate/Session/Store))
#28 C:/Users/Namara saleem/Documents/Codex/2026-08-16/jh/ztams/vendor/laravel/framework/src/Illuminate/Session/Middleware/StartSession.php(64): Illuminate/Session/Middleware/StartSession->handleStatefulRequest(Object(Illuminate/Http/Request), Object(Illuminate/Session/Store), Object(Closure))
#29 C:/Users/Namara saleem/Documents/Codex/2026-08-16/jh/ztams/vendor/laravel/framework/src/Illuminate/Pipeline/Pipeline.php(209): Illuminate/Session/Middleware/StartSession->handle(Object(Illuminate/Http/Request), Object(Closure))
#30 C:/Users/Namara saleem/Documents/Codex/2026-08-16/jh/ztams/vendor/laravel/framework/src/Illuminate/Cookie/Middleware/AddQueuedCookiesToResponse.php(37): Illuminate/Pipeline/Pipeline->Illuminate/Pipeline/{closure}(Object(Illuminate/Http/Request))
#31 C:/Users/Namara saleem/Documents/Codex/2026-08-16/jh/ztams/vendor/laravel/framework/src/Illuminate/Pipeline/Pipeline.php(209): Illuminate/Cookie/Middleware/AddQueuedCookiesToResponse->handle(Object(Illuminate/Http/Request), Object(Closure))
#32 C:/Users/Namara saleem/Documents/Codex/2026-08-16/jh/ztams/vendor/laravel/framework/src/Illuminate/Cookie/Middleware/EncryptCookies.php(75): Illuminate/Pipeline/Pipeline->Illuminate/Pipeline/{closure}(Object(Illuminate/Http/Request))
#33 C:/Users/Namara saleem/Documents/Codex/2026-08-16/jh/ztams/vendor/laravel/framework/src/Illuminate/Pipeline/Pipeline.php(209): Illuminate/Cookie/Middleware/EncryptCookies->handle(Object(Illuminate/Http/Request), Object(Closure))
#34 C:/Users/Namara saleem/Documents/Codex/2026-08-16/jh/ztams/vendor/laravel/framework/src/Illuminate/Pipeline/Pipeline.php(127): Illuminate/Pipeline/Pipeline->Illuminate/Pipeline/{closure}(Object(Illuminate/Http/Request))
#35 C:/Users/Namara saleem/Documents/Codex/2026-08-16/jh/ztams/vendor/laravel/framework/src/Illuminate/Routing/Router.php(807): Illuminate/Pipeline/Pipeline->then(Object(Closure))
#36 C:/Users/Namara saleem/Documents/Codex/2026-08-16/jh/ztams/vendor/laravel/framework/src/Illuminate/Routing/Router.php(786): Illuminate/Routing/Router->runRouteWithinStack(Object(Illuminate/Routing/Route), Object(Illuminate/Http/Request))
#37 C:/Users/Namara saleem/Documents/Codex/2026-08-16/jh/ztams/vendor/laravel/framework/src/Illuminate/Routing/Router.php(750): Illuminate/Routing/Router->runRoute(Object(Illuminate/Http/Request), Object(Illuminate/Routing/Route))
#38 C:/Users/Namara saleem/Documents/Codex/2026-08-16/jh/ztams/vendor/laravel/framework/src/Illuminate/Routing/Router.php(739): Illuminate/Routing/Router->dispatchToRoute(Object(Illuminate/Http/Request))
#39 C:/Users/Namara saleem/Documents/Codex/2026-08-16/jh/ztams/vendor/laravel/framework/src/Illuminate/Foundation/Http/Kernel.php(201): Illuminate/Routing/Router->dispatch(Object(Illuminate/Http/Request))
#40 C:/Users/Namara saleem/Documents/Codex/2026-08-16/jh/ztams/vendor/laravel/framework/src/Illuminate/Pipeline/Pipeline.php(170): Illuminate/Foundation/Http/Kernel->Illuminate/Foundation/Http/{closure}(Object(Illuminate/Http/Request))
#41 C:/Users/Namara saleem/Documents/Codex/2026-08-16/jh/ztams/vendor/laravel/framework/src/Illuminate/Foundation/Http/Middleware/TransformsRequest.php(21): Illuminate/Pipeline/Pipeline->Illuminate/Pipeline/{closure}(Object(Illuminate/Http/Request))
#42 C:/Users/Namara saleem/Documents/Codex/2026-08-16/jh/ztams/vendor/laravel/framework/src/Illuminate/Foundation/Http/Middleware/ConvertEmptyStringsToNull.php(31): Illuminate/Foundation/Http/Middleware/TransformsRequest->handle(Object(Illuminate/Http/Request), Object(Closure))
#43 C:/Users/Namara saleem/Documents/Codex/2026-08-16/jh/ztams/vendor/laravel/framework/src/Illuminate/Pipeline/Pipeline.php(209): Illuminate/Foundation/Http/Middleware/ConvertEmptyStringsToNull->handle(Object(Illuminate/Http/Request), Object(Closure))
#44 C:/Users/Namara saleem/Documents/Codex/2026-08-16/jh/ztams/vendor/laravel/framework/src/Illuminate/Foundation/Http/Middleware/TransformsRequest.php(21): Illuminate/Pipeline/Pipeline->Illuminate/Pipeline/{closure}(Object(Illuminate/Http/Request))
#45 C:/Users/Namara saleem/Documents/Codex/2026-08-16/jh/ztams/vendor/laravel/framework/src/Illuminate/Foundation/Http/Middleware/TrimStrings.php(51): Illuminate/Foundation/Http/Middleware/TransformsRequest->handle(Object(Illuminate/Http/Request), Object(Closure))
#46 C:/Users/Namara saleem/Documents/Codex/2026-08-16/jh/ztams/vendor/laravel/framework/src/Illuminate/Pipeline/Pipeline.php(209): Illuminate/Foundation/Http/Middleware/TrimStrings->handle(Object(Illuminate/Http/Request), Object(Closure))
#47 C:/Users/Namara saleem/Documents/Codex/2026-08-16/jh/ztams/vendor/laravel/framework/src/Illuminate/Http/Middleware/ValidatePostSize.php(27): Illuminate/Pipeline/Pipeline->Illuminate/Pipeline/{closure}(Object(Illuminate/Http/Request))
#48 C:/Users/Namara saleem/Documents/Codex/2026-08-16/jh/ztams/vendor/laravel/framework/src/Illuminate/Pipeline/Pipeline.php(209): Illuminate/Http/Middleware/ValidatePostSize->handle(Object(Illuminate/Http/Request), Object(Closure))
#49 C:/Users/Namara saleem/Documents/Codex/2026-08-16/jh/ztams/vendor/laravel/framework/src/Illuminate/Foundation/Http/Middleware/PreventRequestsDuringMaintenance.php(110): Illuminate/Pipeline/Pipeline->Illuminate/Pipeline/{closure}(Object(Illuminate/Http/Request))
#50 C:/Users/Namara saleem/Documents/Codex/2026-08-16/jh/ztams/vendor/laravel/framework/src/Illuminate/Pipeline/Pipeline.php(209): Illuminate/Foundation/Http/Middleware/PreventRequestsDuringMaintenance->handle(Object(Illuminate/Http/Request), Object(Closure))
#51 C:/Users/Namara saleem/Documents/Codex/2026-08-16/jh/ztams/vendor/laravel/framework/src/Illuminate/Http/Middleware/HandleCors.php(49): Illuminate/Pipeline/Pipeline->Illuminate/Pipeline/{closure}(Object(Illuminate/Http/Request))
#52 C:/Users/Namara saleem/Documents/Codex/2026-08-16/jh/ztams/vendor/laravel/framework/src/Illuminate/Pipeline/Pipeline.php(209): Illuminate/Http/Middleware/HandleCors->handle(Object(Illuminate/Http/Request), Object(Closure))
#53 C:/Users/Namara saleem/Documents/Codex/2026-08-16/jh/ztams/vendor/laravel/framework/src/Illuminate/Http/Middleware/TrustProxies.php(58): Illuminate/Pipeline/Pipeline->Illuminate/Pipeline/{closure}(Object(Illuminate/Http/Request))
#54 C:/Users/Namara saleem/Documents/Codex/2026-08-16/jh/ztams/vendor/laravel/framework/src/Illuminate/Pipeline/Pipeline.php(209): Illuminate/Http/Middleware/TrustProxies->handle(Object(Illuminate/Http/Request), Object(Closure))
#55 C:/Users/Namara saleem/Documents/Codex/2026-08-16/jh/ztams/vendor/laravel/framework/src/Illuminate/Foundation/Http/Middleware/InvokeDeferredCallbacks.php(22): Illuminate/Pipeline/Pipeline->Illuminate/Pipeline/{closure}(Object(Illuminate/Http/Request))
#56 C:/Users/Namara saleem/Documents/Codex/2026-08-16/jh/ztams/vendor/laravel/framework/src/Illuminate/Pipeline/Pipeline.php(209): Illuminate/Foundation/Http/Middleware/InvokeDeferredCallbacks->handle(Object(Illuminate/Http/Request), Object(Closure))
#57 C:/Users/Namara saleem/Documents/Codex/2026-08-16/jh/ztams/vendor/laravel/framework/src/Illuminate/Pipeline/Pipeline.php(127): Illuminate/Pipeline/Pipeline->Illuminate/Pipeline/{closure}(Object(Illuminate/Http/Request))
#58 C:/Users/Namara saleem/Documents/Codex/2026-08-16/jh/ztams/vendor/laravel/framework/src/Illuminate/Foundation/Http/Kernel.php(176): Illuminate/Pipeline/Pipeline->then(Object(Closure))
#59 C:/Users/Namara saleem/Documents/Codex/2026-08-16/jh/ztams/vendor/laravel/framework/src/Illuminate/Foundation/Http/Kernel.php(145): Illuminate/Foundation/Http/Kernel->sendRequestThroughRouter(Object(Illuminate/Http/Request))
#60 C:/Users/Namara saleem/Documents/Codex/2026-08-16/jh/ztams/vendor/laravel/framework/src/Illuminate/Foundation/Application.php(1220): Illuminate/Foundation/Http/Kernel->handle(Object(Illuminate/Http/Request))
#61 C:/Users/Namara saleem/Documents/Codex/2026-08-16/jh/ztams/public/index.php(17): Illuminate/Foundation/Application->handleRequest(Object(Illuminate/Http/Request))
#62 C:/Users/Namara saleem/Documents/Codex/2026-08-16/jh/ztams/vendor/laravel/framework/src/Illuminate/Foundation/resources/server.php(23): require_once('C://Users//Namara...')
#63 {main}
"} 
[2026-08-19 00:51:06] local.ERROR: SQLSTATE[HY000] [2002] No connection could be made because the target machine actively refused it (Connection: mysql, SQL: select * from `sessions` where `id` = V97DhQ9tVYO9pW5GwxUR1kZVffm7z7bc6T3D6F3y limit 1) {"exception":"[object] (Illuminate\\Database\\QueryException(code: 2002): SQLSTATE[HY000] [2002] No connection could be made because the target machine actively refused it (Connection: mysql, SQL: select * from `sessions` where `id` = V97DhQ9tVYO9pW5GwxUR1kZVffm7z7bc6T3D6F3y limit 1) at C:/Users/Namara saleem/Documents/Codex/2026-08-16/jh/ztams/vendor/laravel/framework/src/Illuminate/Database/Connection.php:825)
[stacktrace]
#0 C:/Users/Namara saleem/Documents/Codex/2026-08-16/jh/ztams/vendor/laravel/framework/src/Illuminate/Database/Connection.php(979): Illuminate/Database/Connection->runQueryCallback('select * from `...', Array, Object(Closure))
#1 C:/Users/Namara saleem/Documents/Codex/2026-08-16/jh/ztams/vendor/laravel/framework/src/Illuminate/Database/Connection.php(958): Illuminate/Database/Connection->tryAgainIfCausedByLostConnection(Object(Illuminate/Database/QueryException), 'select * from `...', Array, Object(Closure))
#2 C:/Users/Namara saleem/Documents/Codex/2026-08-16/jh/ztams/vendor/laravel/framework/src/Illuminate/Database/Connection.php(781): Illuminate/Database/Connection->handleQueryException(Object(Illuminate/Database/QueryException), 'select * from `...', Array, Object(Closure))
#3 C:/Users/Namara saleem/Documents/Codex/2026-08-16/jh/ztams/vendor/laravel/framework/src/Illuminate/Database/Connection.php(398): Illuminate/Database/Connection->run('select * from `...', Array, Object(Closure))
#4 C:/Users/Namara saleem/Documents/Codex/2026-08-16/jh/ztams/vendor/laravel/framework/src/Illuminate/Database/Query/Builder.php(3106): Illuminate/Database/Connection->select('select * from `...', Array, false)
#5 C:/Users/Namara saleem/Documents/Codex/2026-08-16/jh/ztams/vendor/laravel/framework/src/Illuminate/Database/Query/Builder.php(3091): Illuminate/Database/Query/Builder->runSelect()
#6 C:/Users/Namara saleem/Documents/Codex/2026-08-16/jh/ztams/vendor/laravel/framework/src/Illuminate/Database/Query/Builder.php(3676): Illuminate/Database/Query/Builder->Illuminate/Database/Query/{closure}()
#7 C:/Users/Namara saleem/Documents/Codex/2026-08-16/jh/ztams/vendor/laravel/framework/src/Illuminate/Database/Query/Builder.php(3090): Illuminate/Database/Query/Builder->onceWithColumns(Array, Object(Closure))
#8 C:/Users/Namara saleem/Documents/Codex/2026-08-16/jh/ztams/vendor/laravel/framework/src/Illuminate/Database/Concerns/BuildsQueries.php(343): Illuminate/Database/Query/Builder->get(Array)
#9 C:/Users/Namara saleem/Documents/Codex/2026-08-16/jh/ztams/vendor/laravel/framework/src/Illuminate/Database/Query/Builder.php(3013): Illuminate/Database/Query/Builder->first(Array)
#10 C:/Users/Namara saleem/Documents/Codex/2026-08-16/jh/ztams/vendor/laravel/framework/src/Illuminate/Session/DatabaseSessionHandler.php(97): Illuminate/Database/Query/Builder->find('V97DhQ9tVYO9pW5...')
#11 C:/Users/Namara saleem/Documents/Codex/2026-08-16/jh/ztams/vendor/laravel/framework/src/Illuminate/Session/Store.php(117): Illuminate/Session/DatabaseSessionHandler->read('V97DhQ9tVYO9pW5...')
#12 C:/Users/Namara saleem/Documents/Codex/2026-08-16/jh/ztams/vendor/laravel/framework/src/Illuminate/Session/Store.php(105): Illuminate/Session/Store->readFromHandler()
#13 C:/Users/Namara saleem/Documents/Codex/2026-08-16/jh/ztams/vendor/laravel/framework/src/Illuminate/Session/Store.php(89): Illuminate/Session/Store->loadSession()
#14 C:/Users/Namara saleem/Documents/Codex/2026-08-16/jh/ztams/vendor/laravel/framework/src/Illuminate/Session/Middleware/StartSession.php(147): Illuminate/Session/Store->start()
#15 C:/Users/Namara saleem/Documents/Codex/2026-08-16/jh/ztams/vendor/laravel/framework/src/Illuminate/Support/helpers.php(399): Illuminate/Session/Middleware/StartSession->Illuminate/Session/Middleware/{closure}(Object(Illuminate/Session/Store))
#16 C:/Users/Namara saleem/Documents/Codex/2026-08-16/jh/ztams/vendor/laravel/framework/src/Illuminate/Session/Middleware/StartSession.php(144): tap(Object(Illuminate/Session/Store), Object(Closure))
#17 C:/Users/Namara saleem/Documents/Codex/2026-08-16/jh/ztams/vendor/laravel/framework/src/Illuminate/Session/Middleware/StartSession.php(116): Illuminate/Session/Middleware/StartSession->startSession(Object(Illuminate/Http/Request), Object(Illuminate/Session/Store))
#18 C:/Users/Namara saleem/Documents/Codex/2026-08-16/jh/ztams/vendor/laravel/framework/src/Illuminate/Session/Middleware/StartSession.php(64): Illuminate/Session/Middleware/StartSession->handleStatefulRequest(Object(Illuminate/Http/Request), Object(Illuminate/Session/Store), Object(Closure))
#19 C:/Users/Namara saleem/Documents/Codex/2026-08-16/jh/ztams/vendor/laravel/framework/src/Illuminate/Pipeline/Pipeline.php(209): Illuminate/Session/Middleware/StartSession->handle(Object(Illuminate/Http/Request), Object(Closure))
#20 C:/Users/Namara saleem/Documents/Codex/2026-08-16/jh/ztams/vendor/laravel/framework/src/Illuminate/Cookie/Middleware/AddQueuedCookiesToResponse.php(37): Illuminate/Pipeline/Pipeline->Illuminate/Pipeline/{closure}(Object(Illuminate/Http/Request))
#21 C:/Users/Namara saleem/Documents/Codex/2026-08-16/jh/ztams/vendor/laravel/framework/src/Illuminate/Pipeline/Pipeline.php(209): Illuminate/Cookie/Middleware/AddQueuedCookiesToResponse->handle(Object(Illuminate/Http/Request), Object(Closure))
#22 C:/Users/Namara saleem/Documents/Codex/2026-08-16/jh/ztams/vendor/laravel/framework/src/Illuminate/Cookie/Middleware/EncryptCookies.php(75): Illuminate/Pipeline/Pipeline->Illuminate/Pipeline/{closure}(Object(Illuminate/Http/Request))
#23 C:/Users/Namara saleem/Documents/Codex/2026-08-16/jh/ztams/vendor/laravel/framework/src/Illuminate/Pipeline/Pipeline.php(209): Illuminate/Cookie/Middleware/EncryptCookies->handle(Object(Illuminate/Http/Request), Object(Closure))
#24 C:/Users/Namara saleem/Documents/Codex/2026-08-16/jh/ztams/vendor/laravel/framework/src/Illuminate/Pipeline/Pipeline.php(127): Illuminate/Pipeline/Pipeline->Illuminate/Pipeline/{closure}(Object(Illuminate/Http/Request))
#25 C:/Users/Namara saleem/Documents/Codex/2026-08-16/jh/ztams/vendor/laravel/framework/src/Illuminate/Routing/Router.php(807): Illuminate/Pipeline/Pipeline->then(Object(Closure))
#26 C:/Users/Namara saleem/Documents/Codex/2026-08-16/jh/ztams/vendor/laravel/framework/src/Illuminate/Routing/Router.php(786): Illuminate/Routing/Router->runRouteWithinStack(Object(Illuminate/Routing/Route), Object(Illuminate/Http/Request))
#27 C:/Users/Namara saleem/Documents/Codex/2026-08-16/jh/ztams/vendor/laravel/framework/src/Illuminate/Routing/Router.php(750): Illuminate/Routing/Router->runRoute(Object(Illuminate/Http/Request), Object(Illuminate/Routing/Route))
#28 C:/Users/Namara saleem/Documents/Codex/2026-08-16/jh/ztams/vendor/laravel/framework/src/Illuminate/Routing/Router.php(739): Illuminate/Routing/Router->dispatchToRoute(Object(Illuminate/Http/Request))
#29 C:/Users/Namara saleem/Documents/Codex/2026-08-16/jh/ztams/vendor/laravel/framework/src/Illuminate/Foundation/Http/Kernel.php(201): Illuminate/Routing/Router->dispatch(Object(Illuminate/Http/Request))
#30 C:/Users/Namara saleem/Documents/Codex/2026-08-16/jh/ztams/vendor/laravel/framework/src/Illuminate/Pipeline/Pipeline.php(170): Illuminate/Foundation/Http/Kernel->Illuminate/Foundation/Http/{closure}(Object(Illuminate/Http/Request))
#31 C:/Users/Namara saleem/Documents/Codex/2026-08-16/jh/ztams/vendor/laravel/framework/src/Illuminate/Foundation/Http/Middleware/TransformsRequest.php(21): Illuminate/Pipeline/Pipeline->Illuminate/Pipeline/{closure}(Object(Illuminate/Http/Request))
#32 C:/Users/Namara saleem/Documents/Codex/2026-08-16/jh/ztams/vendor/laravel/framework/src/Illuminate/Foundation/Http/Middleware/ConvertEmptyStringsToNull.php(31): Illuminate/Foundation/Http/Middleware/TransformsRequest->handle(Object(Illuminate/Http/Request), Object(Closure))
#33 C:/Users/Namara saleem/Documents/Codex/2026-08-16/jh/ztams/vendor/laravel/framework/src/Illuminate/Pipeline/Pipeline.php(209): Illuminate/Foundation/Http/Middleware/ConvertEmptyStringsToNull->handle(Object(Illuminate/Http/Request), Object(Closure))
#34 C:/Users/Namara saleem/Documents/Codex/2026-08-16/jh/ztams/vendor/laravel/framework/src/Illuminate/Foundation/Http/Middleware/TransformsRequest.php(21): Illuminate/Pipeline/Pipeline->Illuminate/Pipeline/{closure}(Object(Illuminate/Http/Request))
#35 C:/Users/Namara saleem/Documents/Codex/2026-08-16/jh/ztams/vendor/laravel/framework/src/Illuminate/Foundation/Http/Middleware/TrimStrings.php(51): Illuminate/Foundation/Http/Middleware/TransformsRequest->handle(Object(Illuminate/Http/Request), Object(Closure))
#36 C:/Users/Namara saleem/Documents/Codex/2026-08-16/jh/ztams/vendor/laravel/framework/src/Illuminate/Pipeline/Pipeline.php(209): Illuminate/Foundation/Http/Middleware/TrimStrings->handle(Object(Illuminate/Http/Request), Object(Closure))
#37 C:/Users/Namara saleem/Documents/Codex/2026-08-16/jh/ztams/vendor/laravel/framework/src/Illuminate/Http/Middleware/ValidatePostSize.php(27): Illuminate/Pipeline/Pipeline->Illuminate/Pipeline/{closure}(Object(Illuminate/Http/Request))
#38 C:/Users/Namara saleem/Documents/Codex/2026-08-16/jh/ztams/vendor/laravel/framework/src/Illuminate/Pipeline/Pipeline.php(209): Illuminate/Http/Middleware/ValidatePostSize->handle(Object(Illuminate/Http/Request), Object(Closure))
#39 C:/Users/Namara saleem/Documents/Codex/2026-08-16/jh/ztams/vendor/laravel/framework/src/Illuminate/Foundation/Http/Middleware/PreventRequestsDuringMaintenance.php(110): Illuminate/Pipeline/Pipeline->Illuminate/Pipeline/{closure}(Object(Illuminate/Http/Request))
#40 C:/Users/Namara saleem/Documents/Codex/2026-08-16/jh/ztams/vendor/laravel/framework/src/Illuminate/Pipeline/Pipeline.php(209): Illuminate/Foundation/Http/Middleware/PreventRequestsDuringMaintenance->handle(Object(Illuminate/Http/Request), Object(Closure))
#41 C:/Users/Namara saleem/Documents/Codex/2026-08-16/jh/ztams/vendor/laravel/framework/src/Illuminate/Http/Middleware/HandleCors.php(49): Illuminate/Pipeline/Pipeline->Illuminate/Pipeline/{closure}(Object(Illuminate/Http/Request))
#42 C:/Users/Namara saleem/Documents/Codex/2026-08-16/jh/ztams/vendor/laravel/framework/src/Illuminate/Pipeline/Pipeline.php(209): Illuminate/Http/Middleware/HandleCors->handle(Object(Illuminate/Http/Request), Object(Closure))
#43 C:/Users/Namara saleem/Documents/Codex/2026-08-16/jh/ztams/vendor/laravel/framework/src/Illuminate/Http/Middleware/TrustProxies.php(58): Illuminate/Pipeline/Pipeline->Illuminate/Pipeline/{closure}(Object(Illuminate/Http/Request))
#44 C:/Users/Namara saleem/Documents/Codex/2026-08-16/jh/ztams/vendor/laravel/framework/src/Illuminate/Pipeline/Pipeline.php(209): Illuminate/Http/Middleware/TrustProxies->handle(Object(Illuminate/Http/Request), Object(Closure))
#45 C:/Users/Namara saleem/Documents/Codex/2026-08-16/jh/ztams/vendor/laravel/framework/src/Illuminate/Foundation/Http/Middleware/InvokeDeferredCallbacks.php(22): Illuminate/Pipeline/Pipeline->Illuminate/Pipeline/{closure}(Object(Illuminate/Http/Request))
#46 C:/Users/Namara saleem/Documents/Codex/2026-08-16/jh/ztams/vendor/laravel/framework/src/Illuminate/Pipeline/Pipeline.php(209): Illuminate/Foundation/Http/Middleware/InvokeDeferredCallbacks->handle(Object(Illuminate/Http/Request), Object(Closure))
#47 C:/Users/Namara saleem/Documents/Codex/2026-08-16/jh/ztams/vendor/laravel/framework/src/Illuminate/Pipeline/Pipeline.php(127): Illuminate/Pipeline/Pipeline->Illuminate/Pipeline/{closure}(Object(Illuminate/Http/Request))
#48 C:/Users/Namara saleem/Documents/Codex/2026-08-16/jh/ztams/vendor/laravel/framework/src/Illuminate/Foundation/Http/Kernel.php(176): Illuminate/Pipeline/Pipeline->then(Object(Closure))
#49 C:/Users/Namara saleem/Documents/Codex/2026-08-16/jh/ztams/vendor/laravel/framework/src/Illuminate/Foundation/Http/Kernel.php(145): Illuminate/Foundation/Http/Kernel->sendRequestThroughRouter(Object(Illuminate/Http/Request))
#50 C:/Users/Namara saleem/Documents/Codex/2026-08-16/jh/ztams/vendor/laravel/framework/src/Illuminate/Foundation/Application.php(1220): Illuminate/Foundation/Http/Kernel->handle(Object(Illuminate/Http/Request))
#51 C:/Users/Namara saleem/Documents/Codex/2026-08-16/jh/ztams/public/index.php(17): Illuminate/Foundation/Application->handleRequest(Object(Illuminate/Http/Request))
#52 C:/Users/Namara saleem/Documents/Codex/2026-08-16/jh/ztams/vendor/laravel/framework/src/Illuminate/Foundation/resources/server.php(23): require_once('C://Users//Namara...')
#53 {main}

[previous exception] [object] (PDOException(code: 2002): SQLSTATE[HY000] [2002] No connection could be made because the target machine actively refused it at C:/Users/Namara saleem/Documents/Codex/2026-08-16/jh/ztams/vendor/laravel/framework/src/Illuminate/Database/Connectors/Connector.php:66)
[stacktrace]
#0 C:/Users/Namara saleem/Documents/Codex/2026-08-16/jh/ztams/vendor/laravel/framework/src/Illuminate/Database/Connectors/Connector.php(66): PDO->__construct('mysql:host=127....', 'root', Object(SensitiveParameterValue), Array)
#1 C:/Users/Namara saleem/Documents/Codex/2026-08-16/jh/ztams/vendor/laravel/framework/src/Illuminate/Database/Connectors/Connector.php(85): Illuminate/Database/Connectors/Connector->createPdoConnection('mysql:host=127....', 'root', Object(SensitiveParameterValue), Array)
#2 C:/Users/Namara saleem/Documents/Codex/2026-08-16/jh/ztams/vendor/laravel/framework/src/Illuminate/Database/Connectors/Connector.php(48): Illuminate/Database/Connectors/Connector->tryAgainIfCausedByLostConnection(Object(PDOException), 'mysql:host=127....', 'root', Object(SensitiveParameterValue), Array)
#3 C:/Users/Namara saleem/Documents/Codex/2026-08-16/jh/ztams/vendor/laravel/framework/src/Illuminate/Database/Connectors/MySqlConnector.php(24): Illuminate/Database/Connectors/Connector->createConnection('mysql:host=127....', Array, Array)
#4 C:/Users/Namara saleem/Documents/Codex/2026-08-16/jh/ztams/vendor/laravel/framework/src/Illuminate/Database/Connectors/ConnectionFactory.php(185): Illuminate/Database/Connectors/MySqlConnector->connect(Array)
#5 [internal function]: Illuminate/Database/Connectors/ConnectionFactory->Illuminate/Database/Connectors/{closure}()
#6 C:/Users/Namara saleem/Documents/Codex/2026-08-16/jh/ztams/vendor/laravel/framework/src/Illuminate/Database/Connection.php(1231): call_user_func(Object(Closure))
#7 C:/Users/Namara saleem/Documents/Codex/2026-08-16/jh/ztams/vendor/laravel/framework/src/Illuminate/Database/Connection.php(512): Illuminate/Database/Connection->getPdo()
#8 C:/Users/Namara saleem/Documents/Codex/2026-08-16/jh/ztams/vendor/laravel/framework/src/Illuminate/Database/Connection.php(407): Illuminate/Database/Connection->getPdoForSelect(false)
#9 C:/Users/Namara saleem/Documents/Codex/2026-08-16/jh/ztams/vendor/laravel/framework/src/Illuminate/Database/Connection.php(812): Illuminate/Database/Connection->Illuminate/Database/{closure}('select * from `...', Array)
#10 C:/Users/Namara saleem/Documents/Codex/2026-08-16/jh/ztams/vendor/laravel/framework/src/Illuminate/Database/Connection.php(979): Illuminate/Database/Connection->runQueryCallback('select * from `...', Array, Object(Closure))
#11 C:/Users/Namara saleem/Documents/Codex/2026-08-16/jh/ztams/vendor/laravel/framework/src/Illuminate/Database/Connection.php(958): Illuminate/Database/Connection->tryAgainIfCausedByLostConnection(Object(Illuminate/Database/QueryException), 'select * from `...', Array, Object(Closure))
#12 C:/Users/Namara saleem/Documents/Codex/2026-08-16/jh/ztams/vendor/laravel/framework/src/Illuminate/Database/Connection.php(781): Illuminate/Database/Connection->handleQueryException(Object(Illuminate/Database/QueryException), 'select * from `...', Array, Object(Closure))
#13 C:/Users/Namara saleem/Documents/Codex/2026-08-16/jh/ztams/vendor/laravel/framework/src/Illuminate/Database/Connection.php(398): Illuminate/Database/Connection->run('select * from `...', Array, Object(Closure))
#14 C:/Users/Namara saleem/Documents/Codex/2026-08-16/jh/ztams/vendor/laravel/framework/src/Illuminate/Database/Query/Builder.php(3106): Illuminate/Database/Connection->select('select * from `...', Array, false)
#15 C:/Users/Namara saleem/Documents/Codex/2026-08-16/jh/ztams/vendor/laravel/framework/src/Illuminate/Database/Query/Builder.php(3091): Illuminate/Database/Query/Builder->runSelect()
#16 C:/Users/Namara saleem/Documents/Codex/2026-08-16/jh/ztams/vendor/laravel/framework/src/Illuminate/Database/Query/Builder.php(3676): Illuminate/Database/Query/Builder->Illuminate/Database/Query/{closure}()
#17 C:/Users/Namara saleem/Documents/Codex/2026-08-16/jh/ztams/vendor/laravel/framework/src/Illuminate/Database/Query/Builder.php(3090): Illuminate/Database/Query/Builder->onceWithColumns(Array, Object(Closure))
#18 C:/Users/Namara saleem/Documents/Codex/2026-08-16/jh/ztams/vendor/laravel/framework/src/Illuminate/Database/Concerns/BuildsQueries.php(343): Illuminate/Database/Query/Builder->get(Array)
#19 C:/Users/Namara saleem/Documents/Codex/2026-08-16/jh/ztams/vendor/laravel/framework/src/Illuminate/Database/Query/Builder.php(3013): Illuminate/Database/Query/Builder->first(Array)
#20 C:/Users/Namara saleem/Documents/Codex/2026-08-16/jh/ztams/vendor/laravel/framework/src/Illuminate/Session/DatabaseSessionHandler.php(97): Illuminate/Database/Query/Builder->find('V97DhQ9tVYO9pW5...')
#21 C:/Users/Namara saleem/Documents/Codex/2026-08-16/jh/ztams/vendor/laravel/framework/src/Illuminate/Session/Store.php(117): Illuminate/Session/DatabaseSessionHandler->read('V97DhQ9tVYO9pW5...')
#22 C:/Users/Namara saleem/Documents/Codex/2026-08-16/jh/ztams/vendor/laravel/framework/src/Illuminate/Session/Store.php(105): Illuminate/Session/Store->readFromHandler()
#23 C:/Users/Namara saleem/Documents/Codex/2026-08-16/jh/ztams/vendor/laravel/framework/src/Illuminate/Session/Store.php(89): Illuminate/Session/Store->loadSession()
#24 C:/Users/Namara saleem/Documents/Codex/2026-08-16/jh/ztams/vendor/laravel/framework/src/Illuminate/Session/Middleware/StartSession.php(147): Illuminate/Session/Store->start()
#25 C:/Users/Namara saleem/Documents/Codex/2026-08-16/jh/ztams/vendor/laravel/framework/src/Illuminate/Support/helpers.php(399): Illuminate/Session/Middleware/StartSession->Illuminate/Session/Middleware/{closure}(Object(Illuminate/Session/Store))
#26 C:/Users/Namara saleem/Documents/Codex/2026-08-16/jh/ztams/vendor/laravel/framework/src/Illuminate/Session/Middleware/StartSession.php(144): tap(Object(Illuminate/Session/Store), Object(Closure))
#27 C:/Users/Namara saleem/Documents/Codex/2026-08-16/jh/ztams/vendor/laravel/framework/src/Illuminate/Session/Middleware/StartSession.php(116): Illuminate/Session/Middleware/StartSession->startSession(Object(Illuminate/Http/Request), Object(Illuminate/Session/Store))
#28 C:/Users/Namara saleem/Documents/Codex/2026-08-16/jh/ztams/vendor/laravel/framework/src/Illuminate/Session/Middleware/StartSession.php(64): Illuminate/Session/Middleware/StartSession->handleStatefulRequest(Object(Illuminate/Http/Request), Object(Illuminate/Session/Store), Object(Closure))
#29 C:/Users/Namara saleem/Documents/Codex/2026-08-16/jh/ztams/vendor/laravel/framework/src/Illuminate/Pipeline/Pipeline.php(209): Illuminate/Session/Middleware/StartSession->handle(Object(Illuminate/Http/Request), Object(Closure))
#30 C:/Users/Namara saleem/Documents/Codex/2026-08-16/jh/ztams/vendor/laravel/framework/src/Illuminate/Cookie/Middleware/AddQueuedCookiesToResponse.php(37): Illuminate/Pipeline/Pipeline->Illuminate/Pipeline/{closure}(Object(Illuminate/Http/Request))
#31 C:/Users/Namara saleem/Documents/Codex/2026-08-16/jh/ztams/vendor/laravel/framework/src/Illuminate/Pipeline/Pipeline.php(209): Illuminate/Cookie/Middleware/AddQueuedCookiesToResponse->handle(Object(Illuminate/Http/Request), Object(Closure))
#32 C:/Users/Namara saleem/Documents/Codex/2026-08-16/jh/ztams/vendor/laravel/framework/src/Illuminate/Cookie/Middleware/EncryptCookies.php(75): Illuminate/Pipeline/Pipeline->Illuminate/Pipeline/{closure}(Object(Illuminate/Http/Request))
#33 C:/Users/Namara saleem/Documents/Codex/2026-08-16/jh/ztams/vendor/laravel/framework/src/Illuminate/Pipeline/Pipeline.php(209): Illuminate/Cookie/Middleware/EncryptCookies->handle(Object(Illuminate/Http/Request), Object(Closure))
#34 C:/Users/Namara saleem/Documents/Codex/2026-08-16/jh/ztams/vendor/laravel/framework/src/Illuminate/Pipeline/Pipeline.php(127): Illuminate/Pipeline/Pipeline->Illuminate/Pipeline/{closure}(Object(Illuminate/Http/Request))
#35 C:/Users/Namara saleem/Documents/Codex/2026-08-16/jh/ztams/vendor/laravel/framework/src/Illuminate/Routing/Router.php(807): Illuminate/Pipeline/Pipeline->then(Object(Closure))
#36 C:/Users/Namara saleem/Documents/Codex/2026-08-16/jh/ztams/vendor/laravel/framework/src/Illuminate/Routing/Router.php(786): Illuminate/Routing/Router->runRouteWithinStack(Object(Illuminate/Routing/Route), Object(Illuminate/Http/Request))
#37 C:/Users/Namara saleem/Documents/Codex/2026-08-16/jh/ztams/vendor/laravel/framework/src/Illuminate/Routing/Router.php(750): Illuminate/Routing/Router->runRoute(Object(Illuminate/Http/Request), Object(Illuminate/Routing/Route))
#38 C:/Users/Namara saleem/Documents/Codex/2026-08-16/jh/ztams/vendor/laravel/framework/src/Illuminate/Routing/Router.php(739): Illuminate/Routing/Router->dispatchToRoute(Object(Illuminate/Http/Request))
#39 C:/Users/Namara saleem/Documents/Codex/2026-08-16/jh/ztams/vendor/laravel/framework/src/Illuminate/Foundation/Http/Kernel.php(201): Illuminate/Routing/Router->dispatch(Object(Illuminate/Http/Request))
#40 C:/Users/Namara saleem/Documents/Codex/2026-08-16/jh/ztams/vendor/laravel/framework/src/Illuminate/Pipeline/Pipeline.php(170): Illuminate/Foundation/Http/Kernel->Illuminate/Foundation/Http/{closure}(Object(Illuminate/Http/Request))
#41 C:/Users/Namara saleem/Documents/Codex/2026-08-16/jh/ztams/vendor/laravel/framework/src/Illuminate/Foundation/Http/Middleware/TransformsRequest.php(21): Illuminate/Pipeline/Pipeline->Illuminate/Pipeline/{closure}(Object(Illuminate/Http/Request))
#42 C:/Users/Namara saleem/Documents/Codex/2026-08-16/jh/ztams/vendor/laravel/framework/src/Illuminate/Foundation/Http/Middleware/ConvertEmptyStringsToNull.php(31): Illuminate/Foundation/Http/Middleware/TransformsRequest->handle(Object(Illuminate/Http/Request), Object(Closure))
#43 C:/Users/Namara saleem/Documents/Codex/2026-08-16/jh/ztams/vendor/laravel/framework/src/Illuminate/Pipeline/Pipeline.php(209): Illuminate/Foundation/Http/Middleware/ConvertEmptyStringsToNull->handle(Object(Illuminate/Http/Request), Object(Closure))
#44 C:/Users/Namara saleem/Documents/Codex/2026-08-16/jh/ztams/vendor/laravel/framework/src/Illuminate/Foundation/Http/Middleware/TransformsRequest.php(21): Illuminate/Pipeline/Pipeline->Illuminate/Pipeline/{closure}(Object(Illuminate/Http/Request))
#45 C:/Users/Namara saleem/Documents/Codex/2026-08-16/jh/ztams/vendor/laravel/framework/src/Illuminate/Foundation/Http/Middleware/TrimStrings.php(51): Illuminate/Foundation/Http/Middleware/TransformsRequest->handle(Object(Illuminate/Http/Request), Object(Closure))
#46 C:/Users/Namara saleem/Documents/Codex/2026-08-16/jh/ztams/vendor/laravel/framework/src/Illuminate/Pipeline/Pipeline.php(209): Illuminate/Foundation/Http/Middleware/TrimStrings->handle(Object(Illuminate/Http/Request), Object(Closure))
#47 C:/Users/Namara saleem/Documents/Codex/2026-08-16/jh/ztams/vendor/laravel/framework/src/Illuminate/Http/Middleware/ValidatePostSize.php(27): Illuminate/Pipeline/Pipeline->Illuminate/Pipeline/{closure}(Object(Illuminate/Http/Request))
#48 C:/Users/Namara saleem/Documents/Codex/2026-08-16/jh/ztams/vendor/laravel/framework/src/Illuminate/Pipeline/Pipeline.php(209): Illuminate/Http/Middleware/ValidatePostSize->handle(Object(Illuminate/Http/Request), Object(Closure))
#49 C:/Users/Namara saleem/Documents/Codex/2026-08-16/jh/ztams/vendor/laravel/framework/src/Illuminate/Foundation/Http/Middleware/PreventRequestsDuringMaintenance.php(110): Illuminate/Pipeline/Pipeline->Illuminate/Pipeline/{closure}(Object(Illuminate/Http/Request))
#50 C:/Users/Namara saleem/Documents/Codex/2026-08-16/jh/ztams/vendor/laravel/framework/src/Illuminate/Pipeline/Pipeline.php(209): Illuminate/Foundation/Http/Middleware/PreventRequestsDuringMaintenance->handle(Object(Illuminate/Http/Request), Object(Closure))
#51 C:/Users/Namara saleem/Documents/Codex/2026-08-16/jh/ztams/vendor/laravel/framework/src/Illuminate/Http/Middleware/HandleCors.php(49): Illuminate/Pipeline/Pipeline->Illuminate/Pipeline/{closure}(Object(Illuminate/Http/Request))
#52 C:/Users/Namara saleem/Documents/Codex/2026-08-16/jh/ztams/vendor/laravel/framework/src/Illuminate/Pipeline/Pipeline.php(209): Illuminate/Http/Middleware/HandleCors->handle(Object(Illuminate/Http/Request), Object(Closure))
#53 C:/Users/Namara saleem/Documents/Codex/2026-08-16/jh/ztams/vendor/laravel/framework/src/Illuminate/Http/Middleware/TrustProxies.php(58): Illuminate/Pipeline/Pipeline->Illuminate/Pipeline/{closure}(Object(Illuminate/Http/Request))
#54 C:/Users/Namara saleem/Documents/Codex/2026-08-16/jh/ztams/vendor/laravel/framework/src/Illuminate/Pipeline/Pipeline.php(209): Illuminate/Http/Middleware/TrustProxies->handle(Object(Illuminate/Http/Request), Object(Closure))
#55 C:/Users/Namara saleem/Documents/Codex/2026-08-16/jh/ztams/vendor/laravel/framework/src/Illuminate/Foundation/Http/Middleware/InvokeDeferredCallbacks.php(22): Illuminate/Pipeline/Pipeline->Illuminate/Pipeline/{closure}(Object(Illuminate/Http/Request))
#56 C:/Users/Namara saleem/Documents/Codex/2026-08-16/jh/ztams/vendor/laravel/framework/src/Illuminate/Pipeline/Pipeline.php(209): Illuminate/Foundation/Http/Middleware/InvokeDeferredCallbacks->handle(Object(Illuminate/Http/Request), Object(Closure))
#57 C:/Users/Namara saleem/Documents/Codex/2026-08-16/jh/ztams/vendor/laravel/framework/src/Illuminate/Pipeline/Pipeline.php(127): Illuminate/Pipeline/Pipeline->Illuminate/Pipeline/{closure}(Object(Illuminate/Http/Request))
#58 C:/Users/Namara saleem/Documents/Codex/2026-08-16/jh/ztams/vendor/laravel/framework/src/Illuminate/Foundation/Http/Kernel.php(176): Illuminate/Pipeline/Pipeline->then(Object(Closure))
#59 C:/Users/Namara saleem/Documents/Codex/2026-08-16/jh/ztams/vendor/laravel/framework/src/Illuminate/Foundation/Http/Kernel.php(145): Illuminate/Foundation/Http/Kernel->sendRequestThroughRouter(Object(Illuminate/Http/Request))
#60 C:/Users/Namara saleem/Documents/Codex/2026-08-16/jh/ztams/vendor/laravel/framework/src/Illuminate/Foundation/Application.php(1220): Illuminate/Foundation/Http/Kernel->handle(Object(Illuminate/Http/Request))
#61 C:/Users/Namara saleem/Documents/Codex/2026-08-16/jh/ztams/public/index.php(17): Illuminate/Foundation/Application->handleRequest(Object(Illuminate/Http/Request))
#62 C:/Users/Namara saleem/Documents/Codex/2026-08-16/jh/ztams/vendor/laravel/framework/src/Illuminate/Foundation/resources/server.php(23): require_once('C://Users//Namara...')
#63 {main}
"} 
[2026-08-19 00:51:18] local.ERROR: SQLSTATE[HY000] [2002] No connection could be made because the target machine actively refused it (Connection: mysql, SQL: select * from `sessions` where `id` = V97DhQ9tVYO9pW5GwxUR1kZVffm7z7bc6T3D6F3y limit 1) {"exception":"[object] (Illuminate\\Database\\QueryException(code: 2002): SQLSTATE[HY000] [2002] No connection could be made because the target machine actively refused it (Connection: mysql, SQL: select * from `sessions` where `id` = V97DhQ9tVYO9pW5GwxUR1kZVffm7z7bc6T3D6F3y limit 1) at C:/Users/Namara saleem/Documents/Codex/2026-08-16/jh/ztams/vendor/laravel/framework/src/Illuminate/Database/Connection.php:825)
[stacktrace]
#0 C:/Users/Namara saleem/Documents/Codex/2026-08-16/jh/ztams/vendor/laravel/framework/src/Illuminate/Database/Connection.php(979): Illuminate/Database/Connection->runQueryCallback('select * from `...', Array, Object(Closure))
#1 C:/Users/Namara saleem/Documents/Codex/2026-08-16/jh/ztams/vendor/laravel/framework/src/Illuminate/Database/Connection.php(958): Illuminate/Database/Connection->tryAgainIfCausedByLostConnection(Object(Illuminate/Database/QueryException), 'select * from `...', Array, Object(Closure))
#2 C:/Users/Namara saleem/Documents/Codex/2026-08-16/jh/ztams/vendor/laravel/framework/src/Illuminate/Database/Connection.php(781): Illuminate/Database/Connection->handleQueryException(Object(Illuminate/Database/QueryException), 'select * from `...', Array, Object(Closure))
#3 C:/Users/Namara saleem/Documents/Codex/2026-08-16/jh/ztams/vendor/laravel/framework/src/Illuminate/Database/Connection.php(398): Illuminate/Database/Connection->run('select * from `...', Array, Object(Closure))
#4 C:/Users/Namara saleem/Documents/Codex/2026-08-16/jh/ztams/vendor/laravel/framework/src/Illuminate/Database/Query/Builder.php(3106): Illuminate/Database/Connection->select('select * from `...', Array, false)
#5 C:/Users/Namara saleem/Documents/Codex/2026-08-16/jh/ztams/vendor/laravel/framework/src/Illuminate/Database/Query/Builder.php(3091): Illuminate/Database/Query/Builder->runSelect()
#6 C:/Users/Namara saleem/Documents/Codex/2026-08-16/jh/ztams/vendor/laravel/framework/src/Illuminate/Database/Query/Builder.php(3676): Illuminate/Database/Query/Builder->Illuminate/Database/Query/{closure}()
#7 C:/Users/Namara saleem/Documents/Codex/2026-08-16/jh/ztams/vendor/laravel/framework/src/Illuminate/Database/Query/Builder.php(3090): Illuminate/Database/Query/Builder->onceWithColumns(Array, Object(Closure))
#8 C:/Users/Namara saleem/Documents/Codex/2026-08-16/jh/ztams/vendor/laravel/framework/src/Illuminate/Database/Concerns/BuildsQueries.php(343): Illuminate/Database/Query/Builder->get(Array)
#9 C:/Users/Namara saleem/Documents/Codex/2026-08-16/jh/ztams/vendor/laravel/framework/src/Illuminate/Database/Query/Builder.php(3013): Illuminate/Database/Query/Builder->first(Array)
#10 C:/Users/Namara saleem/Documents/Codex/2026-08-16/jh/ztams/vendor/laravel/framework/src/Illuminate/Session/DatabaseSessionHandler.php(97): Illuminate/Database/Query/Builder->find('V97DhQ9tVYO9pW5...')
#11 C:/Users/Namara saleem/Documents/Codex/2026-08-16/jh/ztams/vendor/laravel/framework/src/Illuminate/Session/Store.php(117): Illuminate/Session/DatabaseSessionHandler->read('V97DhQ9tVYO9pW5...')
#12 C:/Users/Namara saleem/Documents/Codex/2026-08-16/jh/ztams/vendor/laravel/framework/src/Illuminate/Session/Store.php(105): Illuminate/Session/Store->readFromHandler()
#13 C:/Users/Namara saleem/Documents/Codex/2026-08-16/jh/ztams/vendor/laravel/framework/src/Illuminate/Session/Store.php(89): Illuminate/Session/Store->loadSession()
#14 C:/Users/Namara saleem/Documents/Codex/2026-08-16/jh/ztams/vendor/laravel/framework/src/Illuminate/Session/Middleware/StartSession.php(147): Illuminate/Session/Store->start()
#15 C:/Users/Namara saleem/Documents/Codex/2026-08-16/jh/ztams/vendor/laravel/framework/src/Illuminate/Support/helpers.php(399): Illuminate/Session/Middleware/StartSession->Illuminate/Session/Middleware/{closure}(Object(Illuminate/Session/Store))
#16 C:/Users/Namara saleem/Documents/Codex/2026-08-16/jh/ztams/vendor/laravel/framework/src/Illuminate/Session/Middleware/StartSession.php(144): tap(Object(Illuminate/Session/Store), Object(Closure))
#17 C:/Users/Namara saleem/Documents/Codex/2026-08-16/jh/ztams/vendor/laravel/framework/src/Illuminate/Session/Middleware/StartSession.php(116): Illuminate/Session/Middleware/StartSession->startSession(Object(Illuminate/Http/Request), Object(Illuminate/Session/Store))
#18 C:/Users/Namara saleem/Documents/Codex/2026-08-16/jh/ztams/vendor/laravel/framework/src/Illuminate/Session/Middleware/StartSession.php(64): Illuminate/Session/Middleware/StartSession->handleStatefulRequest(Object(Illuminate/Http/Request), Object(Illuminate/Session/Store), Object(Closure))
#19 C:/Users/Namara saleem/Documents/Codex/2026-08-16/jh/ztams/vendor/laravel/framework/src/Illuminate/Pipeline/Pipeline.php(209): Illuminate/Session/Middleware/StartSession->handle(Object(Illuminate/Http/Request), Object(Closure))
#20 C:/Users/Namara saleem/Documents/Codex/2026-08-16/jh/ztams/vendor/laravel/framework/src/Illuminate/Cookie/Middleware/AddQueuedCookiesToResponse.php(37): Illuminate/Pipeline/Pipeline->Illuminate/Pipeline/{closure}(Object(Illuminate/Http/Request))
#21 C:/Users/Namara saleem/Documents/Codex/2026-08-16/jh/ztams/vendor/laravel/framework/src/Illuminate/Pipeline/Pipeline.php(209): Illuminate/Cookie/Middleware/AddQueuedCookiesToResponse->handle(Object(Illuminate/Http/Request), Object(Closure))
#22 C:/Users/Namara saleem/Documents/Codex/2026-08-16/jh/ztams/vendor/laravel/framework/src/Illuminate/Cookie/Middleware/EncryptCookies.php(75): Illuminate/Pipeline/Pipeline->Illuminate/Pipeline/{closure}(Object(Illuminate/Http/Request))
#23 C:/Users/Namara saleem/Documents/Codex/2026-08-16/jh/ztams/vendor/laravel/framework/src/Illuminate/Pipeline/Pipeline.php(209): Illuminate/Cookie/Middleware/EncryptCookies->handle(Object(Illuminate/Http/Request), Object(Closure))
#24 C:/Users/Namara saleem/Documents/Codex/2026-08-16/jh/ztams/vendor/laravel/framework/src/Illuminate/Pipeline/Pipeline.php(127): Illuminate/Pipeline/Pipeline->Illuminate/Pipeline/{closure}(Object(Illuminate/Http/Request))
#25 C:/Users/Namara saleem/Documents/Codex/2026-08-16/jh/ztams/vendor/laravel/framework/src/Illuminate/Routing/Router.php(807): Illuminate/Pipeline/Pipeline->then(Object(Closure))
#26 C:/Users/Namara saleem/Documents/Codex/2026-08-16/jh/ztams/vendor/laravel/framework/src/Illuminate/Routing/Router.php(786): Illuminate/Routing/Router->runRouteWithinStack(Object(Illuminate/Routing/Route), Object(Illuminate/Http/Request))
#27 C:/Users/Namara saleem/Documents/Codex/2026-08-16/jh/ztams/vendor/laravel/framework/src/Illuminate/Routing/Router.php(750): Illuminate/Routing/Router->runRoute(Object(Illuminate/Http/Request), Object(Illuminate/Routing/Route))
#28 C:/Users/Namara saleem/Documents/Codex/2026-08-16/jh/ztams/vendor/laravel/framework/src/Illuminate/Routing/Router.php(739): Illuminate/Routing/Router->dispatchToRoute(Object(Illuminate/Http/Request))
#29 C:/Users/Namara saleem/Documents/Codex/2026-08-16/jh/ztams/vendor/laravel/framework/src/Illuminate/Foundation/Http/Kernel.php(201): Illuminate/Routing/Router->dispatch(Object(Illuminate/Http/Request))
#30 C:/Users/Namara saleem/Documents/Codex/2026-08-16/jh/ztams/vendor/laravel/framework/src/Illuminate/Pipeline/Pipeline.php(170): Illuminate/Foundation/Http/Kernel->Illuminate/Foundation/Http/{closure}(Object(Illuminate/Http/Request))
#31 C:/Users/Namara saleem/Documents/Codex/2026-08-16/jh/ztams/vendor/laravel/framework/src/Illuminate/Foundation/Http/Middleware/TransformsRequest.php(21): Illuminate/Pipeline/Pipeline->Illuminate/Pipeline/{closure}(Object(Illuminate/Http/Request))
#32 C:/Users/Namara saleem/Documents/Codex/2026-08-16/jh/ztams/vendor/laravel/framework/src/Illuminate/Foundation/Http/Middleware/ConvertEmptyStringsToNull.php(31): Illuminate/Foundation/Http/Middleware/TransformsRequest->handle(Object(Illuminate/Http/Request), Object(Closure))
#33 C:/Users/Namara saleem/Documents/Codex/2026-08-16/jh/ztams/vendor/laravel/framework/src/Illuminate/Pipeline/Pipeline.php(209): Illuminate/Foundation/Http/Middleware/ConvertEmptyStringsToNull->handle(Object(Illuminate/Http/Request), Object(Closure))
#34 C:/Users/Namara saleem/Documents/Codex/2026-08-16/jh/ztams/vendor/laravel/framework/src/Illuminate/Foundation/Http/Middleware/TransformsRequest.php(21): Illuminate/Pipeline/Pipeline->Illuminate/Pipeline/{closure}(Object(Illuminate/Http/Request))
#35 C:/Users/Namara saleem/Documents/Codex/2026-08-16/jh/ztams/vendor/laravel/framework/src/Illuminate/Foundation/Http/Middleware/TrimStrings.php(51): Illuminate/Foundation/Http/Middleware/TransformsRequest->handle(Object(Illuminate/Http/Request), Object(Closure))
#36 C:/Users/Namara saleem/Documents/Codex/2026-08-16/jh/ztams/vendor/laravel/framework/src/Illuminate/Pipeline/Pipeline.php(209): Illuminate/Foundation/Http/Middleware/TrimStrings->handle(Object(Illuminate/Http/Request), Object(Closure))
#37 C:/Users/Namara saleem/Documents/Codex/2026-08-16/jh/ztams/vendor/laravel/framework/src/Illuminate/Http/Middleware/ValidatePostSize.php(27): Illuminate/Pipeline/Pipeline->Illuminate/Pipeline/{closure}(Object(Illuminate/Http/Request))
#38 C:/Users/Namara saleem/Documents/Codex/2026-08-16/jh/ztams/vendor/laravel/framework/src/Illuminate/Pipeline/Pipeline.php(209): Illuminate/Http/Middleware/ValidatePostSize->handle(Object(Illuminate/Http/Request), Object(Closure))
#39 C:/Users/Namara saleem/Documents/Codex/2026-08-16/jh/ztams/vendor/laravel/framework/src/Illuminate/Foundation/Http/Middleware/PreventRequestsDuringMaintenance.php(110): Illuminate/Pipeline/Pipeline->Illuminate/Pipeline/{closure}(Object(Illuminate/Http/Request))
#40 C:/Users/Namara saleem/Documents/Codex/2026-08-16/jh/ztams/vendor/laravel/framework/src/Illuminate/Pipeline/Pipeline.php(209): Illuminate/Foundation/Http/Middleware/PreventRequestsDuringMaintenance->handle(Object(Illuminate/Http/Request), Object(Closure))
#41 C:/Users/Namara saleem/Documents/Codex/2026-08-16/jh/ztams/vendor/laravel/framework/src/Illuminate/Http/Middleware/HandleCors.php(49): Illuminate/Pipeline/Pipeline->Illuminate/Pipeline/{closure}(Object(Illuminate/Http/Request))
#42 C:/Users/Namara saleem/Documents/Codex/2026-08-16/jh/ztams/vendor/laravel/framework/src/Illuminate/Pipeline/Pipeline.php(209): Illuminate/Http/Middleware/HandleCors->handle(Object(Illuminate/Http/Request), Object(Closure))
#43 C:/Users/Namara saleem/Documents/Codex/2026-08-16/jh/ztams/vendor/laravel/framework/src/Illuminate/Http/Middleware/TrustProxies.php(58): Illuminate/Pipeline/Pipeline->Illuminate/Pipeline/{closure}(Object(Illuminate/Http/Request))
#44 C:/Users/Namara saleem/Documents/Codex/2026-08-16/jh/ztams/vendor/laravel/framework/src/Illuminate/Pipeline/Pipeline.php(209): Illuminate/Http/Middleware/TrustProxies->handle(Object(Illuminate/Http/Request), Object(Closure))
#45 C:/Users/Namara saleem/Documents/Codex/2026-08-16/jh/ztams/vendor/laravel/framework/src/Illuminate/Foundation/Http/Middleware/InvokeDeferredCallbacks.php(22): Illuminate/Pipeline/Pipeline->Illuminate/Pipeline/{closure}(Object(Illuminate/Http/Request))
#46 C:/Users/Namara saleem/Documents/Codex/2026-08-16/jh/ztams/vendor/laravel/framework/src/Illuminate/Pipeline/Pipeline.php(209): Illuminate/Foundation/Http/Middleware/InvokeDeferredCallbacks->handle(Object(Illuminate/Http/Request), Object(Closure))
#47 C:/Users/Namara saleem/Documents/Codex/2026-08-16/jh/ztams/vendor/laravel/framework/src/Illuminate/Pipeline/Pipeline.php(127): Illuminate/Pipeline/Pipeline->Illuminate/Pipeline/{closure}(Object(Illuminate/Http/Request))
#48 C:/Users/Namara saleem/Documents/Codex/2026-08-16/jh/ztams/vendor/laravel/framework/src/Illuminate/Foundation/Http/Kernel.php(176): Illuminate/Pipeline/Pipeline->then(Object(Closure))
#49 C:/Users/Namara saleem/Documents/Codex/2026-08-16/jh/ztams/vendor/laravel/framework/src/Illuminate/Foundation/Http/Kernel.php(145): Illuminate/Foundation/Http/Kernel->sendRequestThroughRouter(Object(Illuminate/Http/Request))
#50 C:/Users/Namara saleem/Documents/Codex/2026-08-16/jh/ztams/vendor/laravel/framework/src/Illuminate/Foundation/Application.php(1220): Illuminate/Foundation/Http/Kernel->handle(Object(Illuminate/Http/Request))
#51 C:/Users/Namara saleem/Documents/Codex/2026-08-16/jh/ztams/public/index.php(17): Illuminate/Foundation/Application->handleRequest(Object(Illuminate/Http/Request))
#52 C:/Users/Namara saleem/Documents/Codex/2026-08-16/jh/ztams/vendor/laravel/framework/src/Illuminate/Foundation/resources/server.php(23): require_once('C://Users//Namara...')
#53 {main}

[previous exception] [object] (PDOException(code: 2002): SQLSTATE[HY000] [2002] No connection could be made because the target machine actively refused it at C:/Users/Namara saleem/Documents/Codex/2026-08-16/jh/ztams/vendor/laravel/framework/src/Illuminate/Database/Connectors/Connector.php:66)
[stacktrace]
#0 C:/Users/Namara saleem/Documents/Codex/2026-08-16/jh/ztams/vendor/laravel/framework/src/Illuminate/Database/Connectors/Connector.php(66): PDO->__construct('mysql:host=127....', 'root', Object(SensitiveParameterValue), Array)
#1 C:/Users/Namara saleem/Documents/Codex/2026-08-16/jh/ztams/vendor/laravel/framework/src/Illuminate/Database/Connectors/Connector.php(85): Illuminate/Database/Connectors/Connector->createPdoConnection('mysql:host=127....', 'root', Object(SensitiveParameterValue), Array)
#2 C:/Users/Namara saleem/Documents/Codex/2026-08-16/jh/ztams/vendor/laravel/framework/src/Illuminate/Database/Connectors/Connector.php(48): Illuminate/Database/Connectors/Connector->tryAgainIfCausedByLostConnection(Object(PDOException), 'mysql:host=127....', 'root', Object(SensitiveParameterValue), Array)
#3 C:/Users/Namara saleem/Documents/Codex/2026-08-16/jh/ztams/vendor/laravel/framework/src/Illuminate/Database/Connectors/MySqlConnector.php(24): Illuminate/Database/Connectors/Connector->createConnection('mysql:host=127....', Array, Array)
#4 C:/Users/Namara saleem/Documents/Codex/2026-08-16/jh/ztams/vendor/laravel/framework/src/Illuminate/Database/Connectors/ConnectionFactory.php(185): Illuminate/Database/Connectors/MySqlConnector->connect(Array)
#5 [internal function]: Illuminate/Database/Connectors/ConnectionFactory->Illuminate/Database/Connectors/{closure}()
#6 C:/Users/Namara saleem/Documents/Codex/2026-08-16/jh/ztams/vendor/laravel/framework/src/Illuminate/Database/Connection.php(1231): call_user_func(Object(Closure))
#7 C:/Users/Namara saleem/Documents/Codex/2026-08-16/jh/ztams/vendor/laravel/framework/src/Illuminate/Database/Connection.php(512): Illuminate/Database/Connection->getPdo()
#8 C:/Users/Namara saleem/Documents/Codex/2026-08-16/jh/ztams/vendor/laravel/framework/src/Illuminate/Database/Connection.php(407): Illuminate/Database/Connection->getPdoForSelect(false)
#9 C:/Users/Namara saleem/Documents/Codex/2026-08-16/jh/ztams/vendor/laravel/framework/src/Illuminate/Database/Connection.php(812): Illuminate/Database/Connection->Illuminate/Database/{closure}('select * from `...', Array)
#10 C:/Users/Namara saleem/Documents/Codex/2026-08-16/jh/ztams/vendor/laravel/framework/src/Illuminate/Database/Connection.php(979): Illuminate/Database/Connection->runQueryCallback('select * from `...', Array, Object(Closure))
#11 C:/Users/Namara saleem/Documents/Codex/2026-08-16/jh/ztams/vendor/laravel/framework/src/Illuminate/Database/Connection.php(958): Illuminate/Database/Connection->tryAgainIfCausedByLostConnection(Object(Illuminate/Database/QueryException), 'select * from `...', Array, Object(Closure))
#12 C:/Users/Namara saleem/Documents/Codex/2026-08-16/jh/ztams/vendor/laravel/framework/src/Illuminate/Database/Connection.php(781): Illuminate/Database/Connection->handleQueryException(Object(Illuminate/Database/QueryException), 'select * from `...', Array, Object(Closure))
#13 C:/Users/Namara saleem/Documents/Codex/2026-08-16/jh/ztams/vendor/laravel/framework/src/Illuminate/Database/Connection.php(398): Illuminate/Database/Connection->run('select * from `...', Array, Object(Closure))
#14 C:/Users/Namara saleem/Documents/Codex/2026-08-16/jh/ztams/vendor/laravel/framework/src/Illuminate/Database/Query/Builder.php(3106): Illuminate/Database/Connection->select('select * from `...', Array, false)
#15 C:/Users/Namara saleem/Documents/Codex/2026-08-16/jh/ztams/vendor/laravel/framework/src/Illuminate/Database/Query/Builder.php(3091): Illuminate/Database/Query/Builder->runSelect()
#16 C:/Users/Namara saleem/Documents/Codex/2026-08-16/jh/ztams/vendor/laravel/framework/src/Illuminate/Database/Query/Builder.php(3676): Illuminate/Database/Query/Builder->Illuminate/Database/Query/{closure}()
#17 C:/Users/Namara saleem/Documents/Codex/2026-08-16/jh/ztams/vendor/laravel/framework/src/Illuminate/Database/Query/Builder.php(3090): Illuminate/Database/Query/Builder->onceWithColumns(Array, Object(Closure))
#18 C:/Users/Namara saleem/Documents/Codex/2026-08-16/jh/ztams/vendor/laravel/framework/src/Illuminate/Database/Concerns/BuildsQueries.php(343): Illuminate/Database/Query/Builder->get(Array)
#19 C:/Users/Namara saleem/Documents/Codex/2026-08-16/jh/ztams/vendor/laravel/framework/src/Illuminate/Database/Query/Builder.php(3013): Illuminate/Database/Query/Builder->first(Array)
#20 C:/Users/Namara saleem/Documents/Codex/2026-08-16/jh/ztams/vendor/laravel/framework/src/Illuminate/Session/DatabaseSessionHandler.php(97): Illuminate/Database/Query/Builder->find('V97DhQ9tVYO9pW5...')
#21 C:/Users/Namara saleem/Documents/Codex/2026-08-16/jh/ztams/vendor/laravel/framework/src/Illuminate/Session/Store.php(117): Illuminate/Session/DatabaseSessionHandler->read('V97DhQ9tVYO9pW5...')
#22 C:/Users/Namara saleem/Documents/Codex/2026-08-16/jh/ztams/vendor/laravel/framework/src/Illuminate/Session/Store.php(105): Illuminate/Session/Store->readFromHandler()
#23 C:/Users/Namara saleem/Documents/Codex/2026-08-16/jh/ztams/vendor/laravel/framework/src/Illuminate/Session/Store.php(89): Illuminate/Session/Store->loadSession()
#24 C:/Users/Namara saleem/Documents/Codex/2026-08-16/jh/ztams/vendor/laravel/framework/src/Illuminate/Session/Middleware/StartSession.php(147): Illuminate/Session/Store->start()
#25 C:/Users/Namara saleem/Documents/Codex/2026-08-16/jh/ztams/vendor/laravel/framework/src/Illuminate/Support/helpers.php(399): Illuminate/Session/Middleware/StartSession->Illuminate/Session/Middleware/{closure}(Object(Illuminate/Session/Store))
#26 C:/Users/Namara saleem/Documents/Codex/2026-08-16/jh/ztams/vendor/laravel/framework/src/Illuminate/Session/Middleware/StartSession.php(144): tap(Object(Illuminate/Session/Store), Object(Closure))
#27 C:/Users/Namara saleem/Documents/Codex/2026-08-16/jh/ztams/vendor/laravel/framework/src/Illuminate/Session/Middleware/StartSession.php(116): Illuminate/Session/Middleware/StartSession->startSession(Object(Illuminate/Http/Request), Object(Illuminate/Session/Store))
#28 C:/Users/Namara saleem/Documents/Codex/2026-08-16/jh/ztams/vendor/laravel/framework/src/Illuminate/Session/Middleware/StartSession.php(64): Illuminate/Session/Middleware/StartSession->handleStatefulRequest(Object(Illuminate/Http/Request), Object(Illuminate/Session/Store), Object(Closure))
#29 C:/Users/Namara saleem/Documents/Codex/2026-08-16/jh/ztams/vendor/laravel/framework/src/Illuminate/Pipeline/Pipeline.php(209): Illuminate/Session/Middleware/StartSession->handle(Object(Illuminate/Http/Request), Object(Closure))
#30 C:/Users/Namara saleem/Documents/Codex/2026-08-16/jh/ztams/vendor/laravel/framework/src/Illuminate/Cookie/Middleware/AddQueuedCookiesToResponse.php(37): Illuminate/Pipeline/Pipeline->Illuminate/Pipeline/{closure}(Object(Illuminate/Http/Request))
#31 C:/Users/Namara saleem/Documents/Codex/2026-08-16/jh/ztams/vendor/laravel/framework/src/Illuminate/Pipeline/Pipeline.php(209): Illuminate/Cookie/Middleware/AddQueuedCookiesToResponse->handle(Object(Illuminate/Http/Request), Object(Closure))
#32 C:/Users/Namara saleem/Documents/Codex/2026-08-16/jh/ztams/vendor/laravel/framework/src/Illuminate/Cookie/Middleware/EncryptCookies.php(75): Illuminate/Pipeline/Pipeline->Illuminate/Pipeline/{closure}(Object(Illuminate/Http/Request))
#33 C:/Users/Namara saleem/Documents/Codex/2026-08-16/jh/ztams/vendor/laravel/framework/src/Illuminate/Pipeline/Pipeline.php(209): Illuminate/Cookie/Middleware/EncryptCookies->handle(Object(Illuminate/Http/Request), Object(Closure))
#34 C:/Users/Namara saleem/Documents/Codex/2026-08-16/jh/ztams/vendor/laravel/framework/src/Illuminate/Pipeline/Pipeline.php(127): Illuminate/Pipeline/Pipeline->Illuminate/Pipeline/{closure}(Object(Illuminate/Http/Request))
#35 C:/Users/Namara saleem/Documents/Codex/2026-08-16/jh/ztams/vendor/laravel/framework/src/Illuminate/Routing/Router.php(807): Illuminate/Pipeline/Pipeline->then(Object(Closure))
#36 C:/Users/Namara saleem/Documents/Codex/2026-08-16/jh/ztams/vendor/laravel/framework/src/Illuminate/Routing/Router.php(786): Illuminate/Routing/Router->runRouteWithinStack(Object(Illuminate/Routing/Route), Object(Illuminate/Http/Request))
#37 C:/Users/Namara saleem/Documents/Codex/2026-08-16/jh/ztams/vendor/laravel/framework/src/Illuminate/Routing/Router.php(750): Illuminate/Routing/Router->runRoute(Object(Illuminate/Http/Request), Object(Illuminate/Routing/Route))
#38 C:/Users/Namara saleem/Documents/Codex/2026-08-16/jh/ztams/vendor/laravel/framework/src/Illuminate/Routing/Router.php(739): Illuminate/Routing/Router->dispatchToRoute(Object(Illuminate/Http/Request))
#39 C:/Users/Namara saleem/Documents/Codex/2026-08-16/jh/ztams/vendor/laravel/framework/src/Illuminate/Foundation/Http/Kernel.php(201): Illuminate/Routing/Router->dispatch(Object(Illuminate/Http/Request))
#40 C:/Users/Namara saleem/Documents/Codex/2026-08-16/jh/ztams/vendor/laravel/framework/src/Illuminate/Pipeline/Pipeline.php(170): Illuminate/Foundation/Http/Kernel->Illuminate/Foundation/Http/{closure}(Object(Illuminate/Http/Request))
#41 C:/Users/Namara saleem/Documents/Codex/2026-08-16/jh/ztams/vendor/laravel/framework/src/Illuminate/Foundation/Http/Middleware/TransformsRequest.php(21): Illuminate/Pipeline/Pipeline->Illuminate/Pipeline/{closure}(Object(Illuminate/Http/Request))
#42 C:/Users/Namara saleem/Documents/Codex/2026-08-16/jh/ztams/vendor/laravel/framework/src/Illuminate/Foundation/Http/Middleware/ConvertEmptyStringsToNull.php(31): Illuminate/Foundation/Http/Middleware/TransformsRequest->handle(Object(Illuminate/Http/Request), Object(Closure))
#43 C:/Users/Namara saleem/Documents/Codex/2026-08-16/jh/ztams/vendor/laravel/framework/src/Illuminate/Pipeline/Pipeline.php(209): Illuminate/Foundation/Http/Middleware/ConvertEmptyStringsToNull->handle(Object(Illuminate/Http/Request), Object(Closure))
#44 C:/Users/Namara saleem/Documents/Codex/2026-08-16/jh/ztams/vendor/laravel/framework/src/Illuminate/Foundation/Http/Middleware/TransformsRequest.php(21): Illuminate/Pipeline/Pipeline->Illuminate/Pipeline/{closure}(Object(Illuminate/Http/Request))
#45 C:/Users/Namara saleem/Documents/Codex/2026-08-16/jh/ztams/vendor/laravel/framework/src/Illuminate/Foundation/Http/Middleware/TrimStrings.php(51): Illuminate/Foundation/Http/Middleware/TransformsRequest->handle(Object(Illuminate/Http/Request), Object(Closure))
#46 C:/Users/Namara saleem/Documents/Codex/2026-08-16/jh/ztams/vendor/laravel/framework/src/Illuminate/Pipeline/Pipeline.php(209): Illuminate/Foundation/Http/Middleware/TrimStrings->handle(Object(Illuminate/Http/Request), Object(Closure))
#47 C:/Users/Namara saleem/Documents/Codex/2026-08-16/jh/ztams/vendor/laravel/framework/src/Illuminate/Http/Middleware/ValidatePostSize.php(27): Illuminate/Pipeline/Pipeline->Illuminate/Pipeline/{closure}(Object(Illuminate/Http/Request))
#48 C:/Users/Namara saleem/Documents/Codex/2026-08-16/jh/ztams/vendor/laravel/framework/src/Illuminate/Pipeline/Pipeline.php(209): Illuminate/Http/Middleware/ValidatePostSize->handle(Object(Illuminate/Http/Request), Object(Closure))
#49 C:/Users/Namara saleem/Documents/Codex/2026-08-16/jh/ztams/vendor/laravel/framework/src/Illuminate/Foundation/Http/Middleware/PreventRequestsDuringMaintenance.php(110): Illuminate/Pipeline/Pipeline->Illuminate/Pipeline/{closure}(Object(Illuminate/Http/Request))
#50 C:/Users/Namara saleem/Documents/Codex/2026-08-16/jh/ztams/vendor/laravel/framework/src/Illuminate/Pipeline/Pipeline.php(209): Illuminate/Foundation/Http/Middleware/PreventRequestsDuringMaintenance->handle(Object(Illuminate/Http/Request), Object(Closure))
#51 C:/Users/Namara saleem/Documents/Codex/2026-08-16/jh/ztams/vendor/laravel/framework/src/Illuminate/Http/Middleware/HandleCors.php(49): Illuminate/Pipeline/Pipeline->Illuminate/Pipeline/{closure}(Object(Illuminate/Http/Request))
#52 C:/Users/Namara saleem/Documents/Codex/2026-08-16/jh/ztams/vendor/laravel/framework/src/Illuminate/Pipeline/Pipeline.php(209): Illuminate/Http/Middleware/HandleCors->handle(Object(Illuminate/Http/Request), Object(Closure))
#53 C:/Users/Namara saleem/Documents/Codex/2026-08-16/jh/ztams/vendor/laravel/framework/src/Illuminate/Http/Middleware/TrustProxies.php(58): Illuminate/Pipeline/Pipeline->Illuminate/Pipeline/{closure}(Object(Illuminate/Http/Request))
#54 C:/Users/Namara saleem/Documents/Codex/2026-08-16/jh/ztams/vendor/laravel/framework/src/Illuminate/Pipeline/Pipeline.php(209): Illuminate/Http/Middleware/TrustProxies->handle(Object(Illuminate/Http/Request), Object(Closure))
#55 C:/Users/Namara saleem/Documents/Codex/2026-08-16/jh/ztams/vendor/laravel/framework/src/Illuminate/Foundation/Http/Middleware/InvokeDeferredCallbacks.php(22): Illuminate/Pipeline/Pipeline->Illuminate/Pipeline/{closure}(Object(Illuminate/Http/Request))
#56 C:/Users/Namara saleem/Documents/Codex/2026-08-16/jh/ztams/vendor/laravel/framework/src/Illuminate/Pipeline/Pipeline.php(209): Illuminate/Foundation/Http/Middleware/InvokeDeferredCallbacks->handle(Object(Illuminate/Http/Request), Object(Closure))
#57 C:/Users/Namara saleem/Documents/Codex/2026-08-16/jh/ztams/vendor/laravel/framework/src/Illuminate/Pipeline/Pipeline.php(127): Illuminate/Pipeline/Pipeline->Illuminate/Pipeline/{closure}(Object(Illuminate/Http/Request))
#58 C:/Users/Namara saleem/Documents/Codex/2026-08-16/jh/ztams/vendor/laravel/framework/src/Illuminate/Foundation/Http/Kernel.php(176): Illuminate/Pipeline/Pipeline->then(Object(Closure))
#59 C:/Users/Namara saleem/Documents/Codex/2026-08-16/jh/ztams/vendor/laravel/framework/src/Illuminate/Foundation/Http/Kernel.php(145): Illuminate/Foundation/Http/Kernel->sendRequestThroughRouter(Object(Illuminate/Http/Request))
#60 C:/Users/Namara saleem/Documents/Codex/2026-08-16/jh/ztams/vendor/laravel/framework/src/Illuminate/Foundation/Application.php(1220): Illuminate/Foundation/Http/Kernel->handle(Object(Illuminate/Http/Request))
#61 C:/Users/Namara saleem/Documents/Codex/2026-08-16/jh/ztams/public/index.php(17): Illuminate/Foundation/Application->handleRequest(Object(Illuminate/Http/Request))
#62 C:/Users/Namara saleem/Documents/Codex/2026-08-16/jh/ztams/vendor/laravel/framework/src/Illuminate/Foundation/resources/server.php(23): require_once('C://Users//Namara...')
#63 {main}
"} 
[2026-08-20 15:54:35] local.ERROR: SQLSTATE[HY000] [2002] No connection could be made because the target machine actively refused it (Connection: mysql, SQL: select * from `sessions` where `id` = VIjRZvk2JZUB3uTVK9GUXo1CvLNnePGm8yhWC0Co limit 1) {"exception":"[object] (Illuminate\\Database\\QueryException(code: 2002): SQLSTATE[HY000] [2002] No connection could be made because the target machine actively refused it (Connection: mysql, SQL: select * from `sessions` where `id` = VIjRZvk2JZUB3uTVK9GUXo1CvLNnePGm8yhWC0Co limit 1) at C:/Users/Namara saleem/Documents/Codex/2026-08-16/jh/ztams/vendor/laravel/framework/src/Illuminate/Database/Connection.php:825)
[stacktrace]
#0 C:/Users/Namara saleem/Documents/Codex/2026-08-16/jh/ztams/vendor/laravel/framework/src/Illuminate/Database/Connection.php(979): Illuminate/Database/Connection->runQueryCallback('select * from `...', Array, Object(Closure))
#1 C:/Users/Namara saleem/Documents/Codex/2026-08-16/jh/ztams/vendor/laravel/framework/src/Illuminate/Database/Connection.php(958): Illuminate/Database/Connection->tryAgainIfCausedByLostConnection(Object(Illuminate/Database/QueryException), 'select * from `...', Array, Object(Closure))
#2 C:/Users/Namara saleem/Documents/Codex/2026-08-16/jh/ztams/vendor/laravel/framework/src/Illuminate/Database/Connection.php(781): Illuminate/Database/Connection->handleQueryException(Object(Illuminate/Database/QueryException), 'select * from `...', Array, Object(Closure))
#3 C:/Users/Namara saleem/Documents/Codex/2026-08-16/jh/ztams/vendor/laravel/framework/src/Illuminate/Database/Connection.php(398): Illuminate/Database/Connection->run('select * from `...', Array, Object(Closure))
#4 C:/Users/Namara saleem/Documents/Codex/2026-08-16/jh/ztams/vendor/laravel/framework/src/Illuminate/Database/Query/Builder.php(3106): Illuminate/Database/Connection->select('select * from `...', Array, false)
#5 C:/Users/Namara saleem/Documents/Codex/2026-08-16/jh/ztams/vendor/laravel/framework/src/Illuminate/Database/Query/Builder.php(3091): Illuminate/Database/Query/Builder->runSelect()
#6 C:/Users/Namara saleem/Documents/Codex/2026-08-16/jh/ztams/vendor/laravel/framework/src/Illuminate/Database/Query/Builder.php(3676): Illuminate/Database/Query/Builder->Illuminate/Database/Query/{closure}()
#7 C:/Users/Namara saleem/Documents/Codex/2026-08-16/jh/ztams/vendor/laravel/framework/src/Illuminate/Database/Query/Builder.php(3090): Illuminate/Database/Query/Builder->onceWithColumns(Array, Object(Closure))
#8 C:/Users/Namara saleem/Documents/Codex/2026-08-16/jh/ztams/vendor/laravel/framework/src/Illuminate/Database/Concerns/BuildsQueries.php(343): Illuminate/Database/Query/Builder->get(Array)
#9 C:/Users/Namara saleem/Documents/Codex/2026-08-16/jh/ztams/vendor/laravel/framework/src/Illuminate/Database/Query/Builder.php(3013): Illuminate/Database/Query/Builder->first(Array)
#10 C:/Users/Namara saleem/Documents/Codex/2026-08-16/jh/ztams/vendor/laravel/framework/src/Illuminate/Session/DatabaseSessionHandler.php(97): Illuminate/Database/Query/Builder->find('VIjRZvk2JZUB3uT...')
#11 C:/Users/Namara saleem/Documents/Codex/2026-08-16/jh/ztams/vendor/laravel/framework/src/Illuminate/Session/Store.php(117): Illuminate/Session/DatabaseSessionHandler->read('VIjRZvk2JZUB3uT...')
#12 C:/Users/Namara saleem/Documents/Codex/2026-08-16/jh/ztams/vendor/laravel/framework/src/Illuminate/Session/Store.php(105): Illuminate/Session/Store->readFromHandler()
#13 C:/Users/Namara saleem/Documents/Codex/2026-08-16/jh/ztams/vendor/laravel/framework/src/Illuminate/Session/Store.php(89): Illuminate/Session/Store->loadSession()
#14 C:/Users/Namara saleem/Documents/Codex/2026-08-16/jh/ztams/vendor/laravel/framework/src/Illuminate/Session/Middleware/StartSession.php(147): Illuminate/Session/Store->start()
#15 C:/Users/Namara saleem/Documents/Codex/2026-08-16/jh/ztams/vendor/laravel/framework/src/Illuminate/Support/helpers.php(399): Illuminate/Session/Middleware/StartSession->Illuminate/Session/Middleware/{closure}(Object(Illuminate/Session/Store))
#16 C:/Users/Namara saleem/Documents/Codex/2026-08-16/jh/ztams/vendor/laravel/framework/src/Illuminate/Session/Middleware/StartSession.php(144): tap(Object(Illuminate/Session/Store), Object(Closure))
#17 C:/Users/Namara saleem/Documents/Codex/2026-08-16/jh/ztams/vendor/laravel/framework/src/Illuminate/Session/Middleware/StartSession.php(116): Illuminate/Session/Middleware/StartSession->startSession(Object(Illuminate/Http/Request), Object(Illuminate/Session/Store))
#18 C:/Users/Namara saleem/Documents/Codex/2026-08-16/jh/ztams/vendor/laravel/framework/src/Illuminate/Session/Middleware/StartSession.php(64): Illuminate/Session/Middleware/StartSession->handleStatefulRequest(Object(Illuminate/Http/Request), Object(Illuminate/Session/Store), Object(Closure))
#19 C:/Users/Namara saleem/Documents/Codex/2026-08-16/jh/ztams/vendor/laravel/framework/src/Illuminate/Pipeline/Pipeline.php(209): Illuminate/Session/Middleware/StartSession->handle(Object(Illuminate/Http/Request), Object(Closure))
#20 C:/Users/Namara saleem/Documents/Codex/2026-08-16/jh/ztams/vendor/laravel/framework/src/Illuminate/Cookie/Middleware/AddQueuedCookiesToResponse.php(37): Illuminate/Pipeline/Pipeline->Illuminate/Pipeline/{closure}(Object(Illuminate/Http/Request))
#21 C:/Users/Namara saleem/Documents/Codex/2026-08-16/jh/ztams/vendor/laravel/framework/src/Illuminate/Pipeline/Pipeline.php(209): Illuminate/Cookie/Middleware/AddQueuedCookiesToResponse->handle(Object(Illuminate/Http/Request), Object(Closure))
#22 C:/Users/Namara saleem/Documents/Codex/2026-08-16/jh/ztams/vendor/laravel/framework/src/Illuminate/Cookie/Middleware/EncryptCookies.php(75): Illuminate/Pipeline/Pipeline->Illuminate/Pipeline/{closure}(Object(Illuminate/Http/Request))
#23 C:/Users/Namara saleem/Documents/Codex/2026-08-16/jh/ztams/vendor/laravel/framework/src/Illuminate/Pipeline/Pipeline.php(209): Illuminate/Cookie/Middleware/EncryptCookies->handle(Object(Illuminate/Http/Request), Object(Closure))
#24 C:/Users/Namara saleem/Documents/Codex/2026-08-16/jh/ztams/vendor/laravel/framework/src/Illuminate/Pipeline/Pipeline.php(127): Illuminate/Pipeline/Pipeline->Illuminate/Pipeline/{closure}(Object(Illuminate/Http/Request))
#25 C:/Users/Namara saleem/Documents/Codex/2026-08-16/jh/ztams/vendor/laravel/framework/src/Illuminate/Routing/Router.php(807): Illuminate/Pipeline/Pipeline->then(Object(Closure))
#26 C:/Users/Namara saleem/Documents/Codex/2026-08-16/jh/ztams/vendor/laravel/framework/src/Illuminate/Routing/Router.php(786): Illuminate/Routing/Router->runRouteWithinStack(Object(Illuminate/Routing/Route), Object(Illuminate/Http/Request))
#27 C:/Users/Namara saleem/Documents/Codex/2026-08-16/jh/ztams/vendor/laravel/framework/src/Illuminate/Routing/Router.php(750): Illuminate/Routing/Router->runRoute(Object(Illuminate/Http/Request), Object(Illuminate/Routing/Route))
#28 C:/Users/Namara saleem/Documents/Codex/2026-08-16/jh/ztams/vendor/laravel/framework/src/Illuminate/Routing/Router.php(739): Illuminate/Routing/Router->dispatchToRoute(Object(Illuminate/Http/Request))
#29 C:/Users/Namara saleem/Documents/Codex/2026-08-16/jh/ztams/vendor/laravel/framework/src/Illuminate/Foundation/Http/Kernel.php(201): Illuminate/Routing/Router->dispatch(Object(Illuminate/Http/Request))
#30 C:/Users/Namara saleem/Documents/Codex/2026-08-16/jh/ztams/vendor/laravel/framework/src/Illuminate/Pipeline/Pipeline.php(170): Illuminate/Foundation/Http/Kernel->Illuminate/Foundation/Http/{closure}(Object(Illuminate/Http/Request))
#31 C:/Users/Namara saleem/Documents/Codex/2026-08-16/jh/ztams/vendor/laravel/framework/src/Illuminate/Foundation/Http/Middleware/TransformsRequest.php(21): Illuminate/Pipeline/Pipeline->Illuminate/Pipeline/{closure}(Object(Illuminate/Http/Request))
#32 C:/Users/Namara saleem/Documents/Codex/2026-08-16/jh/ztams/vendor/laravel/framework/src/Illuminate/Foundation/Http/Middleware/ConvertEmptyStringsToNull.php(31): Illuminate/Foundation/Http/Middleware/TransformsRequest->handle(Object(Illuminate/Http/Request), Object(Closure))
#33 C:/Users/Namara saleem/Documents/Codex/2026-08-16/jh/ztams/vendor/laravel/framework/src/Illuminate/Pipeline/Pipeline.php(209): Illuminate/Foundation/Http/Middleware/ConvertEmptyStringsToNull->handle(Object(Illuminate/Http/Request), Object(Closure))
#34 C:/Users/Namara saleem/Documents/Codex/2026-08-16/jh/ztams/vendor/laravel/framework/src/Illuminate/Foundation/Http/Middleware/TransformsRequest.php(21): Illuminate/Pipeline/Pipeline->Illuminate/Pipeline/{closure}(Object(Illuminate/Http/Request))
#35 C:/Users/Namara saleem/Documents/Codex/2026-08-16/jh/ztams/vendor/laravel/framework/src/Illuminate/Foundation/Http/Middleware/TrimStrings.php(51): Illuminate/Foundation/Http/Middleware/TransformsRequest->handle(Object(Illuminate/Http/Request), Object(Closure))
#36 C:/Users/Namara saleem/Documents/Codex/2026-08-16/jh/ztams/vendor/laravel/framework/src/Illuminate/Pipeline/Pipeline.php(209): Illuminate/Foundation/Http/Middleware/TrimStrings->handle(Object(Illuminate/Http/Request), Object(Closure))
#37 C:/Users/Namara saleem/Documents/Codex/2026-08-16/jh/ztams/vendor/laravel/framework/src/Illuminate/Http/Middleware/ValidatePostSize.php(27): Illuminate/Pipeline/Pipeline->Illuminate/Pipeline/{closure}(Object(Illuminate/Http/Request))
#38 C:/Users/Namara saleem/Documents/Codex/2026-08-16/jh/ztams/vendor/laravel/framework/src/Illuminate/Pipeline/Pipeline.php(209): Illuminate/Http/Middleware/ValidatePostSize->handle(Object(Illuminate/Http/Request), Object(Closure))
#39 C:/Users/Namara saleem/Documents/Codex/2026-08-16/jh/ztams/vendor/laravel/framework/src/Illuminate/Foundation/Http/Middleware/PreventRequestsDuringMaintenance.php(110): Illuminate/Pipeline/Pipeline->Illuminate/Pipeline/{closure}(Object(Illuminate/Http/Request))
#40 C:/Users/Namara saleem/Documents/Codex/2026-08-16/jh/ztams/vendor/laravel/framework/src/Illuminate/Pipeline/Pipeline.php(209): Illuminate/Foundation/Http/Middleware/PreventRequestsDuringMaintenance->handle(Object(Illuminate/Http/Request), Object(Closure))
#41 C:/Users/Namara saleem/Documents/Codex/2026-08-16/jh/ztams/vendor/laravel/framework/src/Illuminate/Http/Middleware/HandleCors.php(49): Illuminate/Pipeline/Pipeline->Illuminate/Pipeline/{closure}(Object(Illuminate/Http/Request))
#42 C:/Users/Namara saleem/Documents/Codex/2026-08-16/jh/ztams/vendor/laravel/framework/src/Illuminate/Pipeline/Pipeline.php(209): Illuminate/Http/Middleware/HandleCors->handle(Object(Illuminate/Http/Request), Object(Closure))
#43 C:/Users/Namara saleem/Documents/Codex/2026-08-16/jh/ztams/vendor/laravel/framework/src/Illuminate/Http/Middleware/TrustProxies.php(58): Illuminate/Pipeline/Pipeline->Illuminate/Pipeline/{closure}(Object(Illuminate/Http/Request))
#44 C:/Users/Namara saleem/Documents/Codex/2026-08-16/jh/ztams/vendor/laravel/framework/src/Illuminate/Pipeline/Pipeline.php(209): Illuminate/Http/Middleware/TrustProxies->handle(Object(Illuminate/Http/Request), Object(Closure))
#45 C:/Users/Namara saleem/Documents/Codex/2026-08-16/jh/ztams/vendor/laravel/framework/src/Illuminate/Foundation/Http/Middleware/InvokeDeferredCallbacks.php(22): Illuminate/Pipeline/Pipeline->Illuminate/Pipeline/{closure}(Object(Illuminate/Http/Request))
#46 C:/Users/Namara saleem/Documents/Codex/2026-08-16/jh/ztams/vendor/laravel/framework/src/Illuminate/Pipeline/Pipeline.php(209): Illuminate/Foundation/Http/Middleware/InvokeDeferredCallbacks->handle(Object(Illuminate/Http/Request), Object(Closure))
#47 C:/Users/Namara saleem/Documents/Codex/2026-08-16/jh/ztams/vendor/laravel/framework/src/Illuminate/Pipeline/Pipeline.php(127): Illuminate/Pipeline/Pipeline->Illuminate/Pipeline/{closure}(Object(Illuminate/Http/Request))
#48 C:/Users/Namara saleem/Documents/Codex/2026-08-16/jh/ztams/vendor/laravel/framework/src/Illuminate/Foundation/Http/Kernel.php(176): Illuminate/Pipeline/Pipeline->then(Object(Closure))
#49 C:/Users/Namara saleem/Documents/Codex/2026-08-16/jh/ztams/vendor/laravel/framework/src/Illuminate/Foundation/Http/Kernel.php(145): Illuminate/Foundation/Http/Kernel->sendRequestThroughRouter(Object(Illuminate/Http/Request))
#50 C:/Users/Namara saleem/Documents/Codex/2026-08-16/jh/ztams/vendor/laravel/framework/src/Illuminate/Foundation/Application.php(1220): Illuminate/Foundation/Http/Kernel->handle(Object(Illuminate/Http/Request))
#51 C:/Users/Namara saleem/Documents/Codex/2026-08-16/jh/ztams/public/index.php(17): Illuminate/Foundation/Application->handleRequest(Object(Illuminate/Http/Request))
#52 C:/Users/Namara saleem/Documents/Codex/2026-08-16/jh/ztams/vendor/laravel/framework/src/Illuminate/Foundation/resources/server.php(23): require_once('C://Users//Namara...')
#53 {main}

[previous exception] [object] (PDOException(code: 2002): SQLSTATE[HY000] [2002] No connection could be made because the target machine actively refused it at C:/Users/Namara saleem/Documents/Codex/2026-08-16/jh/ztams/vendor/laravel/framework/src/Illuminate/Database/Connectors/Connector.php:66)
[stacktrace]
#0 C:/Users/Namara saleem/Documents/Codex/2026-08-16/jh/ztams/vendor/laravel/framework/src/Illuminate/Database/Connectors/Connector.php(66): PDO->__construct('mysql:host=127....', 'root', Object(SensitiveParameterValue), Array)
#1 C:/Users/Namara saleem/Documents/Codex/2026-08-16/jh/ztams/vendor/laravel/framework/src/Illuminate/Database/Connectors/Connector.php(85): Illuminate/Database/Connectors/Connector->createPdoConnection('mysql:host=127....', 'root', Object(SensitiveParameterValue), Array)
#2 C:/Users/Namara saleem/Documents/Codex/2026-08-16/jh/ztams/vendor/laravel/framework/src/Illuminate/Database/Connectors/Connector.php(48): Illuminate/Database/Connectors/Connector->tryAgainIfCausedByLostConnection(Object(PDOException), 'mysql:host=127....', 'root', Object(SensitiveParameterValue), Array)
#3 C:/Users/Namara saleem/Documents/Codex/2026-08-16/jh/ztams/vendor/laravel/framework/src/Illuminate/Database/Connectors/MySqlConnector.php(24): Illuminate/Database/Connectors/Connector->createConnection('mysql:host=127....', Array, Array)
#4 C:/Users/Namara saleem/Documents/Codex/2026-08-16/jh/ztams/vendor/laravel/framework/src/Illuminate/Database/Connectors/ConnectionFactory.php(185): Illuminate/Database/Connectors/MySqlConnector->connect(Array)
#5 [internal function]: Illuminate/Database/Connectors/ConnectionFactory->Illuminate/Database/Connectors/{closure}()
#6 C:/Users/Namara saleem/Documents/Codex/2026-08-16/jh/ztams/vendor/laravel/framework/src/Illuminate/Database/Connection.php(1231): call_user_func(Object(Closure))
#7 C:/Users/Namara saleem/Documents/Codex/2026-08-16/jh/ztams/vendor/laravel/framework/src/Illuminate/Database/Connection.php(512): Illuminate/Database/Connection->getPdo()
#8 C:/Users/Namara saleem/Documents/Codex/2026-08-16/jh/ztams/vendor/laravel/framework/src/Illuminate/Database/Connection.php(407): Illuminate/Database/Connection->getPdoForSelect(false)
#9 C:/Users/Namara saleem/Documents/Codex/2026-08-16/jh/ztams/vendor/laravel/framework/src/Illuminate/Database/Connection.php(812): Illuminate/Database/Connection->Illuminate/Database/{closure}('select * from `...', Array)
#10 C:/Users/Namara saleem/Documents/Codex/2026-08-16/jh/ztams/vendor/laravel/framework/src/Illuminate/Database/Connection.php(979): Illuminate/Database/Connection->runQueryCallback('select * from `...', Array, Object(Closure))
#11 C:/Users/Namara saleem/Documents/Codex/2026-08-16/jh/ztams/vendor/laravel/framework/src/Illuminate/Database/Connection.php(958): Illuminate/Database/Connection->tryAgainIfCausedByLostConnection(Object(Illuminate/Database/QueryException), 'select * from `...', Array, Object(Closure))
#12 C:/Users/Namara saleem/Documents/Codex/2026-08-16/jh/ztams/vendor/laravel/framework/src/Illuminate/Database/Connection.php(781): Illuminate/Database/Connection->handleQueryException(Object(Illuminate/Database/QueryException), 'select * from `...', Array, Object(Closure))
#13 C:/Users/Namara saleem/Documents/Codex/2026-08-16/jh/ztams/vendor/laravel/framework/src/Illuminate/Database/Connection.php(398): Illuminate/Database/Connection->run('select * from `...', Array, Object(Closure))
#14 C:/Users/Namara saleem/Documents/Codex/2026-08-16/jh/ztams/vendor/laravel/framework/src/Illuminate/Database/Query/Builder.php(3106): Illuminate/Database/Connection->select('select * from `...', Array, false)
#15 C:/Users/Namara saleem/Documents/Codex/2026-08-16/jh/ztams/vendor/laravel/framework/src/Illuminate/Database/Query/Builder.php(3091): Illuminate/Database/Query/Builder->runSelect()
#16 C:/Users/Namara saleem/Documents/Codex/2026-08-16/jh/ztams/vendor/laravel/framework/src/Illuminate/Database/Query/Builder.php(3676): Illuminate/Database/Query/Builder->Illuminate/Database/Query/{closure}()
#17 C:/Users/Namara saleem/Documents/Codex/2026-08-16/jh/ztams/vendor/laravel/framework/src/Illuminate/Database/Query/Builder.php(3090): Illuminate/Database/Query/Builder->onceWithColumns(Array, Object(Closure))
#18 C:/Users/Namara saleem/Documents/Codex/2026-08-16/jh/ztams/vendor/laravel/framework/src/Illuminate/Database/Concerns/BuildsQueries.php(343): Illuminate/Database/Query/Builder->get(Array)
#19 C:/Users/Namara saleem/Documents/Codex/2026-08-16/jh/ztams/vendor/laravel/framework/src/Illuminate/Database/Query/Builder.php(3013): Illuminate/Database/Query/Builder->first(Array)
#20 C:/Users/Namara saleem/Documents/Codex/2026-08-16/jh/ztams/vendor/laravel/framework/src/Illuminate/Session/DatabaseSessionHandler.php(97): Illuminate/Database/Query/Builder->find('VIjRZvk2JZUB3uT...')
#21 C:/Users/Namara saleem/Documents/Codex/2026-08-16/jh/ztams/vendor/laravel/framework/src/Illuminate/Session/Store.php(117): Illuminate/Session/DatabaseSessionHandler->read('VIjRZvk2JZUB3uT...')
#22 C:/Users/Namara saleem/Documents/Codex/2026-08-16/jh/ztams/vendor/laravel/framework/src/Illuminate/Session/Store.php(105): Illuminate/Session/Store->readFromHandler()
#23 C:/Users/Namara saleem/Documents/Codex/2026-08-16/jh/ztams/vendor/laravel/framework/src/Illuminate/Session/Store.php(89): Illuminate/Session/Store->loadSession()
#24 C:/Users/Namara saleem/Documents/Codex/2026-08-16/jh/ztams/vendor/laravel/framework/src/Illuminate/Session/Middleware/StartSession.php(147): Illuminate/Session/Store->start()
#25 C:/Users/Namara saleem/Documents/Codex/2026-08-16/jh/ztams/vendor/laravel/framework/src/Illuminate/Support/helpers.php(399): Illuminate/Session/Middleware/StartSession->Illuminate/Session/Middleware/{closure}(Object(Illuminate/Session/Store))
#26 C:/Users/Namara saleem/Documents/Codex/2026-08-16/jh/ztams/vendor/laravel/framework/src/Illuminate/Session/Middleware/StartSession.php(144): tap(Object(Illuminate/Session/Store), Object(Closure))
#27 C:/Users/Namara saleem/Documents/Codex/2026-08-16/jh/ztams/vendor/laravel/framework/src/Illuminate/Session/Middleware/StartSession.php(116): Illuminate/Session/Middleware/StartSession->startSession(Object(Illuminate/Http/Request), Object(Illuminate/Session/Store))
#28 C:/Users/Namara saleem/Documents/Codex/2026-08-16/jh/ztams/vendor/laravel/framework/src/Illuminate/Session/Middleware/StartSession.php(64): Illuminate/Session/Middleware/StartSession->handleStatefulRequest(Object(Illuminate/Http/Request), Object(Illuminate/Session/Store), Object(Closure))
#29 C:/Users/Namara saleem/Documents/Codex/2026-08-16/jh/ztams/vendor/laravel/framework/src/Illuminate/Pipeline/Pipeline.php(209): Illuminate/Session/Middleware/StartSession->handle(Object(Illuminate/Http/Request), Object(Closure))
#30 C:/Users/Namara saleem/Documents/Codex/2026-08-16/jh/ztams/vendor/laravel/framework/src/Illuminate/Cookie/Middleware/AddQueuedCookiesToResponse.php(37): Illuminate/Pipeline/Pipeline->Illuminate/Pipeline/{closure}(Object(Illuminate/Http/Request))
#31 C:/Users/Namara saleem/Documents/Codex/2026-08-16/jh/ztams/vendor/laravel/framework/src/Illuminate/Pipeline/Pipeline.php(209): Illuminate/Cookie/Middleware/AddQueuedCookiesToResponse->handle(Object(Illuminate/Http/Request), Object(Closure))
#32 C:/Users/Namara saleem/Documents/Codex/2026-08-16/jh/ztams/vendor/laravel/framework/src/Illuminate/Cookie/Middleware/EncryptCookies.php(75): Illuminate/Pipeline/Pipeline->Illuminate/Pipeline/{closure}(Object(Illuminate/Http/Request))
#33 C:/Users/Namara saleem/Documents/Codex/2026-08-16/jh/ztams/vendor/laravel/framework/src/Illuminate/Pipeline/Pipeline.php(209): Illuminate/Cookie/Middleware/EncryptCookies->handle(Object(Illuminate/Http/Request), Object(Closure))
#34 C:/Users/Namara saleem/Documents/Codex/2026-08-16/jh/ztams/vendor/laravel/framework/src/Illuminate/Pipeline/Pipeline.php(127): Illuminate/Pipeline/Pipeline->Illuminate/Pipeline/{closure}(Object(Illuminate/Http/Request))
#35 C:/Users/Namara saleem/Documents/Codex/2026-08-16/jh/ztams/vendor/laravel/framework/src/Illuminate/Routing/Router.php(807): Illuminate/Pipeline/Pipeline->then(Object(Closure))
#36 C:/Users/Namara saleem/Documents/Codex/2026-08-16/jh/ztams/vendor/laravel/framework/src/Illuminate/Routing/Router.php(786): Illuminate/Routing/Router->runRouteWithinStack(Object(Illuminate/Routing/Route), Object(Illuminate/Http/Request))
#37 C:/Users/Namara saleem/Documents/Codex/2026-08-16/jh/ztams/vendor/laravel/framework/src/Illuminate/Routing/Router.php(750): Illuminate/Routing/Router->runRoute(Object(Illuminate/Http/Request), Object(Illuminate/Routing/Route))
#38 C:/Users/Namara saleem/Documents/Codex/2026-08-16/jh/ztams/vendor/laravel/framework/src/Illuminate/Routing/Router.php(739): Illuminate/Routing/Router->dispatchToRoute(Object(Illuminate/Http/Request))
#39 C:/Users/Namara saleem/Documents/Codex/2026-08-16/jh/ztams/vendor/laravel/framework/src/Illuminate/Foundation/Http/Kernel.php(201): Illuminate/Routing/Router->dispatch(Object(Illuminate/Http/Request))
#40 C:/Users/Namara saleem/Documents/Codex/2026-08-16/jh/ztams/vendor/laravel/framework/src/Illuminate/Pipeline/Pipeline.php(170): Illuminate/Foundation/Http/Kernel->Illuminate/Foundation/Http/{closure}(Object(Illuminate/Http/Request))
#41 C:/Users/Namara saleem/Documents/Codex/2026-08-16/jh/ztams/vendor/laravel/framework/src/Illuminate/Foundation/Http/Middleware/TransformsRequest.php(21): Illuminate/Pipeline/Pipeline->Illuminate/Pipeline/{closure}(Object(Illuminate/Http/Request))
#42 C:/Users/Namara saleem/Documents/Codex/2026-08-16/jh/ztams/vendor/laravel/framework/src/Illuminate/Foundation/Http/Middleware/ConvertEmptyStringsToNull.php(31): Illuminate/Foundation/Http/Middleware/TransformsRequest->handle(Object(Illuminate/Http/Request), Object(Closure))
#43 C:/Users/Namara saleem/Documents/Codex/2026-08-16/jh/ztams/vendor/laravel/framework/src/Illuminate/Pipeline/Pipeline.php(209): Illuminate/Foundation/Http/Middleware/ConvertEmptyStringsToNull->handle(Object(Illuminate/Http/Request), Object(Closure))
#44 C:/Users/Namara saleem/Documents/Codex/2026-08-16/jh/ztams/vendor/laravel/framework/src/Illuminate/Foundation/Http/Middleware/TransformsRequest.php(21): Illuminate/Pipeline/Pipeline->Illuminate/Pipeline/{closure}(Object(Illuminate/Http/Request))
#45 C:/Users/Namara saleem/Documents/Codex/2026-08-16/jh/ztams/vendor/laravel/framework/src/Illuminate/Foundation/Http/Middleware/TrimStrings.php(51): Illuminate/Foundation/Http/Middleware/TransformsRequest->handle(Object(Illuminate/Http/Request), Object(Closure))
#46 C:/Users/Namara saleem/Documents/Codex/2026-08-16/jh/ztams/vendor/laravel/framework/src/Illuminate/Pipeline/Pipeline.php(209): Illuminate/Foundation/Http/Middleware/TrimStrings->handle(Object(Illuminate/Http/Request), Object(Closure))
#47 C:/Users/Namara saleem/Documents/Codex/2026-08-16/jh/ztams/vendor/laravel/framework/src/Illuminate/Http/Middleware/ValidatePostSize.php(27): Illuminate/Pipeline/Pipeline->Illuminate/Pipeline/{closure}(Object(Illuminate/Http/Request))
#48 C:/Users/Namara saleem/Documents/Codex/2026-08-16/jh/ztams/vendor/laravel/framework/src/Illuminate/Pipeline/Pipeline.php(209): Illuminate/Http/Middleware/ValidatePostSize->handle(Object(Illuminate/Http/Request), Object(Closure))
#49 C:/Users/Namara saleem/Documents/Codex/2026-08-16/jh/ztams/vendor/laravel/framework/src/Illuminate/Foundation/Http/Middleware/PreventRequestsDuringMaintenance.php(110): Illuminate/Pipeline/Pipeline->Illuminate/Pipeline/{closure}(Object(Illuminate/Http/Request))
#50 C:/Users/Namara saleem/Documents/Codex/2026-08-16/jh/ztams/vendor/laravel/framework/src/Illuminate/Pipeline/Pipeline.php(209): Illuminate/Foundation/Http/Middleware/PreventRequestsDuringMaintenance->handle(Object(Illuminate/Http/Request), Object(Closure))
#51 C:/Users/Namara saleem/Documents/Codex/2026-08-16/jh/ztams/vendor/laravel/framework/src/Illuminate/Http/Middleware/HandleCors.php(49): Illuminate/Pipeline/Pipeline->Illuminate/Pipeline/{closure}(Object(Illuminate/Http/Request))
#52 C:/Users/Namara saleem/Documents/Codex/2026-08-16/jh/ztams/vendor/laravel/framework/src/Illuminate/Pipeline/Pipeline.php(209): Illuminate/Http/Middleware/HandleCors->handle(Object(Illuminate/Http/Request), Object(Closure))
#53 C:/Users/Namara saleem/Documents/Codex/2026-08-16/jh/ztams/vendor/laravel/framework/src/Illuminate/Http/Middleware/TrustProxies.php(58): Illuminate/Pipeline/Pipeline->Illuminate/Pipeline/{closure}(Object(Illuminate/Http/Request))
#54 C:/Users/Namara saleem/Documents/Codex/2026-08-16/jh/ztams/vendor/laravel/framework/src/Illuminate/Pipeline/Pipeline.php(209): Illuminate/Http/Middleware/TrustProxies->handle(Object(Illuminate/Http/Request), Object(Closure))
#55 C:/Users/Namara saleem/Documents/Codex/2026-08-16/jh/ztams/vendor/laravel/framework/src/Illuminate/Foundation/Http/Middleware/InvokeDeferredCallbacks.php(22): Illuminate/Pipeline/Pipeline->Illuminate/Pipeline/{closure}(Object(Illuminate/Http/Request))
#56 C:/Users/Namara saleem/Documents/Codex/2026-08-16/jh/ztams/vendor/laravel/framework/src/Illuminate/Pipeline/Pipeline.php(209): Illuminate/Foundation/Http/Middleware/InvokeDeferredCallbacks->handle(Object(Illuminate/Http/Request), Object(Closure))
#57 C:/Users/Namara saleem/Documents/Codex/2026-08-16/jh/ztams/vendor/laravel/framework/src/Illuminate/Pipeline/Pipeline.php(127): Illuminate/Pipeline/Pipeline->Illuminate/Pipeline/{closure}(Object(Illuminate/Http/Request))
#58 C:/Users/Namara saleem/Documents/Codex/2026-08-16/jh/ztams/vendor/laravel/framework/src/Illuminate/Foundation/Http/Kernel.php(176): Illuminate/Pipeline/Pipeline->then(Object(Closure))
#59 C:/Users/Namara saleem/Documents/Codex/2026-08-16/jh/ztams/vendor/laravel/framework/src/Illuminate/Foundation/Http/Kernel.php(145): Illuminate/Foundation/Http/Kernel->sendRequestThroughRouter(Object(Illuminate/Http/Request))
#60 C:/Users/Namara saleem/Documents/Codex/2026-08-16/jh/ztams/vendor/laravel/framework/src/Illuminate/Foundation/Application.php(1220): Illuminate/Foundation/Http/Kernel->handle(Object(Illuminate/Http/Request))
#61 C:/Users/Namara saleem/Documents/Codex/2026-08-16/jh/ztams/public/index.php(17): Illuminate/Foundation/Application->handleRequest(Object(Illuminate/Http/Request))
#62 C:/Users/Namara saleem/Documents/Codex/2026-08-16/jh/ztams/vendor/laravel/framework/src/Illuminate/Foundation/resources/server.php(23): require_once('C://Users//Namara...')
#63 {main}
"} 
